ticker,date,open,high,low,close,volume
SWIM,2026-03-03,6.34,6.59,6.11,6.44,1351700
SWIM,2026-03-04,7.94,8.966,7.17,7.2,4109300
SWIM,2026-03-05,7.07,7.26,6.42,6.46,1526800
SWIM,2026-03-06,6.24,6.42,6.11,6.3,1723500
SWIM,2026-03-09,6.13,6.38,6.09,6.31,1008500
SWIM,2026-03-10,6.3,6.52,6.24,6.35,858500
SWIM,2026-03-11,6.35,6.46,6.28,6.38,618400
SWIM,2026-03-12,6.38,6.41,6.09,6.13,944100
SWIM,2026-03-13,6.15,6.18,5.84,6.02,929400
SWIM,2026-03-16,6.11,6.27,5.902,6.12,767000
SWIM,2026-03-17,6.16,6.27,6.03,6.07,974200
SWIM,2026-03-18,6.01,6.06,5.76,5.76,1058400
SWIM,2026-03-19,5.74,5.77,5.43,5.51,1542900
SWIM,2026-03-20,5.52,5.6,5.38,5.55,1377500
SWIM,2026-03-23,5.79,5.94,5.68,5.78,977700
SWIM,2026-03-24,5.69,5.835,5.63,5.74,764900
SWIM,2026-03-25,5.84,5.905,5.575,5.62,1095500
SWIM,2026-03-26,5.54,5.71,5.455,5.49,408900
SWIM,2026-03-27,5.43,5.48,5.29,5.29,619500
SWIM,2026-03-30,5.31,5.355,5.16,5.17,464100
SWIM,2026-03-31,5.27,5.445,5.185,5.37,1335700
SWIM,2026-04-01,5.45,5.515,5.36,5.36,666100
SWIM,2026-04-02,5.2,5.28,5.04,5.19,442700
SWIM,2026-04-06,5.14,5.295,5.05,5.28,415400
SWIM,2026-04-07,5.27,5.27,5.115,5.17,582100
SWIM,2026-04-08,5.48,5.78,5.48,5.67,831600
SWIM,2026-04-09,5.59,5.825,5.545,5.81,386400
SWIM,2026-04-10,5.8,5.8,5.58,5.75,422500
SWIM,2026-04-13,5.66,5.78,5.58,5.76,312100
SWIM,2026-04-14,5.78,5.93,5.745,5.92,363100
SWIM,2026-04-15,5.9,6.13,5.9,6.03,829800
SWIM,2026-04-16,6.01,6.115,5.99,6.03,513600
SWIM,2026-04-17,6.24,6.575,6.19,6.34,432700
SWIM,2026-04-20,6.22,6.27,6.105,6.18,392900
SWIM,2026-04-21,6.19,6.26,5.915,5.95,407800
SWIM,2026-04-22,6.03,6.03,5.92,6.01,298200
SWIM,2026-04-23,6.01,6.155,5.955,6.02,437900
SWIM,2026-04-24,6.0,6.04,5.94,6.01,224800
SWIM,2026-04-27,6.0,6.18,5.92,5.98,531500
SWIM,2026-04-28,5.95,6.04,5.895,5.94,324200
SWIM,2026-04-29,5.91,5.92,5.73,5.84,765200
SWIM,2026-04-30,5.82,6.09,5.805,6.07,487800
SWIM,2026-05-01,6.12,6.14,5.92,5.94,412600
SWIM,2026-05-04,5.87,5.87,5.655,5.8,646800
SWIM,2026-05-05,5.84,5.97,5.785,5.86,620900
SWIM,2026-05-06,5.46,6.0,5.46,5.81,1423800
SWIM,2026-05-07,5.88,5.98,5.65,5.75,1030800
SWIM,2026-05-08,5.77,5.84,5.26,5.5,1521300
SWIM,2026-05-11,5.49,5.495,5.26,5.37,899300
SWIM,2026-05-12,5.34,5.36,5.01,5.01,1164100
SWIM,2026-05-13,5.0,5.085,4.64,4.8,956700
SWIM,2026-05-14,4.83,4.98,4.76,4.91,772200
SWIM,2026-05-15,4.81,4.92,4.68,4.76,845600
SWIM,2026-05-18,4.77,4.935,4.73,4.84,498000
SWIM,2026-05-19,4.81,4.865,4.725,4.78,801900
SWIM,2026-05-20,4.8,4.968,4.71,4.89,797100
SWIM,2026-05-21,5.23,5.285,4.91,5.16,1122500
SWIM,2026-05-22,5.17,5.27,5.17,5.22,566300
SWIM,2026-05-26,5.25,5.395,5.25,5.35,394600
SWIM,2026-05-27,5.42,5.725,5.405,5.58,996600
SWIM,2026-05-28,5.53,5.53,5.41,5.43,384300
SWIM,2026-05-29,5.4,5.485,5.27,5.28,920800
SWIM,2026-06-01,5.24,5.345,5.1,5.32,584800
SWIM,2026-06-02,5.29,5.4,5.245,5.32,446200
SWIM,2026-06-03,5.24,5.375,5.24,5.28,824000
SWIM,2026-06-04,5.31,5.495,5.31,5.44,530000
SWIM,2026-06-05,5.41,5.53,5.23,5.28,1309800
SWIM,2026-06-08,5.29,5.47,5.29,5.38,450200
SWIM,2026-06-09,5.42,5.72,5.42,5.6,756400
SWIM,2026-06-10,5.59,5.61,5.33,5.33,638200
SWIM,2026-06-11,5.35,5.72,5.33,5.69,828300
SWIM,2026-06-12,5.73,5.81,5.6,5.6,515400
SWIM,2026-06-15,5.72,5.86,5.435,5.45,1319000
SWIM,2026-06-16,5.51,5.655,5.425,5.46,1358000
SWIM,2026-06-17,5.51,5.655,5.4,5.62,1620800
SWIM,2026-06-18,5.72,5.936,5.71,5.82,1071800
SWIM,2026-06-22,5.78,5.805,5.68,5.76,484000
SWIM,2026-06-23,5.7,5.885,5.695,5.88,659600
SWIM,2026-06-24,5.92,6.22,5.905,6.05,753300
SWIM,2026-06-25,6.05,6.355,6.05,6.34,636400
SWIM,2026-06-26,6.33,6.48,6.31,6.41,2322100
SWIM,2026-06-29,6.4,6.42,6.27,6.39,616500
SWIM,2026-06-30,6.39,6.53,6.3,6.47,1391400
SWIM,2026-07-01,6.46,6.625,6.37,6.49,455400
SWIM,2026-07-02,6.5,6.71,6.025,6.14,1023600
SWIM,2026-07-06,6.15,6.3,6.03,6.2,530000
SWIM,2026-07-07,6.2,6.26,5.86,5.91,896100
SWIM,2026-07-08,5.84,5.905,5.72,5.88,725400
SWIM,2026-07-09,5.91,6.125,5.8,5.99,346500
SWIM,2026-07-10,6.0,6.245,6.0,6.15,474300
SWIM,2026-07-13,6.15,6.22,5.835,5.92,633300
SWIM,2026-07-14,5.93,6.115,5.9,6.06,711500
SWIM,2026-07-15,6.02,6.15,5.73,5.88,914800
SWIM,2026-07-16,5.88,6.165,5.875,6.06,573600
SWIM,2026-07-17,5.96,6.18,5.8,5.89,787400
SWIM,2026-07-20,5.9,6.15,5.9,6.11,576300
SWIM,2026-07-21,6.13,6.203,5.77,5.84,851800
SWIM,2026-07-22,5.87,5.9,5.765,5.84,590300
SWIM,2026-07-23,5.73,5.815,5.49,5.5,687300
SWIM,2026-07-24,5.505,5.59,5.486,5.5,425900
SWIM,2026-07-27,5.55,5.716,5.53,5.63,439400
SWIM,2026-07-28,5.7,5.805,5.645,5.73,351700
SWIM,2026-07-29,5.69,5.69,5.49,5.62,521500
SWIM,2026-07-30,5.65,5.65,5.35,5.38,557800
SWIM,2026-07-31,5.46,5.46,5.29,5.36,506700
SWIM,2026-08-03,5.44,5.69,5.44,5.64,603300
SWIM,2026-08-04,5.67,5.805,5.63,5.7,1012500
SWIM,2026-08-05,6.97,7.42,6.41,7.3,3707800
SWIM,2026-08-06,7.29,7.375,7.04,7.22,1651500
SWIM,2026-08-07,7.2,7.6,7.2,7.48,1544200
SWIM,2026-08-10,7.36,7.45,7.11,7.31,784900
SWIM,2026-08-11,7.33,7.595,7.19,7.59,1115500
SWIM,2026-08-12,7.55,7.865,7.53,7.83,1581800
SWIM,2026-08-13,7.53,7.83,7.39,7.56,996500
SWIM,2026-08-14,7.54,7.54,7.305,7.32,526400
SWIM,2026-08-17,7.13,7.24,7.03,7.13,571100
SWIM,2026-08-18,7.15,7.15,6.83,6.99,750200
SWIM,2026-08-19,7.1,7.225,7.065,7.19,578000
SWIM,2026-08-20,7.03,7.14,6.85,7.09,567600
SWIM,2026-08-21,7.15,7.27,6.97,7.03,392100
SWIM,2026-08-24,7.11,7.17,6.98,7.0,761200
SWIM,2026-08-25,7.01,7.14,6.82,7.14,692100
SWIM,2026-08-26,7.16,7.305,7.04,7.12,693900
SWIM,2026-08-27,7.03,7.25,6.97,6.98,459300
SWIM,2026-08-28,6.98,7.12,6.81,7.08,582600
SWIM,2026-08-31,7.02,7.105,6.32,7.07,975700
SWIM,2026-09-01,6.97,7.05,6.845,6.875,947100
SWIM,2026-09-02,6.9,7.01,6.655,6.87,1388200
SWIM,2026-09-03,6.92,6.97,6.75,6.91,650600
SWIM,2026-09-04,6.92,7.14,6.89,7.1,838600
SSMR,2026-06-04,15.0,17.15,14.0,17.15,2380800
SSMR,2026-06-05,15.41,15.41,13.75,14.0,1062200
SSMR,2026-06-08,14.34,14.97,14.0,14.79,534300
SSMR,2026-06-09,14.79,15.45,14.29,14.5,437500
SSMR,2026-06-10,14.25,14.5,13.8,13.96,428900
SSMR,2026-06-11,13.79,14.63,13.79,14.63,199800
SSMR,2026-06-12,14.83,15.07,14.35,15.0,179700
SSMR,2026-06-15,15.32,15.83,14.91,15.03,146500
SSMR,2026-06-16,15.05,15.63,14.42,14.62,203800
SSMR,2026-06-17,14.64,14.8,13.8,13.99,349100
SSMR,2026-06-18,14.08,14.09,12.91,13.69,264000
SSMR,2026-06-22,13.55,14.08,13.03,13.88,120300
SSMR,2026-06-23,13.73,13.88,13.02,13.1,126400
SSMR,2026-06-24,13.0,13.0,12.56,12.77,216900
SSMR,2026-06-25,12.9,13.5,12.69,13.29,67000
SSMR,2026-06-26,13.28,14.03,12.96,13.42,135500
SSMR,2026-06-29,13.6,13.78,13.2,13.42,53600
SSMR,2026-06-30,13.35,13.91,13.13,13.22,177300
SSMR,2026-07-01,13.52,14.64,13.35,13.66,185600
SSMR,2026-07-02,13.64,14.88,13.61,14.59,204800
SSMR,2026-07-06,14.57,14.87,14.23,14.5,165300
SSMR,2026-07-07,14.42,14.99,13.22,13.74,235500
SSMR,2026-07-08,13.49,13.61,12.52,12.53,169500
SSMR,2026-07-09,12.63,13.81,12.58,12.9,230700
SSMR,2026-07-10,12.82,13.38,12.51,13.09,70600
SSMR,2026-07-13,13.19,13.8,12.98,13.16,69400
SSMR,2026-07-14,13.2,13.25,12.95,12.96,55700
SSMR,2026-07-15,13.05,13.5,12.92,13.24,143400
SSMR,2026-07-16,13.0,13.27,12.93,13.18,74500
SSMR,2026-07-17,13.24,13.29,12.9,12.97,56300
SSMR,2026-07-20,13.22,13.27,12.91,13.22,42600
SSMR,2026-07-21,13.43,14.25,13.18,14.16,54400
SSMR,2026-07-22,14.18,15.2,13.66,14.96,281900
SSMR,2026-07-23,15.03,15.07,14.09,14.36,104400
SSMR,2026-07-24,14.31,14.92,14.06,14.39,361200
SSMR,2026-07-27,14.48,15.19,14.1,14.98,143300
SSMR,2026-07-28,15.0,15.0,13.37,13.97,133100
SSMR,2026-07-29,13.87,14.09,13.1,13.62,171600
SSMR,2026-07-30,13.54,14.28,13.18,14.25,183800
SSMR,2026-07-31,14.36,14.48,13.43,14.37,97100
SSMR,2026-08-03,14.57,15.09,14.27,14.83,70100
SSMR,2026-08-04,15.0,15.2,14.42,14.64,102500
SSMR,2026-08-05,14.95,16.37,14.95,16.12,309300
SSMR,2026-08-06,15.81,16.67,14.8,15.43,146200
SSMR,2026-08-07,15.81,16.7,15.6,16.07,411300
SSMR,2026-08-10,16.23,16.92,16.19,16.83,315900
SSMR,2026-08-11,17.06,17.45,16.77,17.0,114600
SSMR,2026-08-12,17.2,17.4,16.75,17.3,196500
SSMR,2026-08-13,16.57,16.9,15.84,16.24,328700
SSMR,2026-08-14,16.24,16.44,15.48,16.06,210200
SSMR,2026-08-17,15.9,16.55,15.66,16.0,309800
SSMR,2026-08-18,16.13,16.14,15.5,15.94,158600
SSMR,2026-08-19,16.24,17.44,15.91,17.1,226700
SSMR,2026-08-20,16.94,17.5,16.46,17.45,155400
SSMR,2026-08-21,17.53,19.37,17.5,18.64,541300
SSMR,2026-08-24,18.8,19.33,18.18,18.94,355100
SSMR,2026-08-25,18.94,19.61,18.41,18.6,283800
SSMR,2026-08-26,18.27,19.26,18.02,18.34,184100
SSMR,2026-08-27,18.11,19.36,18.02,18.81,126100
SSMR,2026-08-28,19.06,19.56,17.95,18.15,234700
SSMR,2026-08-31,18.23,18.54,17.22,17.53,279500
SSMR,2026-09-01,17.11,17.55,16.48,16.79,208700
SSMR,2026-09-02,17.12,18.21,17.0,17.82,302700
SSMR,2026-09-03,18.26,18.61,17.55,17.85,290500
SSMR,2026-09-04,17.43,17.81,17.26,17.45,208500
APPN,2026-03-03,25.94,27.42,25.85,26.9,952100
APPN,2026-03-04,26.4,27.1,26.375,26.82,893400
APPN,2026-03-05,26.73,27.5,26.45,26.99,840600
APPN,2026-03-06,26.7,26.93,26.25,26.62,636300
APPN,2026-03-09,26.24,26.77,25.82,26.57,710500
APPN,2026-03-10,26.54,26.57,25.39,25.74,525600
APPN,2026-03-11,25.95,26.44,25.15,25.53,515100
APPN,2026-03-12,25.32,26.03,25.04,25.15,523300
APPN,2026-03-13,25.18,26.03,25.13,25.59,1076300
APPN,2026-03-16,25.63,26.12,25.34,25.65,603500
APPN,2026-03-17,25.69,26.885,25.26,25.48,557700
APPN,2026-03-18,25.18,25.515,25.0,25.2,613900
APPN,2026-03-19,24.702,26.16,24.702,25.87,709800
APPN,2026-03-20,25.47,25.75,25.01,25.32,1043300
APPN,2026-03-23,25.5,26.24,25.27,25.98,791000
APPN,2026-03-24,25.58,25.695,24.31,24.33,531900
APPN,2026-03-25,24.82,24.91,23.6,23.94,479400
APPN,2026-03-26,23.74,24.45,23.7,24.0,471000
APPN,2026-03-27,23.895,23.895,23.0,23.18,376200
APPN,2026-03-30,23.31,24.02,23.125,23.82,474600
APPN,2026-03-31,24.07,24.23,23.625,24.11,476800
APPN,2026-04-01,24.22,24.26,23.4,24.05,318000
APPN,2026-04-02,23.57,24.48,23.33,24.47,395400
APPN,2026-04-06,24.47,24.675,23.85,24.54,327000
APPN,2026-04-07,24.24,24.71,24.01,24.42,563700
APPN,2026-04-08,25.04,25.22,22.92,23.11,856100
APPN,2026-04-09,22.82,22.845,20.85,21.34,963700
APPN,2026-04-10,21.01,21.055,19.89,20.22,1317000
APPN,2026-04-13,20.17,21.35,20.04,21.2,1409700
APPN,2026-04-14,21.36,21.71,20.5,20.7,926600
APPN,2026-04-15,20.92,21.5,20.81,21.41,942400
APPN,2026-04-16,21.85,22.08,20.948,21.11,667100
APPN,2026-04-17,21.87,22.2,21.12,21.56,688700
APPN,2026-04-20,21.46,22.38,21.41,21.74,641500
APPN,2026-04-21,21.81,22.5,21.03,21.06,658900
APPN,2026-04-22,21.19,21.86,21.07,21.86,584400
APPN,2026-04-23,21.66,22.78,20.93,21.6,1984000
APPN,2026-04-24,21.61,22.355,21.09,22.145,1071700
APPN,2026-04-27,22.15,22.775,21.74,21.96,756600
APPN,2026-04-28,22.33,22.78,21.58,21.79,703600
APPN,2026-04-29,21.76,21.97,21.36,21.72,505300
APPN,2026-04-30,20.83,21.06,19.79,20.79,2948000
APPN,2026-05-01,21.56,22.89,21.38,22.54,1021400
APPN,2026-05-04,22.7,23.27,22.42,22.58,631900
APPN,2026-05-05,22.54,22.82,21.76,22.72,688000
APPN,2026-05-06,22.28,23.289,21.73,23.18,1374700
APPN,2026-05-07,23.64,24.48,22.43,23.76,2206800
APPN,2026-05-08,23.325,23.36,21.485,21.92,1113100
APPN,2026-05-11,21.675,22.04,20.2,20.53,975500
APPN,2026-05-12,20.685,20.93,20.22,20.52,876900
APPN,2026-05-13,19.94,20.05,18.68,18.72,1133800
APPN,2026-05-14,18.99,19.605,18.63,19.22,1070600
APPN,2026-05-15,19.26,19.99,19.03,19.53,1092400
APPN,2026-05-18,19.32,21.12,19.32,21.1,1176400
APPN,2026-05-19,21.62,22.33,21.3,21.71,964000
APPN,2026-05-20,21.067,21.55,20.316,21.34,626700
APPN,2026-05-21,20.87,21.18,20.49,21.14,707600
APPN,2026-05-22,21.17,21.8,21.15,21.37,604800
APPN,2026-05-26,21.0,22.32,20.8,21.67,714200
APPN,2026-05-27,21.31,22.04,21.25,21.64,542000
APPN,2026-05-28,21.94,22.64,21.79,22.04,757700
APPN,2026-05-29,22.3,23.52,21.87,23.4,740100
APPN,2026-06-01,24.04,27.77,23.97,27.77,2249100
APPN,2026-06-02,26.21,27.19,25.28,26.69,1938300
APPN,2026-06-03,26.42,26.42,23.645,24.07,2636800
APPN,2026-06-04,24.47,25.48,24.13,24.57,931500
APPN,2026-06-05,24.59,25.33,24.48,24.73,1171200
APPN,2026-06-08,25.26,25.26,23.815,24.43,745900
APPN,2026-06-09,23.96,25.09,23.46,24.05,677900
APPN,2026-06-10,23.49,24.18,22.74,23.44,590400
APPN,2026-06-11,22.95,24.065,22.4,23.64,791300
APPN,2026-06-12,24.205,24.44,22.95,24.01,658000
APPN,2026-06-15,24.08,24.405,22.72,23.27,1108400
APPN,2026-06-16,23.27,23.88,22.72,22.8,545600
APPN,2026-06-17,22.38,22.88,21.535,21.56,563600
APPN,2026-06-18,21.43,21.43,20.54,20.95,1732000
APPN,2026-06-22,20.44,21.04,19.47,19.87,853500
APPN,2026-06-23,20.21,20.89,19.915,20.51,928800
APPN,2026-06-24,20.44,21.8,20.38,20.83,779400
APPN,2026-06-25,20.5,21.165,20.24,20.63,732100
APPN,2026-06-26,20.86,22.19,20.85,21.97,1329400
APPN,2026-06-29,22.34,22.825,22.06,22.48,935400
APPN,2026-06-30,22.25,23.58,22.22,22.9,1319200
APPN,2026-07-01,23.8,24.26,23.26,23.76,535400
APPN,2026-07-02,23.8,24.65,23.8,24.4,728500
APPN,2026-07-06,24.38,24.78,23.66,24.38,468400
APPN,2026-07-07,25.0,25.26,23.84,24.68,714600
APPN,2026-07-08,24.17,24.41,23.89,24.27,479000
APPN,2026-07-09,23.43,25.27,23.285,25.24,709700
APPN,2026-07-10,25.58,26.25,25.11,25.36,669300
APPN,2026-07-13,25.4,26.81,25.4,26.05,1020200
APPN,2026-07-14,24.8,25.85,24.51,25.18,552500
APPN,2026-07-15,25.43,26.0,25.16,25.33,622800
APPN,2026-07-16,25.63,26.4,25.0,26.21,519000
APPN,2026-07-17,25.68,26.65,25.68,26.11,553300
APPN,2026-07-20,25.59,26.465,25.425,26.03,580700
APPN,2026-07-21,25.45,26.05,25.0,25.35,661800
APPN,2026-07-22,24.83,25.0,22.09,22.64,1673300
APPN,2026-07-23,22.81,23.17,21.94,21.96,930400
APPN,2026-07-24,22.76,23.76,22.39,23.75,863500
APPN,2026-07-27,24.56,26.29,24.24,25.55,813100
APPN,2026-07-28,25.97,27.69,25.77,27.35,836200
APPN,2026-07-29,27.22,29.25,27.22,28.74,1192000
APPN,2026-07-30,27.86,27.87,25.83,26.48,1078700
APPN,2026-07-31,26.0,27.2,25.97,26.96,621600
APPN,2026-08-03,27.86,28.52,27.22,27.71,771900
APPN,2026-08-04,27.225,28.48,27.16,28.45,805400
APPN,2026-08-05,28.56,30.308,27.9,29.96,1248000
APPN,2026-08-06,30.21,30.55,25.855,30.41,1732000
APPN,2026-08-07,31.6,35.61,31.26,34.64,1490500
APPN,2026-08-10,33.6,35.638,33.6,35.58,789500
APPN,2026-08-11,35.38,36.92,35.011,35.51,567700
APPN,2026-08-12,34.15,35.21,34.04,34.82,819300
APPN,2026-08-13,34.82,37.134,33.85,37.01,742600
APPN,2026-08-14,37.29,37.66,35.31,35.41,536200
APPN,2026-08-17,34.905,35.49,34.3,34.91,561700
APPN,2026-08-18,35.27,36.94,34.88,36.43,641400
APPN,2026-08-19,36.43,38.17,36.205,37.53,496400
APPN,2026-08-20,37.25,37.83,36.92,37.28,467600
APPN,2026-08-21,37.3,38.46,36.94,38.3,520200
APPN,2026-08-24,38.3,39.6,38.05,39.17,992600
APPN,2026-08-25,38.55,39.76,37.73,39.58,1003100
APPN,2026-08-26,38.7,40.1,38.125,38.45,1319800
APPN,2026-08-27,38.82,41.66,38.73,41.4,819400
APPN,2026-08-28,41.38,43.15,41.335,42.51,1115800
APPN,2026-08-31,41.62,44.06,41.62,42.95,925500
APPN,2026-09-01,42.07,42.545,39.7,40.39,760500
APPN,2026-09-02,40.32,40.93,39.49,39.89,641000
APPN,2026-09-03,40.99,41.79,40.38,40.82,639900
APPN,2026-09-04,40.08,40.4,38.285,38.37,1087400
QNST,2026-03-03,11.36,11.88,11.28,11.73,777200
QNST,2026-03-04,11.79,11.99,11.6,11.88,685000
QNST,2026-03-05,11.93,12.62,11.78,12.52,851200
QNST,2026-03-06,12.26,12.47,12.0,12.18,716600
QNST,2026-03-09,12.01,12.01,11.63,11.96,750100
QNST,2026-03-10,11.86,11.86,11.44,11.63,788600
QNST,2026-03-11,11.62,11.84,11.5,11.83,551800
QNST,2026-03-12,11.88,12.3,11.88,12.18,1274000
QNST,2026-03-13,12.11,12.47,12.01,12.44,1107200
QNST,2026-03-16,12.44,12.59,11.86,11.93,903200
QNST,2026-03-17,12.14,12.59,12.06,12.15,930600
QNST,2026-03-18,12.08,12.22,11.92,11.95,658800
QNST,2026-03-19,11.83,12.17,11.63,12.01,632700
QNST,2026-03-20,12.1,12.1,11.44,11.57,1475300
QNST,2026-03-23,11.7,12.09,11.62,12.03,659100
QNST,2026-03-24,11.94,12.05,11.75,11.92,542400
QNST,2026-03-25,12.06,12.31,11.9,12.3,913000
QNST,2026-03-26,12.22,12.53,12.11,12.11,593800
QNST,2026-03-27,11.93,12.1,11.77,11.84,697200
QNST,2026-03-30,11.92,12.23,11.92,12.19,674200
QNST,2026-03-31,12.32,12.44,11.94,12.01,678900
QNST,2026-04-01,11.98,12.27,11.82,11.99,618200
QNST,2026-04-02,11.81,12.29,11.71,12.1,447800
QNST,2026-04-06,12.09,12.26,12.0,12.11,312500
QNST,2026-04-07,12.1,12.31,12.02,12.19,516300
QNST,2026-04-08,12.46,12.56,12.27,12.35,612600
QNST,2026-04-09,12.27,12.36,11.74,12.08,634800
QNST,2026-04-10,12.13,12.13,11.76,11.98,509300
QNST,2026-04-13,11.97,12.08,11.82,11.99,643700
QNST,2026-04-14,12.03,12.28,11.98,12.17,601500
QNST,2026-04-15,12.31,12.63,12.28,12.4,641100
QNST,2026-04-16,12.57,12.75,12.42,12.6,1111200
QNST,2026-04-17,12.77,12.91,12.66,12.75,831100
QNST,2026-04-20,12.75,13.15,12.73,13.08,693600
QNST,2026-04-21,13.16,13.49,13.04,13.08,699400
QNST,2026-04-22,13.15,13.27,12.97,13.25,571200
QNST,2026-04-23,13.23,13.23,12.17,12.57,895600
QNST,2026-04-24,12.59,13.05,12.49,13.03,659200
QNST,2026-04-27,12.98,13.37,12.76,13.16,512600
QNST,2026-04-28,13.28,13.42,13.15,13.26,521400
QNST,2026-04-29,13.17,13.27,12.92,12.96,447100
QNST,2026-04-30,12.83,12.96,12.56,12.76,627700
QNST,2026-05-01,12.91,13.23,12.6,13.04,716100
QNST,2026-05-04,13.02,13.22,12.62,12.74,735300
QNST,2026-05-05,12.9,13.85,12.88,13.83,1488200
QNST,2026-05-06,13.63,13.68,13.0,13.02,719400
QNST,2026-05-07,13.06,13.7,13.06,13.36,848900
QNST,2026-05-08,12.63,13.46,12.01,13.21,1585100
QNST,2026-05-11,13.1,13.17,12.58,12.74,940400
QNST,2026-05-12,12.77,12.83,11.88,11.94,1095200
QNST,2026-05-13,11.74,11.89,11.15,11.55,1736000
QNST,2026-05-14,11.72,11.72,10.91,11.15,1360400
QNST,2026-05-15,11.13,11.31,10.91,11.28,1312800
QNST,2026-05-18,11.26,11.63,11.19,11.38,866900
QNST,2026-05-19,11.41,11.54,11.2,11.34,647800
QNST,2026-05-20,11.15,12.03,11.02,11.99,1158100
QNST,2026-05-21,11.81,12.11,11.57,12.0,1136800
QNST,2026-05-22,11.96,12.42,11.96,12.29,1000900
QNST,2026-05-26,12.16,12.24,11.99,12.21,826200
QNST,2026-05-27,12.21,12.57,12.21,12.28,933700
QNST,2026-05-28,12.32,12.71,12.23,12.43,745400
QNST,2026-05-29,12.44,12.76,12.14,12.52,1135100
QNST,2026-06-01,12.59,12.67,12.32,12.61,929400
QNST,2026-06-02,12.59,12.6,12.06,12.14,645200
QNST,2026-06-03,12.03,12.04,11.35,11.39,673100
QNST,2026-06-04,11.61,12.05,11.61,11.86,568100
QNST,2026-06-05,12.02,12.27,11.92,11.95,702000
QNST,2026-06-08,11.86,11.96,11.57,11.86,575000
QNST,2026-06-09,11.8,12.31,11.8,12.08,608800
QNST,2026-06-10,12.06,12.69,12.01,12.31,614800
QNST,2026-06-11,12.2,12.42,11.78,12.19,710200
QNST,2026-06-12,12.25,12.48,12.03,12.34,491000
QNST,2026-06-15,12.19,12.47,12.11,12.46,573000
QNST,2026-06-16,12.51,12.98,12.48,12.95,728800
QNST,2026-06-17,12.84,13.07,12.73,12.77,662100
QNST,2026-06-18,12.82,13.15,12.63,13.06,891100
QNST,2026-06-22,12.86,13.12,12.77,12.99,643300
QNST,2026-06-23,12.91,13.4,12.91,13.16,453600
QNST,2026-06-24,13.23,13.58,13.15,13.26,483200
QNST,2026-06-25,13.02,13.35,12.99,13.32,585700
QNST,2026-06-26,13.34,14.28,13.28,14.14,1767100
QNST,2026-06-29,14.11,14.76,13.97,14.55,1054200
QNST,2026-06-30,14.46,14.84,14.46,14.65,507500
QNST,2026-07-01,14.87,15.48,14.82,15.32,770200
QNST,2026-07-02,15.26,15.9,15.22,15.82,653300
QNST,2026-07-06,15.79,16.49,15.67,16.39,605200
QNST,2026-07-07,16.65,16.84,16.24,16.27,749600
QNST,2026-07-08,16.13,16.37,16.06,16.34,572300
QNST,2026-07-09,16.0,16.85,15.89,16.84,645200
QNST,2026-07-10,16.84,17.22,16.68,16.79,558100
QNST,2026-07-13,16.86,17.68,16.54,17.61,636200
QNST,2026-07-14,17.39,17.86,17.09,17.72,629400
QNST,2026-07-15,17.71,18.02,17.51,17.55,674100
QNST,2026-07-16,17.55,17.9,17.15,17.31,693800
QNST,2026-07-17,17.08,17.31,16.64,16.78,814900
QNST,2026-07-20,16.78,17.31,16.53,17.12,667400
QNST,2026-07-21,17.04,17.13,16.07,16.24,800100
QNST,2026-07-22,16.23,16.31,15.51,15.63,853600
QNST,2026-07-23,15.23,15.53,14.93,14.98,913700
QNST,2026-07-24,15.15,15.51,14.97,15.15,676100
QNST,2026-07-27,15.15,15.74,15.11,15.54,1005700
QNST,2026-07-28,15.85,16.26,15.76,15.94,584800
QNST,2026-07-29,15.97,16.38,15.92,16.13,671100
QNST,2026-07-30,15.94,15.94,15.06,15.5,540300
QNST,2026-07-31,15.46,15.67,15.1,15.5,420000
QNST,2026-08-03,15.75,16.11,15.58,15.61,418600
QNST,2026-08-04,15.39,15.8,15.39,15.63,635100
QNST,2026-08-05,15.63,15.82,15.41,15.47,511600
QNST,2026-08-06,15.19,15.37,15.08,15.22,651000
QNST,2026-08-07,19.69,21.28,19.21,21.08,4903700
QNST,2026-08-10,21.83,22.29,20.66,22.02,1821200
QNST,2026-08-11,21.68,21.95,20.34,20.9,2178500
QNST,2026-08-12,20.59,21.02,20.37,20.79,1163100
QNST,2026-08-13,20.9,21.1,20.58,20.74,795000
QNST,2026-08-14,20.78,20.89,20.42,20.5,639200
QNST,2026-08-17,20.38,20.68,20.1,20.18,764100
QNST,2026-08-18,20.4,20.98,20.2,20.76,766200
QNST,2026-08-19,20.81,21.21,20.73,21.06,726200
QNST,2026-08-20,21.06,21.23,20.32,20.37,544000
QNST,2026-08-21,20.41,20.74,19.96,20.62,905400
QNST,2026-08-24,20.62,21.22,20.4,20.49,928700
QNST,2026-08-25,20.49,20.57,19.75,20.1,1362400
QNST,2026-08-26,19.94,20.0,19.51,19.68,665200
QNST,2026-08-27,19.64,19.98,18.85,18.9,1204400
QNST,2026-08-28,18.83,19.57,18.78,19.18,611500
QNST,2026-08-31,19.18,19.48,18.65,19.44,1454700
QNST,2026-09-01,19.23,19.5,18.66,18.94,1071900
QNST,2026-09-02,18.88,19.38,18.69,19.21,718800
QNST,2026-09-03,19.32,19.9,18.67,18.76,879200
QNST,2026-09-04,18.47,19.06,18.27,18.73,759400
EWTX,2026-03-03,29.3,29.895,28.4,28.81,763000
EWTX,2026-03-04,29.93,29.93,28.75,28.88,1443300
EWTX,2026-03-05,29.1,29.43,27.7,28.39,1136800
EWTX,2026-03-06,28.08,28.08,26.824,27.82,1170100
EWTX,2026-03-09,27.3,29.32,27.03,28.66,1143000
EWTX,2026-03-10,28.66,29.81,28.31,29.3,673800
EWTX,2026-03-11,29.05,31.38,28.6,30.99,1120300
EWTX,2026-03-12,30.0,30.725,29.605,29.94,1031500
EWTX,2026-03-13,30.1,31.36,29.01,29.59,702200
EWTX,2026-03-16,29.78,30.81,29.62,29.78,604700
EWTX,2026-03-17,30.41,31.77,30.32,30.5,1027600
EWTX,2026-03-18,30.42,30.42,29.24,29.69,679300
EWTX,2026-03-19,29.69,30.34,29.4,30.05,659400
EWTX,2026-03-20,30.095,30.44,28.87,29.06,1004200
EWTX,2026-03-23,29.85,30.45,28.9,29.8,713300
EWTX,2026-03-24,29.36,30.72,29.125,30.64,1539200
EWTX,2026-03-25,31.0,32.8,30.925,31.94,767900
EWTX,2026-03-26,31.51,32.42,31.47,31.65,446400
EWTX,2026-03-27,31.41,31.875,30.44,30.84,565600
EWTX,2026-03-30,30.815,31.15,29.71,30.28,614300
EWTX,2026-03-31,30.67,32.46,30.67,31.5,1122700
EWTX,2026-04-01,31.915,33.47,31.79,33.14,1593600
EWTX,2026-04-02,32.52,33.555,32.261,33.33,985900
EWTX,2026-04-06,33.09,34.0,32.56,32.83,577200
EWTX,2026-04-07,32.56,32.77,31.7,32.5,717900
EWTX,2026-04-08,33.92,33.92,32.19,33.04,681600
EWTX,2026-04-09,32.7,33.7,32.32,33.52,575000
EWTX,2026-04-10,33.52,33.72,32.26,32.82,599300
EWTX,2026-04-13,33.095,34.11,32.77,33.84,689100
EWTX,2026-04-14,33.79,34.77,33.035,33.16,1069800
EWTX,2026-04-15,33.0,33.905,32.57,33.7,1242900
EWTX,2026-04-16,33.64,34.07,32.865,33.12,497900
EWTX,2026-04-17,33.67,35.0,33.15,34.43,824000
EWTX,2026-04-20,34.29,34.715,33.34,33.97,617400
EWTX,2026-04-21,33.95,34.115,32.09,32.45,711200
EWTX,2026-04-22,32.67,32.93,31.87,32.17,658000
EWTX,2026-04-23,32.17,32.87,31.17,31.23,877700
EWTX,2026-04-24,31.4,32.03,30.93,31.58,1033900
EWTX,2026-04-27,31.56,32.74,30.35,30.64,1056800
EWTX,2026-04-28,30.94,32.47,30.45,30.99,3438400
EWTX,2026-04-29,30.86,31.08,30.33,30.45,1211100
EWTX,2026-04-30,30.51,30.96,30.21,30.96,1136300
EWTX,2026-05-01,30.96,31.13,30.12,30.61,609600
EWTX,2026-05-04,30.805,31.69,30.51,31.45,682100
EWTX,2026-05-05,39.125,39.96,37.0,38.01,5050400
EWTX,2026-05-06,37.94,38.18,36.07,36.99,2928500
EWTX,2026-05-07,38.0,38.21,35.02,35.58,1169000
EWTX,2026-05-08,35.35,36.21,34.665,35.32,1015700
EWTX,2026-05-11,35.94,36.0,34.11,34.56,1096600
EWTX,2026-05-12,34.55,34.67,33.535,34.01,1168400
EWTX,2026-05-13,34.04,34.41,33.31,33.76,1130600
EWTX,2026-05-14,33.3,34.115,32.53,34.01,837300
EWTX,2026-05-15,33.81,33.95,32.76,33.09,989100
EWTX,2026-05-18,33.92,33.92,31.22,31.72,955500
EWTX,2026-05-19,31.52,32.09,31.02,31.43,1057100
EWTX,2026-05-20,31.8,32.99,31.75,32.82,802100
EWTX,2026-05-21,32.76,33.02,32.23,32.69,639800
EWTX,2026-05-22,32.92,33.55,32.32,32.7,681400
EWTX,2026-05-26,32.65,33.76,31.745,33.56,1339100
EWTX,2026-05-27,33.69,34.3,33.05,33.54,572700
EWTX,2026-05-28,33.47,34.495,33.12,33.3,1772900
EWTX,2026-05-29,33.18,34.58,33.12,34.16,1166900
EWTX,2026-06-01,40.6,40.765,37.29,40.26,4468600
EWTX,2026-06-02,40.0,40.38,37.02,37.25,2816600
EWTX,2026-06-03,38.03,38.03,36.06,36.21,1444400
EWTX,2026-06-04,35.99,38.0,35.99,37.23,1045600
EWTX,2026-06-05,37.28,37.565,34.13,35.59,2961900
EWTX,2026-06-08,35.5,36.355,34.57,34.84,1139900
EWTX,2026-06-09,36.01,36.01,33.14,34.06,1354100
EWTX,2026-06-10,34.04,34.7,32.5,32.92,1345400
EWTX,2026-06-11,33.11,35.48,33.06,33.93,1063800
EWTX,2026-06-12,33.96,35.27,33.96,34.83,927400
EWTX,2026-06-15,35.44,36.9,34.72,35.21,933700
EWTX,2026-06-16,35.705,36.843,30.84,33.95,6423400
EWTX,2026-06-17,33.96,35.48,33.72,34.82,3098800
EWTX,2026-06-18,35.785,37.14,35.39,36.81,2007500
EWTX,2026-06-22,37.51,37.51,35.96,36.5,1158300
EWTX,2026-06-23,36.31,39.34,36.025,38.83,1034800
EWTX,2026-06-24,38.97,42.46,38.615,42.3,1345700
EWTX,2026-06-25,42.02,43.93,41.12,41.69,834600
EWTX,2026-06-26,41.08,42.81,40.31,41.46,2810700
EWTX,2026-06-29,41.5,42.07,39.5,40.92,1932500
EWTX,2026-06-30,40.97,42.02,40.48,40.63,968000
EWTX,2026-07-01,40.32,41.86,38.77,39.15,1278000
EWTX,2026-07-02,39.15,39.81,38.36,39.56,793200
EWTX,2026-07-06,39.39,40.6,39.27,40.1,511200
EWTX,2026-07-07,40.5,43.615,40.205,43.13,1281100
EWTX,2026-07-08,42.97,46.95,42.695,46.3,2469200
EWTX,2026-07-09,46.5,48.4,46.48,48.35,1590400
EWTX,2026-07-10,48.09,48.135,43.81,45.41,1068200
EWTX,2026-07-13,43.675,44.545,41.18,41.27,1037500
EWTX,2026-07-14,41.0,41.07,38.45,39.73,1212700
EWTX,2026-07-15,39.37,40.85,38.47,40.83,1106900
EWTX,2026-07-16,40.55,40.68,37.41,38.19,691700
EWTX,2026-07-17,38.6,40.4,37.25,39.76,744700
EWTX,2026-07-20,40.01,40.68,38.75,38.81,618600
EWTX,2026-07-21,38.81,39.97,38.81,39.58,604200
EWTX,2026-07-22,39.06,39.78,38.33,38.33,593200
EWTX,2026-07-23,37.78,39.6,37.515,39.29,956000
EWTX,2026-07-24,39.29,41.04,38.69,40.84,1028000
EWTX,2026-07-27,41.6,42.38,40.795,41.6,1068700
EWTX,2026-07-28,41.61,41.805,39.52,40.35,963500
EWTX,2026-07-29,40.34,40.78,38.92,39.75,698400
EWTX,2026-07-30,39.53,41.38,38.645,41.12,809000
EWTX,2026-07-31,41.11,41.11,38.21,38.43,1150000
EWTX,2026-08-03,38.15,38.77,36.88,38.38,771600
EWTX,2026-08-04,41.0,45.44,41.0,44.705,4187500
EWTX,2026-08-05,44.85,45.93,44.37,44.99,1734400
EWTX,2026-08-06,44.13,45.525,43.56,44.42,1451100
EWTX,2026-08-07,44.0,44.2,42.46,43.52,1478300
EWTX,2026-08-10,43.71,44.876,42.495,44.58,2018100
EWTX,2026-08-11,44.74,45.75,43.73,44.31,1088200
EWTX,2026-08-12,44.49,44.75,43.22,43.56,995800
EWTX,2026-08-13,44.14,44.14,42.94,43.18,854200
EWTX,2026-08-14,42.75,44.24,41.975,44.17,779900
EWTX,2026-08-17,43.78,44.39,42.585,44.04,798400
EWTX,2026-08-18,43.17,45.29,42.62,44.11,1519200
EWTX,2026-08-19,45.55,46.59,44.66,46.44,2237400
EWTX,2026-08-20,45.905,45.905,43.08,43.29,1338600
EWTX,2026-08-21,43.54,44.675,43.0,44.18,1249600
EWTX,2026-08-24,43.67,45.44,42.59,44.72,1042000
EWTX,2026-08-25,45.22,46.32,44.02,44.21,1149200
EWTX,2026-08-26,44.21,45.05,42.911,44.38,814100
EWTX,2026-08-27,44.16,44.75,43.63,44.19,995600
EWTX,2026-08-28,43.84,44.19,42.72,42.76,739800
EWTX,2026-08-31,42.24,42.46,40.64,41.77,1085800
EWTX,2026-09-01,41.59,42.64,40.82,42.25,1040500
EWTX,2026-09-02,42.61,43.94,40.76,41.98,1003500
EWTX,2026-09-03,42.32,42.995,41.395,41.95,976800
EWTX,2026-09-04,41.73,43.38,41.603,43.07,826700
CATX,2026-03-03,5.02,5.36,5.02,5.17,831800
CATX,2026-03-04,5.23,5.5,5.16,5.27,1610800
CATX,2026-03-05,5.22,5.38,5.02,5.1,1175600
CATX,2026-03-06,5.0,5.05,4.77,4.97,1054000
CATX,2026-03-09,4.89,5.28,4.84,5.2,1395000
CATX,2026-03-10,5.28,5.81,5.25,5.35,2534100
CATX,2026-03-11,5.35,5.49,5.17,5.22,921400
CATX,2026-03-12,5.11,5.19,4.99,5.11,1053800
CATX,2026-03-13,5.12,5.24,4.88,5.0,1089300
CATX,2026-03-16,5.05,5.39,5.01,5.22,1545800
CATX,2026-03-17,5.18,5.22,4.69,4.95,1556600
CATX,2026-03-18,5.01,5.03,4.79,4.86,1321500
CATX,2026-03-19,4.8,4.92,4.37,4.6,2005800
CATX,2026-03-20,4.6,4.78,4.4,4.45,7432400
CATX,2026-03-23,4.55,4.55,4.01,4.24,2764500
CATX,2026-03-24,4.18,4.33,4.09,4.29,1700200
CATX,2026-03-25,4.35,4.6,4.35,4.52,900300
CATX,2026-03-26,4.45,4.6,4.15,4.22,765800
CATX,2026-03-27,4.18,4.23,4.03,4.07,911300
CATX,2026-03-30,4.08,4.08,3.81,3.83,891300
CATX,2026-03-31,3.97,4.29,3.97,4.17,1549800
CATX,2026-04-01,4.21,4.5,4.15,4.42,1197100
CATX,2026-04-02,4.28,4.56,4.22,4.41,1053700
CATX,2026-04-06,4.45,4.58,4.3,4.38,558800
CATX,2026-04-07,4.34,4.42,4.2,4.37,514600
CATX,2026-04-08,4.53,4.61,4.31,4.37,499700
CATX,2026-04-09,4.36,4.53,4.32,4.49,574800
CATX,2026-04-10,4.48,4.51,4.4,4.47,498400
CATX,2026-04-13,4.45,4.52,4.31,4.35,954200
CATX,2026-04-14,4.39,4.42,4.19,4.25,976900
CATX,2026-04-15,4.25,4.39,4.05,4.38,770600
CATX,2026-04-16,4.35,4.44,4.15,4.26,907600
CATX,2026-04-17,4.35,4.44,4.19,4.2,1150200
CATX,2026-04-20,4.58,4.76,4.31,4.55,2037400
CATX,2026-04-21,4.57,4.79,4.35,4.64,1142900
CATX,2026-04-22,4.63,4.8,4.52,4.71,2093200
CATX,2026-04-23,4.7,4.87,4.44,4.51,2392300
CATX,2026-04-24,4.5,4.81,4.47,4.51,1433300
CATX,2026-04-27,4.51,4.71,4.16,4.27,1442700
CATX,2026-04-28,4.25,4.31,3.94,3.95,1998400
CATX,2026-04-29,3.93,3.97,3.77,3.93,1237300
CATX,2026-04-30,3.95,4.06,3.86,3.9,1117100
CATX,2026-05-01,3.87,3.98,3.83,3.85,1004500
CATX,2026-05-04,3.84,4.1,3.81,3.98,2129100
CATX,2026-05-05,3.99,4.08,3.6,3.65,2978100
CATX,2026-05-06,3.65,3.91,3.57,3.82,1598800
CATX,2026-05-07,3.79,3.79,3.52,3.6,3772800
CATX,2026-05-08,3.6,3.8,3.58,3.76,794700
CATX,2026-05-11,3.81,4.0,3.78,3.88,1134800
CATX,2026-05-12,4.06,4.2,3.68,3.77,1329400
CATX,2026-05-13,3.79,3.91,3.69,3.82,974600
CATX,2026-05-14,3.85,3.95,3.71,3.86,840800
CATX,2026-05-15,3.85,3.9,3.66,3.85,885300
CATX,2026-05-18,3.82,3.87,3.68,3.76,1111600
CATX,2026-05-19,3.72,3.75,3.59,3.63,882200
CATX,2026-05-20,3.64,3.81,3.63,3.77,825700
CATX,2026-05-21,3.7,3.97,3.66,3.87,918700
CATX,2026-05-22,3.93,4.11,3.91,3.98,1717300
CATX,2026-05-26,4.03,4.22,3.93,4.16,1521700
CATX,2026-05-27,4.16,4.34,4.12,4.16,1029100
CATX,2026-05-28,4.14,4.24,4.02,4.05,1254800
CATX,2026-05-29,4.06,4.15,3.9,3.94,893500
CATX,2026-06-01,3.91,4.06,3.65,3.66,1478800
CATX,2026-06-02,3.64,3.71,3.56,3.6,1006100
CATX,2026-06-03,3.6,3.69,3.53,3.56,982200
CATX,2026-06-04,3.55,3.63,3.16,3.25,3630000
CATX,2026-06-05,3.25,3.29,3.01,3.03,1858800
CATX,2026-06-08,3.1,3.13,2.9,2.93,1263100
CATX,2026-06-09,2.96,3.04,2.85,3.0,1491100
CATX,2026-06-10,2.98,3.06,2.91,2.95,1141300
CATX,2026-06-11,3.0,3.04,2.92,2.97,1052800
CATX,2026-06-12,2.94,3.02,2.94,2.95,1027200
CATX,2026-06-15,3.0,3.13,2.87,2.94,1758400
CATX,2026-06-16,2.97,3.0,2.91,2.93,765500
CATX,2026-06-17,2.95,3.07,2.94,2.98,2046600
CATX,2026-06-18,3.02,3.13,2.93,2.95,7664300
CATX,2026-06-22,3.0,3.12,2.95,3.05,2350200
CATX,2026-06-23,2.99,3.15,2.99,3.0,1364100
CATX,2026-06-24,3.0,3.08,2.9,3.0,1690100
CATX,2026-06-25,3.0,3.08,2.97,3.0,1684900
CATX,2026-06-26,3.0,3.15,2.94,3.04,9700800
CATX,2026-06-29,3.05,3.56,3.0,3.55,1748200
CATX,2026-06-30,3.59,3.69,3.39,3.41,2180500
CATX,2026-07-01,3.42,3.6,3.42,3.46,1722400
CATX,2026-07-02,3.5,3.78,3.46,3.63,1590800
CATX,2026-07-06,3.62,3.77,3.57,3.61,1345700
CATX,2026-07-07,3.66,3.7,3.37,3.42,1880300
CATX,2026-07-08,3.38,3.52,3.33,3.39,2114800
CATX,2026-07-09,3.39,3.43,3.15,3.17,3140600
CATX,2026-07-10,3.18,3.19,2.9,3.01,2814300
CATX,2026-07-13,2.97,3.11,2.82,3.09,3848500
CATX,2026-07-14,3.09,3.15,2.94,3.05,2810100
CATX,2026-07-15,3.08,3.23,3.01,3.22,1481800
CATX,2026-07-16,3.17,3.2,2.91,2.95,1479400
CATX,2026-07-17,2.93,3.01,2.88,2.99,1003400
CATX,2026-07-20,2.99,3.03,2.88,2.92,916000
CATX,2026-07-21,2.95,3.02,2.92,2.98,873800
CATX,2026-07-22,2.96,3.03,2.91,2.97,1151800
CATX,2026-07-23,2.94,2.98,2.85,2.95,582700
CATX,2026-07-24,2.97,3.0,2.9,2.91,671200
CATX,2026-07-27,2.95,3.02,2.82,2.82,812000
CATX,2026-07-28,2.81,2.89,2.69,2.87,999900
CATX,2026-07-29,2.87,2.93,2.77,2.87,1038100
CATX,2026-07-30,2.89,3.0,2.87,2.99,621700
CATX,2026-07-31,3.0,3.04,2.83,2.91,827600
CATX,2026-08-03,2.92,3.03,2.86,3.01,871900
CATX,2026-08-04,3.01,3.12,2.98,3.0,2292400
CATX,2026-08-05,3.0,3.16,2.92,2.94,1705700
CATX,2026-08-06,2.97,3.06,2.94,2.97,503200
CATX,2026-08-07,3.03,3.06,2.94,3.0,1045800
CATX,2026-08-10,3.0,3.06,2.94,3.0,915600
CATX,2026-08-11,3.05,3.25,2.99,3.18,1803700
CATX,2026-08-12,3.18,3.28,3.11,3.26,1185900
CATX,2026-08-13,3.26,3.28,3.09,3.1,1318600
CATX,2026-08-14,3.09,3.23,3.03,3.2,1000200
CATX,2026-08-17,3.21,3.31,3.19,3.22,1168200
CATX,2026-08-18,3.21,3.25,3.13,3.21,757900
CATX,2026-08-19,3.31,3.5,3.3,3.48,1751700
CATX,2026-08-20,3.46,3.56,3.18,3.21,1180700
CATX,2026-08-21,3.25,3.44,3.22,3.3,1135300
CATX,2026-08-24,3.32,3.37,3.13,3.19,678600
CATX,2026-08-25,3.22,3.33,3.2,3.29,773800
CATX,2026-08-26,3.28,3.3,3.14,3.16,798200
CATX,2026-08-27,3.15,3.24,3.1,3.18,797500
CATX,2026-08-28,3.16,3.17,3.08,3.11,913200
CATX,2026-08-31,3.11,3.18,3.08,3.16,910700
CATX,2026-09-01,3.16,3.17,3.07,3.1,703700
CATX,2026-09-02,3.1,3.24,3.03,3.1,864600
CATX,2026-09-03,3.09,3.14,3.03,3.12,929400
CATX,2026-09-04,3.07,3.18,3.03,3.13,1365200
FLO,2026-03-03,9.0966,9.1349,8.8093,8.8381,5930700
FLO,2026-03-04,8.8381,8.9051,8.5699,8.6561,7894800
FLO,2026-03-05,8.6465,8.9817,8.6178,8.8381,5415100
FLO,2026-03-06,8.8066,9.0034,8.5704,8.9542,6817000
FLO,2026-03-09,8.8558,8.8558,8.5606,8.7082,6314600
FLO,2026-03-10,8.659,8.7574,8.4819,8.5212,5524200
FLO,2026-03-11,8.5114,8.5803,8.3244,8.4819,8080000
FLO,2026-03-12,8.413,8.7082,8.3539,8.4917,7876800
FLO,2026-03-13,8.6196,8.8361,8.6196,8.6491,5113300
FLO,2026-03-16,8.7574,8.8853,8.6983,8.7475,4277100
FLO,2026-03-17,8.7967,8.8853,8.5507,8.5901,4018100
FLO,2026-03-18,8.4622,8.5114,8.2851,8.2851,4530000
FLO,2026-03-19,8.3441,8.4327,8.1375,8.2359,4207200
FLO,2026-03-20,8.226,8.2359,8.0391,8.0489,9228900
FLO,2026-03-23,8.1867,8.2949,8.0686,8.1276,5161900
FLO,2026-03-24,8.0784,8.2555,8.0194,8.1276,3718200
FLO,2026-03-25,8.2063,8.2359,7.9112,8.1473,6401500
FLO,2026-03-26,8.1276,8.3244,8.0981,8.226,3540900
FLO,2026-03-27,8.2162,8.4819,8.167,8.2654,5315700
FLO,2026-03-30,8.167,8.2949,8.0883,8.2359,4213100
FLO,2026-03-31,8.2851,8.3638,7.8423,8.0194,5338200
FLO,2026-04-01,7.9407,8.0883,7.734,7.9997,5109700
FLO,2026-04-02,8.0096,8.1473,7.8816,8.1079,3373600
FLO,2026-04-06,8.0686,8.2063,7.9505,8.1178,3702100
FLO,2026-04-07,8.1079,8.2063,7.9702,7.9899,4121300
FLO,2026-04-08,8.0194,8.0784,7.9013,7.9505,5195400
FLO,2026-04-09,7.8324,8.0587,7.734,8.0096,4590600
FLO,2026-04-10,8.0391,8.1473,7.862,7.9308,4193400
FLO,2026-04-13,7.9013,8.0883,7.7439,8.0883,6711200
FLO,2026-04-14,8.0686,8.2555,8.0587,8.1276,4215100
FLO,2026-04-15,8.1473,8.4327,8.0686,8.3835,4131600
FLO,2026-04-16,8.4523,8.6098,8.3638,8.4327,4198100
FLO,2026-04-17,8.413,8.5704,8.3244,8.3736,3872200
FLO,2026-04-20,8.3539,8.6688,8.3047,8.6196,6266900
FLO,2026-04-21,8.6196,8.6885,8.4917,8.5507,4025300
FLO,2026-04-22,8.5311,8.6295,8.4917,8.6098,3101400
FLO,2026-04-23,8.6098,8.6787,8.5114,8.6393,3148400
FLO,2026-04-24,8.6688,8.7377,8.5212,8.659,4606400
FLO,2026-04-27,8.6295,8.8754,8.6196,8.8066,4685500
FLO,2026-04-28,8.8853,9.0132,8.7475,8.7869,5422400
FLO,2026-04-29,8.7967,8.8459,8.6196,8.7279,3509900
FLO,2026-04-30,8.6983,8.9837,8.6885,8.9148,5525600
FLO,2026-05-01,8.9542,9.0329,8.4819,8.5803,4633900
FLO,2026-05-04,8.5803,8.6885,8.1571,8.2162,5798900
FLO,2026-05-05,8.1867,8.5704,8.0686,8.5015,5789500
FLO,2026-05-06,8.6393,8.6983,8.4228,8.4819,5929100
FLO,2026-05-07,8.472,8.5606,8.1867,8.4327,5444000
FLO,2026-05-08,8.4425,8.4819,8.2654,8.3047,4701800
FLO,2026-05-11,8.3638,8.4327,8.0096,8.0883,5435900
FLO,2026-05-12,8.2063,8.2063,7.9505,7.9604,7623300
FLO,2026-05-13,7.9013,7.921,7.5372,7.6061,9828300
FLO,2026-05-14,7.6553,7.734,7.1043,7.1929,14865700
FLO,2026-05-15,7.2912,7.3208,6.9961,7.0649,44904000
FLO,2026-05-18,6.9862,7.3503,6.8878,7.2125,12932200
FLO,2026-05-19,7.3208,7.4585,7.0354,7.0945,11353400
FLO,2026-05-20,7.0354,7.2125,6.7796,7.124,9760100
FLO,2026-05-21,6.9764,7.0256,6.691,6.8977,15908200
FLO,2026-05-22,7.4979,7.9407,7.2814,7.8128,17827800
FLO,2026-05-26,7.862,8.1079,7.6553,7.6652,11728100
FLO,2026-05-27,7.6848,7.7636,7.4487,7.6848,10380000
FLO,2026-05-28,7.5766,7.6848,7.5274,7.5766,6381500
FLO,2026-05-29,7.6356,7.6652,7.4585,7.5176,6275600
FLO,2026-06-01,7.3995,7.5668,7.3995,7.5372,7715700
FLO,2026-06-02,7.5274,7.5274,7.2912,7.2912,7074700
FLO,2026-06-03,7.2519,7.3798,7.1043,7.1535,6023300
FLO,2026-06-04,7.3109,7.4782,7.1043,7.183,6161900
FLO,2026-06-05,7.2519,7.4782,7.2125,7.3601,6701900
FLO,2026-06-08,7.3011,7.6061,7.2027,7.37,6384500
FLO,2026-06-09,7.4388,7.6947,7.3503,7.5372,6601300
FLO,2026-06-10,7.6061,7.8226,7.5274,7.6455,8946800
FLO,2026-06-11,7.5668,7.7242,7.5176,7.675,5377700
FLO,2026-06-12,7.7,7.81,7.62,7.79,4873000
FLO,2026-06-15,7.81,8.05,7.69,7.7,5497800
FLO,2026-06-16,7.66,7.82,7.51,7.6,4122600
FLO,2026-06-17,7.58,7.66,7.18,7.33,7428900
FLO,2026-06-18,7.3,7.81,7.3,7.78,13961100
FLO,2026-06-22,7.53,7.79,7.35,7.35,5662500
FLO,2026-06-23,7.43,7.61,7.38,7.55,5380400
FLO,2026-06-24,7.59,7.92,7.52,7.65,7515400
FLO,2026-06-25,7.68,7.86,7.5,7.6,5439800
FLO,2026-06-26,7.63,8.02,7.58,7.97,33842100
FLO,2026-06-29,7.89,8.14,7.7,8.05,8188400
FLO,2026-06-30,8.08,8.11,7.84,7.9,14200100
FLO,2026-07-01,8.03,8.46,8.01,8.41,7240300
FLO,2026-07-02,8.45,8.7,8.27,8.63,6482700
FLO,2026-07-06,8.7,8.72,8.44,8.61,6023900
FLO,2026-07-07,8.74,8.92,8.57,8.6,4265400
FLO,2026-07-08,8.56,8.59,8.36,8.37,5510700
FLO,2026-07-09,8.32,8.37,7.97,8.08,6480700
FLO,2026-07-10,8.16,8.43,8.05,8.34,4912000
FLO,2026-07-13,8.41,8.48,8.25,8.29,4243100
FLO,2026-07-14,8.22,8.37,8.11,8.29,3160100
FLO,2026-07-15,8.27,8.52,8.23,8.25,3416900
FLO,2026-07-16,8.35,8.79,8.35,8.65,4810700
FLO,2026-07-17,8.71,8.89,8.45,8.49,3438900
FLO,2026-07-20,8.45,8.55,8.36,8.49,3035400
FLO,2026-07-21,8.37,8.6,8.33,8.5,3449000
FLO,2026-07-22,8.59,8.64,8.24,8.26,4345500
FLO,2026-07-23,8.17,8.27,7.64,7.75,7304500
FLO,2026-07-24,7.83,7.96,7.72,7.74,3673300
FLO,2026-07-27,7.87,7.9,7.64,7.64,4471400
FLO,2026-07-28,7.81,8.07,7.53,7.54,6411800
FLO,2026-07-29,7.52,7.73,7.34,7.46,6681700
FLO,2026-07-30,7.37,7.4,7.13,7.14,5925000
FLO,2026-07-31,7.12,7.18,6.93,7.02,7711300
FLO,2026-08-03,7.11,7.39,6.99,7.22,7096500
FLO,2026-08-04,7.16,7.44,7.16,7.33,4798900
FLO,2026-08-05,7.38,7.43,7.25,7.39,4100100
FLO,2026-08-06,7.41,7.44,7.14,7.24,6959900
FLO,2026-08-07,7.25,7.46,7.23,7.4,3697700
FLO,2026-08-10,7.35,7.44,7.09,7.14,5062300
FLO,2026-08-11,7.13,7.31,7.08,7.16,4716100
FLO,2026-08-12,7.18,7.19,7.03,7.17,4804900
FLO,2026-08-13,7.25,7.58,7.24,7.53,4866700
FLO,2026-08-14,7.55,7.6,7.46,7.52,3616700
FLO,2026-08-17,7.49,7.56,7.29,7.31,5173200
FLO,2026-08-18,7.36,7.6,7.27,7.38,4241600
FLO,2026-08-19,7.43,7.53,7.37,7.46,4484800
FLO,2026-08-20,7.43,7.48,7.04,7.1,9802000
FLO,2026-08-21,6.9,7.31,6.81,6.95,15566700
FLO,2026-08-24,6.96,7.31,6.82,7.28,8436800
FLO,2026-08-25,7.25,7.36,7.0,7.11,6505000
FLO,2026-08-26,7.13,7.36,7.1,7.17,5450700
FLO,2026-08-27,7.13,7.13,6.91,6.98,6649800
FLO,2026-08-28,6.99,7.13,6.97,7.1,5176000
FLO,2026-08-31,7.05,7.13,6.9,6.92,9905000
FLO,2026-09-01,6.92,6.99,6.62,6.69,9644500
FLO,2026-09-02,6.75,6.87,6.67,6.68,7301500
FLO,2026-09-03,6.65,6.7,6.33,6.45,12123100
FLO,2026-09-04,6.36,6.45,6.27,6.27,5666100
IOT,2026-03-03,28.41,29.625,27.93,28.94,7308500
IOT,2026-03-04,28.85,29.38,28.44,28.69,4456400
IOT,2026-03-05,29.05,30.46,28.78,29.58,19648600
IOT,2026-03-06,32.19,35.555,31.42,35.36,33401800
IOT,2026-03-09,35.2,35.55,33.65,34.16,15507400
IOT,2026-03-10,34.11,34.5,32.53,32.9,11300400
IOT,2026-03-11,33.39,33.53,31.22,32.08,7809000
IOT,2026-03-12,32.27,32.67,31.37,31.86,7896300
IOT,2026-03-13,31.9,32.285,31.17,31.72,7980400
IOT,2026-03-16,31.85,32.635,31.57,32.57,8494900
IOT,2026-03-17,32.61,34.272,32.4,33.71,7244000
IOT,2026-03-18,33.33,34.5,33.0,33.68,5315300
IOT,2026-03-19,33.68,34.695,33.595,33.66,6268800
IOT,2026-03-20,33.21,34.03,32.48,33.13,8293800
IOT,2026-03-23,33.43,33.73,32.45,33.2,5625800
IOT,2026-03-24,32.74,32.965,31.36,32.09,5465400
IOT,2026-03-25,32.5,33.14,31.32,31.85,4719000
IOT,2026-03-26,31.6,32.99,31.36,31.89,4758400
IOT,2026-03-27,31.44,31.44,29.64,29.75,5377400
IOT,2026-03-30,29.99,31.35,29.88,30.64,4953400
IOT,2026-03-31,31.03,31.93,30.44,31.69,5188000
IOT,2026-04-01,32.17,32.29,31.17,31.84,4680000
IOT,2026-04-02,31.63,32.745,30.55,32.26,3902200
IOT,2026-04-06,32.26,32.51,31.395,31.45,5388700
IOT,2026-04-07,31.23,31.54,29.97,30.47,3539300
IOT,2026-04-08,32.04,32.49,29.23,29.3,6392800
IOT,2026-04-09,28.92,29.08,26.4,26.85,8148300
IOT,2026-04-10,26.81,26.9,25.1,25.85,8267700
IOT,2026-04-13,26.02,26.735,25.67,26.59,6508300
IOT,2026-04-14,27.12,27.42,26.27,26.51,5871700
IOT,2026-04-15,27.42,28.87,26.78,28.85,9531500
IOT,2026-04-16,29.87,30.27,29.09,29.63,9741300
IOT,2026-04-17,30.2,30.8,29.57,30.62,9119700
IOT,2026-04-20,30.425,31.235,29.95,30.81,5432800
IOT,2026-04-21,30.89,32.59,30.51,31.43,4261100
IOT,2026-04-22,31.66,32.41,31.375,32.04,5440300
IOT,2026-04-23,30.81,30.81,28.61,29.28,6673700
IOT,2026-04-24,29.43,29.96,28.78,29.96,3677300
IOT,2026-04-27,29.7,30.595,29.45,29.47,4884100
IOT,2026-04-28,29.59,30.4,29.175,29.33,3114000
IOT,2026-04-29,29.04,29.425,28.52,29.37,3125900
IOT,2026-04-30,29.13,29.13,28.04,28.74,8557500
IOT,2026-05-01,29.77,30.87,29.105,30.49,3883000
IOT,2026-05-04,30.73,31.61,30.45,30.6,3833000
IOT,2026-05-05,30.84,30.94,29.45,30.45,3998300
IOT,2026-05-06,30.06,30.578,28.635,28.92,5357500
IOT,2026-05-07,29.65,30.81,29.35,30.11,5532900
IOT,2026-05-08,29.53,29.93,28.68,29.74,4048800
IOT,2026-05-11,29.28,29.89,28.57,29.07,4614700
IOT,2026-05-12,29.45,29.45,28.09,28.1,5780800
IOT,2026-05-13,27.7,27.88,26.78,27.52,4533100
IOT,2026-05-14,27.5,28.24,26.92,27.99,4504600
IOT,2026-05-15,28.32,30.04,27.57,29.56,5149100
IOT,2026-05-18,29.3,30.74,29.11,30.61,5775000
IOT,2026-05-19,31.46,32.32,30.47,30.79,7113600
IOT,2026-05-20,30.14,30.68,28.8,30.63,5892500
IOT,2026-05-21,30.09,30.44,29.481,30.15,3164300
IOT,2026-05-22,30.45,31.63,30.45,31.15,3352500
IOT,2026-05-26,30.73,31.565,29.93,31.16,3133900
IOT,2026-05-27,30.51,31.12,29.25,29.47,5123300
IOT,2026-05-28,29.99,32.45,29.702,31.57,5100700
IOT,2026-05-29,32.04,35.195,31.94,34.99,8857200
IOT,2026-06-01,36.06,38.77,35.625,38.55,10327100
IOT,2026-06-02,37.04,37.68,36.59,37.36,10725500
IOT,2026-06-03,36.85,36.91,35.395,36.34,7978300
IOT,2026-06-04,36.905,37.99,35.12,35.21,11124100
IOT,2026-06-05,36.63,38.24,34.615,34.8,17547500
IOT,2026-06-08,34.92,35.5,33.464,34.06,8360800
IOT,2026-06-09,33.95,35.37,32.625,33.62,6736700
IOT,2026-06-10,32.74,34.37,32.35,32.64,5977900
IOT,2026-06-11,31.8,32.81,31.31,32.26,7384700
IOT,2026-06-12,32.17,33.69,31.33,33.66,6756700
IOT,2026-06-15,33.74,34.44,33.01,33.54,6259100
IOT,2026-06-16,33.31,34.06,32.0,32.65,4750000
IOT,2026-06-17,32.65,33.76,31.485,31.6,6642400
IOT,2026-06-18,31.19,31.78,30.272,31.69,8041200
IOT,2026-06-22,31.01,32.78,30.83,31.14,4867800
IOT,2026-06-23,31.38,31.67,30.48,31.29,6312100
IOT,2026-06-24,31.03,31.99,30.775,31.24,4501600
IOT,2026-06-25,30.82,30.9,28.77,28.98,7115400
IOT,2026-06-26,29.11,31.22,29.11,31.14,9331200
IOT,2026-06-29,32.0,32.955,31.25,32.1,6743000
IOT,2026-06-30,31.62,32.58,31.31,32.43,4130200
IOT,2026-07-01,33.36,35.75,33.04,34.18,5647600
IOT,2026-07-02,34.01,36.151,33.78,35.93,6166700
IOT,2026-07-06,35.41,37.73,35.08,37.51,5051700
IOT,2026-07-07,38.24,38.58,36.09,36.34,7704000
IOT,2026-07-08,35.68,36.62,34.54,36.44,5744400
IOT,2026-07-09,35.61,37.28,34.87,36.99,4184600
IOT,2026-07-10,37.75,37.96,36.3,36.72,3517200
IOT,2026-07-13,37.2,38.25,36.5,36.83,5664400
IOT,2026-07-14,35.5,37.88,34.76,36.9,4356500
IOT,2026-07-15,37.82,38.15,36.07,36.43,3267600
IOT,2026-07-16,36.92,37.83,35.67,37.46,5317500
IOT,2026-07-17,36.95,39.457,36.76,38.32,6909000
IOT,2026-07-20,37.7,39.3,37.5,38.55,6841000
IOT,2026-07-21,38.0,38.71,35.96,36.07,6507100
IOT,2026-07-22,35.8,35.8,33.244,33.33,5942400
IOT,2026-07-23,33.95,34.19,31.47,31.49,5168800
IOT,2026-07-24,31.99,33.18,31.515,33.11,4946000
IOT,2026-07-27,34.31,36.5,33.9,35.34,5845500
IOT,2026-07-28,35.65,37.95,35.56,37.5,6730800
IOT,2026-07-29,37.81,39.99,37.69,38.75,8181900
IOT,2026-07-30,37.92,37.92,35.703,35.8,5273800
IOT,2026-07-31,35.77,37.67,35.545,37.27,4218300
IOT,2026-08-03,37.86,38.84,36.96,37.13,4468900
IOT,2026-08-04,36.985,38.859,36.866,38.6,5131000
IOT,2026-08-05,39.045,39.65,38.13,38.73,3205500
IOT,2026-08-06,37.47,38.35,37.24,38.22,3626600
IOT,2026-08-07,39.51,41.37,39.435,40.88,6705900
IOT,2026-08-10,39.12,40.45,38.76,39.86,8646400
IOT,2026-08-11,39.41,41.35,38.795,40.32,4364900
IOT,2026-08-12,39.49,40.32,38.68,39.34,3128000
IOT,2026-08-13,39.51,41.405,39.34,41.14,4066100
IOT,2026-08-14,41.98,42.0,39.49,39.79,4758200
IOT,2026-08-17,39.31,39.92,38.04,39.0,5651900
IOT,2026-08-18,39.5,40.79,39.29,39.58,4128100
IOT,2026-08-19,39.74,40.75,39.155,39.2,3665100
IOT,2026-08-20,39.25,40.17,38.91,38.98,5690700
IOT,2026-08-21,39.0,40.009,38.01,39.94,3132000
IOT,2026-08-24,39.4,41.24,39.4,40.33,5714100
IOT,2026-08-25,39.82,40.84,38.58,39.14,4054200
IOT,2026-08-26,38.07,40.22,37.836,39.84,3710500
IOT,2026-08-27,40.88,42.68,40.57,41.87,5186500
IOT,2026-08-28,41.74,42.63,41.05,41.16,4636800
IOT,2026-08-31,40.78,42.1,40.55,40.85,8059300
IOT,2026-09-01,40.25,40.44,38.76,39.06,5296500
IOT,2026-09-02,38.915,38.915,36.665,36.79,5259300
IOT,2026-09-03,37.69,38.855,37.315,38.75,16391600
IOT,2026-09-04,44.9,45.12,39.32,40.2,25506100
IMMX,2026-03-03,8.26,8.42,7.9,8.15,397400
IMMX,2026-03-04,8.23,8.9,8.23,8.56,560800
IMMX,2026-03-05,8.42,8.72,8.28,8.54,391700
IMMX,2026-03-06,8.35,9.47,8.229,9.29,1113300
IMMX,2026-03-09,9.15,10.5,9.15,10.13,1002300
IMMX,2026-03-10,10.18,10.71,10.13,10.4,830800
IMMX,2026-03-11,10.45,10.66,9.87,10.46,729400
IMMX,2026-03-12,10.27,10.54,9.86,10.11,618700
IMMX,2026-03-13,10.2,10.39,9.78,10.0,607700
IMMX,2026-03-16,10.05,10.98,9.955,10.77,860600
IMMX,2026-03-17,10.835,11.61,10.58,11.12,983500
IMMX,2026-03-18,11.12,11.225,9.31,9.46,1466400
IMMX,2026-03-19,9.3,10.085,9.01,9.68,994300
IMMX,2026-03-20,9.6,10.05,8.93,9.11,2007400
IMMX,2026-03-23,9.03,9.23,8.25,8.81,847800
IMMX,2026-03-24,8.69,8.8,8.32,8.57,599500
IMMX,2026-03-25,9.14,9.35,8.72,8.91,768700
IMMX,2026-03-26,8.13,9.52,8.12,8.72,1045500
IMMX,2026-03-27,8.97,9.19,8.0,8.15,750600
IMMX,2026-03-30,8.19,8.8,8.01,8.58,912300
IMMX,2026-03-31,8.85,9.16,8.13,9.11,1221600
IMMX,2026-04-01,9.23,9.6,8.54,8.62,679600
IMMX,2026-04-02,8.5,9.28,8.4,8.94,418100
IMMX,2026-04-06,8.97,9.31,8.51,8.59,544200
IMMX,2026-04-07,8.52,9.18,8.26,9.09,856300
IMMX,2026-04-08,9.43,9.44,8.54,8.75,512700
IMMX,2026-04-09,8.69,10.07,8.69,9.75,941900
IMMX,2026-04-10,9.78,9.96,9.12,9.26,399500
IMMX,2026-04-13,9.3,10.155,9.235,9.69,605100
IMMX,2026-04-14,9.79,10.09,9.685,9.85,520700
IMMX,2026-04-15,9.85,10.16,9.73,10.04,617000
IMMX,2026-04-16,10.05,10.07,9.26,9.96,743500
IMMX,2026-04-17,10.1,10.529,9.51,10.35,1045300
IMMX,2026-04-20,10.29,10.35,9.871,10.09,568400
IMMX,2026-04-21,10.08,10.19,9.55,9.68,1554500
IMMX,2026-04-22,9.91,10.32,9.81,10.18,596600
IMMX,2026-04-23,10.16,10.345,9.94,10.17,385500
IMMX,2026-04-24,10.22,10.28,9.69,9.85,385200
IMMX,2026-04-27,9.89,10.535,9.5,9.53,461900
IMMX,2026-04-28,9.45,9.66,8.58,8.6,605000
IMMX,2026-04-29,8.62,8.81,8.3,8.63,595200
IMMX,2026-04-30,8.74,9.03,8.57,8.93,678700
IMMX,2026-05-01,9.0,9.445,8.82,9.3,803700
IMMX,2026-05-04,9.26,9.705,9.21,9.48,902400
IMMX,2026-05-05,9.5,9.935,8.82,9.56,901100
IMMX,2026-05-06,9.56,10.38,9.36,10.32,1119700
IMMX,2026-05-07,10.25,10.26,9.47,9.54,649600
IMMX,2026-05-08,9.37,10.08,9.18,9.75,661200
IMMX,2026-05-11,9.79,10.1,9.66,9.92,658600
IMMX,2026-05-12,9.98,10.77,9.56,10.66,921300
IMMX,2026-05-13,10.69,10.715,10.27,10.49,562100
IMMX,2026-05-14,10.59,10.7,9.965,10.1,759900
IMMX,2026-05-15,10.03,10.08,9.56,9.94,603300
IMMX,2026-05-18,9.9,9.95,8.95,8.99,806000
IMMX,2026-05-19,8.82,8.948,8.4,8.86,1052900
IMMX,2026-05-20,8.99,9.05,8.47,8.94,644100
IMMX,2026-05-21,9.1,9.49,8.005,8.67,5932600
IMMX,2026-05-22,8.71,8.99,8.46,8.78,2528800
IMMX,2026-05-26,8.89,9.19,8.625,8.84,3651400
IMMX,2026-05-27,8.86,9.77,8.67,8.73,1605800
IMMX,2026-05-28,8.76,8.965,8.53,8.84,1178100
IMMX,2026-05-29,8.82,9.06,8.535,9.0,963900
IMMX,2026-06-01,8.8,9.59,8.45,9.22,1193100
IMMX,2026-06-02,9.2,9.335,8.232,8.365,1380100
IMMX,2026-06-03,8.4,8.765,8.31,8.44,1051900
IMMX,2026-06-04,8.38,8.95,8.33,8.42,1224000
IMMX,2026-06-05,8.37,8.37,7.76,7.93,1267700
IMMX,2026-06-08,8.17,8.295,7.65,7.87,1083000
IMMX,2026-06-09,8.01,8.23,7.8,8.01,1332700
IMMX,2026-06-10,8.03,8.79,8.02,8.18,1109200
IMMX,2026-06-11,8.27,8.405,8.04,8.1,1074300
IMMX,2026-06-12,8.185,8.64,8.04,8.45,1106300
IMMX,2026-06-15,8.58,8.79,8.25,8.47,970600
IMMX,2026-06-16,8.5,8.89,8.19,8.74,2618700
IMMX,2026-06-17,8.9,9.465,8.76,9.13,1963100
IMMX,2026-06-18,9.92,10.19,8.63,8.72,7434800
IMMX,2026-06-22,8.83,9.66,8.83,9.4,1393700
IMMX,2026-06-23,9.23,10.21,9.18,9.91,1631500
IMMX,2026-06-24,9.99,10.5,9.64,10.04,1903500
IMMX,2026-06-25,9.96,10.25,9.64,9.72,1350600
IMMX,2026-06-26,9.66,10.3,9.6,9.98,7137100
IMMX,2026-06-29,10.0,10.54,9.74,10.49,1855700
IMMX,2026-06-30,10.48,10.79,10.27,10.31,2392900
IMMX,2026-07-01,10.15,10.285,9.6,9.83,2049000
IMMX,2026-07-02,9.87,10.46,9.74,10.34,2074500
IMMX,2026-07-06,10.29,11.115,10.29,10.45,1322500
IMMX,2026-07-07,10.59,12.14,10.045,12.02,4242900
IMMX,2026-07-08,11.65,12.0,10.71,11.0,2430300
IMMX,2026-07-09,10.99,11.487,10.73,11.09,1447000
IMMX,2026-07-10,11.09,11.235,10.44,11.11,1624000
IMMX,2026-07-13,11.19,11.19,10.36,10.52,1250200
IMMX,2026-07-14,10.58,11.076,10.485,10.68,1187200
IMMX,2026-07-15,10.66,10.88,10.11,10.53,980700
IMMX,2026-07-16,10.46,10.47,9.81,10.06,1502000
IMMX,2026-07-17,9.8,10.58,9.687,10.25,1058300
IMMX,2026-07-20,10.0,10.054,8.67,8.8,3919500
IMMX,2026-07-21,8.915,9.685,8.83,9.57,2481400
IMMX,2026-07-22,9.78,9.785,9.265,9.41,1806600
IMMX,2026-07-23,9.23,9.455,8.775,8.8,995800
IMMX,2026-07-24,8.88,8.99,8.48,8.52,2318700
IMMX,2026-07-27,8.63,9.39,8.58,8.69,1988100
IMMX,2026-07-28,8.63,8.841,8.1,8.44,1686300
IMMX,2026-07-29,8.47,8.66,8.12,8.17,1367500
IMMX,2026-07-30,8.28,8.63,8.26,8.55,1297100
IMMX,2026-07-31,8.61,8.72,8.21,8.32,1590600
IMMX,2026-08-03,8.27,8.43,7.83,8.42,1618100
IMMX,2026-08-04,8.53,9.38,8.53,9.33,1868900
IMMX,2026-08-05,9.54,9.74,9.28,9.54,1316900
IMMX,2026-08-06,9.52,10.101,9.52,10.06,1220400
IMMX,2026-08-07,10.24,10.31,9.25,9.72,1604700
IMMX,2026-08-10,9.755,10.33,9.66,10.13,1600300
IMMX,2026-08-11,10.14,11.546,9.92,11.49,1820900
IMMX,2026-08-12,11.49,11.72,10.93,11.37,1549100
IMMX,2026-08-13,11.51,11.55,10.825,10.92,1141500
IMMX,2026-08-14,10.85,11.08,10.36,10.97,1295400
IMMX,2026-08-17,10.88,11.53,10.74,11.34,1248600
IMMX,2026-08-18,11.12,11.86,11.061,11.81,1352600
IMMX,2026-08-19,11.99,13.19,11.99,13.19,1975400
IMMX,2026-08-20,12.98,13.2,12.69,13.16,1666200
IMMX,2026-08-21,13.36,13.76,13.12,13.66,1510600
IMMX,2026-08-24,13.66,13.8,12.9,13.61,1415400
IMMX,2026-08-25,13.6,15.1,13.485,14.47,3651500
IMMX,2026-08-26,14.45,14.55,13.8,14.07,1385000
IMMX,2026-08-27,14.03,14.61,13.77,14.31,1511000
IMMX,2026-08-28,14.06,14.17,13.76,13.94,1143400
IMMX,2026-08-31,13.7,14.15,13.52,14.03,1326800
IMMX,2026-09-01,13.86,14.26,13.62,14.01,1277400
IMMX,2026-09-02,14.0,14.23,13.42,13.96,1578200
IMMX,2026-09-03,14.14,14.14,13.52,13.83,987200
IMMX,2026-09-04,13.68,14.085,13.6,13.91,1050700
CDNA,2026-03-03,18.15,18.9,17.62,18.8,1027300
CDNA,2026-03-04,18.81,19.33,18.63,19.06,390700
CDNA,2026-03-05,18.81,19.055,18.41,18.75,703200
CDNA,2026-03-06,18.43,18.515,17.76,17.89,433700
CDNA,2026-03-09,17.68,18.125,17.24,17.74,417800
CDNA,2026-03-10,17.71,17.79,16.94,16.98,397300
CDNA,2026-03-11,16.98,17.19,16.41,17.15,472800
CDNA,2026-03-12,16.91,17.005,16.27,16.45,656800
CDNA,2026-03-13,16.55,17.1,16.46,17.01,536500
CDNA,2026-03-16,17.11,17.46,16.96,17.32,406800
CDNA,2026-03-17,17.44,17.795,17.41,17.6,380100
CDNA,2026-03-18,17.33,17.635,17.19,17.38,594800
CDNA,2026-03-19,17.1,17.83,16.86,17.59,564400
CDNA,2026-03-20,17.6,17.82,16.98,17.15,1041600
CDNA,2026-03-23,17.5,17.88,17.205,17.56,616100
CDNA,2026-03-24,17.57,18.16,17.195,17.84,642000
CDNA,2026-03-25,18.12,18.95,18.0,18.08,723300
CDNA,2026-03-26,17.97,18.28,17.32,17.47,783900
CDNA,2026-03-27,17.34,17.465,16.54,16.78,551500
CDNA,2026-03-30,16.8,16.96,16.24,16.43,621800
CDNA,2026-03-31,16.85,17.38,16.54,17.36,863000
CDNA,2026-04-01,17.76,17.98,17.27,17.87,480500
CDNA,2026-04-02,17.36,18.45,17.32,18.31,341900
CDNA,2026-04-06,18.33,18.485,17.79,17.82,292300
CDNA,2026-04-07,17.81,17.81,17.2,17.67,484000
CDNA,2026-04-08,18.55,18.78,17.65,17.92,713200
CDNA,2026-04-09,17.79,17.865,16.115,16.69,871500
CDNA,2026-04-10,16.69,16.95,15.56,16.05,784300
CDNA,2026-04-13,16.1,16.92,15.805,16.83,504500
CDNA,2026-04-14,16.9,17.7,16.83,17.63,606900
CDNA,2026-04-15,17.67,18.23,17.02,17.57,594200
CDNA,2026-04-16,21.75,22.81,20.1,22.42,2964100
CDNA,2026-04-17,22.97,23.24,20.9,21.42,1389000
CDNA,2026-04-20,21.41,22.0,21.065,21.29,604100
CDNA,2026-04-21,21.23,21.65,20.65,20.73,488600
CDNA,2026-04-22,21.14,21.2,20.5,20.63,477400
CDNA,2026-04-23,20.46,20.77,19.08,20.06,558100
CDNA,2026-04-24,20.2,21.41,19.78,21.23,570700
CDNA,2026-04-27,21.01,21.95,21.01,21.85,654400
CDNA,2026-04-28,21.73,22.41,21.48,21.91,792100
CDNA,2026-04-29,22.37,23.145,18.15,20.8,1841000
CDNA,2026-04-30,20.97,21.815,20.27,20.81,997400
CDNA,2026-05-01,20.97,22.17,20.465,21.5,863500
CDNA,2026-05-04,21.56,21.97,20.85,20.96,680400
CDNA,2026-05-05,21.21,21.285,20.39,20.7,450700
CDNA,2026-05-06,20.99,21.16,20.53,20.95,568400
CDNA,2026-05-07,20.95,22.16,20.92,21.44,647200
CDNA,2026-05-08,21.4,22.25,21.01,21.82,691800
CDNA,2026-05-11,21.84,22.3,21.402,21.55,507100
CDNA,2026-05-12,21.53,22.06,21.12,21.4,437800
CDNA,2026-05-13,21.21,21.41,20.37,20.61,449700
CDNA,2026-05-14,20.59,21.16,20.44,20.49,470300
CDNA,2026-05-15,20.0,20.44,19.73,19.97,637600
CDNA,2026-05-18,19.9,20.84,19.615,20.59,895000
CDNA,2026-05-19,20.42,20.72,20.01,20.53,589400
CDNA,2026-05-20,20.57,21.49,20.43,21.15,1320600
CDNA,2026-05-21,21.08,22.24,20.5,21.57,670300
CDNA,2026-05-22,21.5,22.03,21.11,21.63,522100
CDNA,2026-05-26,21.75,21.965,21.355,21.54,476900
CDNA,2026-05-27,21.39,22.315,21.33,22.16,472900
CDNA,2026-05-28,22.11,23.035,22.071,22.7,773400
CDNA,2026-05-29,22.66,23.095,22.29,22.82,685300
CDNA,2026-06-01,22.73,23.14,21.95,22.8,598900
CDNA,2026-06-02,22.4,22.535,21.72,22.07,904000
CDNA,2026-06-03,22.11,22.32,21.58,22.31,700300
CDNA,2026-06-04,22.77,24.02,22.36,23.12,1604000
CDNA,2026-06-05,23.16,23.51,22.03,22.25,548400
CDNA,2026-06-08,22.25,22.5,21.93,21.95,366100
CDNA,2026-06-09,22.27,23.045,21.62,22.75,754500
CDNA,2026-06-10,22.61,23.76,22.61,23.46,757000
CDNA,2026-06-11,23.54,24.13,22.88,23.66,839500
CDNA,2026-06-12,23.53,23.765,22.78,22.97,769100
CDNA,2026-06-15,23.02,24.126,22.73,24.08,903400
CDNA,2026-06-16,24.09,24.85,23.05,23.25,938000
CDNA,2026-06-17,23.31,24.0,23.0,23.48,970600
CDNA,2026-06-18,23.93,26.26,23.93,26.18,2744500
CDNA,2026-06-22,26.23,26.78,24.9,25.05,735800
CDNA,2026-06-23,24.7,25.645,24.5,25.12,691400
CDNA,2026-06-24,25.41,27.27,25.39,27.13,1429000
CDNA,2026-06-25,27.24,28.42,27.24,27.85,1315800
CDNA,2026-06-26,27.85,29.075,27.76,28.82,1646900
CDNA,2026-06-29,28.75,29.58,28.75,29.28,498300
CDNA,2026-06-30,28.78,29.49,27.87,28.5,642700
CDNA,2026-07-01,28.71,29.455,28.635,29.25,726700
CDNA,2026-07-02,29.82,30.0,28.28,29.19,855900
CDNA,2026-07-06,29.15,29.876,28.98,29.06,723600
CDNA,2026-07-07,29.36,29.425,28.19,28.31,625900
CDNA,2026-07-08,27.92,28.68,27.32,27.55,1642100
CDNA,2026-07-09,27.79,29.15,27.79,29.11,699800
CDNA,2026-07-10,29.05,29.25,28.11,28.51,665600
CDNA,2026-07-13,27.95,28.8,27.68,28.76,561100
CDNA,2026-07-14,28.76,29.16,28.25,28.93,942600
CDNA,2026-07-15,28.97,29.852,28.86,29.75,619200
CDNA,2026-07-16,36.4,40.38,35.5,40.34,4484600
CDNA,2026-07-17,37.79,40.47,37.74,39.73,1763300
CDNA,2026-07-20,39.3,39.84,38.03,38.37,1183800
CDNA,2026-07-21,37.7,39.215,37.25,38.54,1135500
CDNA,2026-07-22,38.31,38.735,37.22,37.78,1034200
CDNA,2026-07-23,38.44,38.72,37.385,37.61,749900
CDNA,2026-07-24,37.8,38.48,37.05,37.14,481200
CDNA,2026-07-27,37.21,37.74,36.25,36.36,603700
CDNA,2026-07-28,36.29,37.09,35.11,35.75,939400
CDNA,2026-07-29,35.77,36.54,35.29,35.41,744500
CDNA,2026-07-30,35.18,38.33,35.01,38.1,1741300
CDNA,2026-07-31,42.49,45.0,40.67,43.71,2780300
CDNA,2026-08-03,47.218,49.76,44.542,47.85,2927000
CDNA,2026-08-04,47.0,48.0,46.24,47.09,1647000
CDNA,2026-08-05,47.0,47.08,45.39,45.5,1119300
CDNA,2026-08-06,46.0,46.0,44.58,44.81,790100
CDNA,2026-08-07,44.88,46.74,44.57,46.69,966500
CDNA,2026-08-10,46.58,48.294,46.088,47.07,1229000
CDNA,2026-08-11,47.07,47.94,46.261,47.23,638400
CDNA,2026-08-12,47.47,47.55,46.54,47.31,984900
CDNA,2026-08-13,47.53,47.95,46.51,47.38,739200
CDNA,2026-08-14,47.035,47.343,45.25,45.32,708800
CDNA,2026-08-17,45.325,47.075,45.02,46.38,733000
CDNA,2026-08-18,45.68,46.517,44.8,46.18,840100
CDNA,2026-08-19,46.85,48.43,46.41,46.51,1887600
CDNA,2026-08-20,45.902,47.845,45.332,46.99,911200
CDNA,2026-08-21,46.99,48.72,46.05,48.61,1159900
CDNA,2026-08-24,48.3,48.51,46.92,47.5,769400
CDNA,2026-08-25,48.13,51.125,47.234,50.8,1784500
CDNA,2026-08-26,50.15,51.08,49.067,50.96,1415300
CDNA,2026-08-27,51.0,53.671,50.765,52.36,1250900
CDNA,2026-08-28,51.495,52.38,49.6,49.79,1178100
CDNA,2026-08-31,49.16,50.28,46.688,50.11,1533700
CDNA,2026-09-01,49.93,50.62,48.25,48.97,1247800
CDNA,2026-09-02,49.55,51.37,48.4,49.6,825700
CDNA,2026-09-03,49.75,50.5,48.386,49.86,636700
CDNA,2026-09-04,49.65,50.99,48.68,50.88,1307200
AUGO,2026-03-03,81.4402,83.464,78.5309,81.9364,925900
AUGO,2026-03-04,85.1376,85.9257,83.4056,83.863,562400
AUGO,2026-03-05,83.5516,83.5516,77.159,79.5428,721600
AUGO,2026-03-06,77.266,79.4747,75.8941,78.4239,456800
AUGO,2026-03-09,74.8238,79.2996,73.2475,78.5406,692300
AUGO,2026-03-10,79.9515,84.69,79.9515,82.7051,679500
AUGO,2026-03-11,81.0478,81.5087,77.9001,81.1949,464700
AUGO,2026-03-12,80.6899,80.6899,77.1009,78.5571,769000
AUGO,2026-03-13,78.9395,79.7828,73.5461,73.9237,551700
AUGO,2026-03-16,73.7619,75.2622,72.6146,75.1151,1136400
AUGO,2026-03-17,76.3605,79.0572,76.3115,77.3607,421000
AUGO,2026-03-18,73.8011,73.9286,70.3199,70.9377,952300
AUGO,2026-03-19,63.5292,66.1915,62.4652,65.1815,1829300
AUGO,2026-03-20,64.9658,64.9658,58.1505,59.8862,2889000
AUGO,2026-03-23,61.1904,65.0491,60.6412,64.1715,1458100
AUGO,2026-03-24,62.3769,65.2599,61.1904,65.1325,682200
AUGO,2026-03-25,70.3984,71.5849,67.7262,70.1042,1283500
AUGO,2026-03-26,66.9172,68.8,64.8383,64.9854,600900
AUGO,2026-03-27,65.1227,68.9421,64.8285,68.7117,779200
AUGO,2026-03-30,70.2022,70.8102,67.9861,69.5256,1106100
AUGO,2026-03-31,71.7565,80.0966,71.6634,80.0182,1216000
AUGO,2026-04-01,82.862,87.466,82.0775,85.696,2285900
AUGO,2026-04-02,79.4298,86.9806,78.9032,85.9902,1227100
AUGO,2026-04-06,86.0392,88.4907,85.3135,87.2944,779900
AUGO,2026-04-07,87.2944,89.4615,85.5391,87.0688,1198200
AUGO,2026-04-08,93.992,94.9726,91.4718,92.6976,1280500
AUGO,2026-04-09,94.6294,97.9242,92.9623,96.8259,818800
AUGO,2026-04-10,97.2476,101.4054,97.2476,99.9933,543200
AUGO,2026-04-13,98.0615,103.1019,96.8456,101.9448,885600
AUGO,2026-04-14,104.0433,107.1518,103.4451,106.5438,1529000
AUGO,2026-04-15,105.7495,106.8478,101.4643,102.9744,1162300
AUGO,2026-04-16,103.906,105.1318,102.7587,103.6216,705700
AUGO,2026-04-17,106.7988,108.1825,105.4946,107.0243,605000
AUGO,2026-04-20,106.0437,106.8871,101.5917,103.1509,609300
AUGO,2026-04-21,102.2193,102.234,94.8108,95.2374,738800
AUGO,2026-04-22,99.9835,100.9641,95.051,96.0218,791000
AUGO,2026-04-23,94.0802,95.8061,85.49,86.7844,1113600
AUGO,2026-04-24,87.8043,89.3713,83.7445,88.5593,702500
AUGO,2026-04-27,87.9122,87.9122,84.681,86.2451,597400
AUGO,2026-04-28,83.2346,83.5876,80.4693,81.9892,737700
AUGO,2026-04-29,80.3222,81.0086,77.2725,79.8515,790800
AUGO,2026-04-30,83.4602,84.1564,81.7196,83.1267,595500
AUGO,2026-05-01,82.9993,82.9993,80.0133,80.5673,516300
AUGO,2026-05-04,79.6652,81.5087,79.017,80.1163,654200
AUGO,2026-05-05,81.8421,82.4894,79.0082,79.1356,528500
AUGO,2026-05-06,84.1564,88.2456,83.0581,87.9612,758500
AUGO,2026-05-07,88.6231,91.0893,78.9787,79.4985,1175700
AUGO,2026-05-08,82.2442,83.215,79.7632,80.5183,671600
AUGO,2026-05-11,81.646,84.0583,78.1845,79.4887,957800
AUGO,2026-05-12,78.7728,83.4602,78.0276,82.0971,901300
AUGO,2026-05-13,81.3224,81.9892,77.5961,77.7236,733600
AUGO,2026-05-14,77.7236,79.8172,76.4929,78.4394,627400
AUGO,2026-05-15,74.2228,75.5956,72.5655,74.9386,1410100
AUGO,2026-05-18,75.2622,77.5471,73.35,74.1737,565300
AUGO,2026-05-19,72.2416,72.96,70.3838,70.8049,649000
AUGO,2026-05-20,72.5389,75.0754,71.0477,74.2629,419600
AUGO,2026-05-21,72.6677,76.0464,72.1772,74.6097,449300
AUGO,2026-05-22,73.9161,74.58,71.4589,71.9146,456100
AUGO,2026-05-26,74.0747,75.3033,72.9302,74.9466,636400
AUGO,2026-05-27,73.3216,75.3033,72.5289,74.0747,580300
AUGO,2026-05-28,73.4108,77.2532,72.5289,75.1844,615300
AUGO,2026-05-29,74.1638,77.9369,73.5,76.5616,5244300
AUGO,2026-06-01,73.9062,75.6461,71.5282,71.6372,789500
AUGO,2026-06-02,71.7462,72.1723,66.475,67.4163,933100
AUGO,2026-06-03,66.3858,67.6144,63.1359,63.6412,1079800
AUGO,2026-06-04,65.177,67.872,64.6915,66.2471,565000
AUGO,2026-06-05,63.8592,64.0276,59.6085,59.8463,827000
AUGO,2026-06-08,60.6489,60.8173,57.5476,58.1421,815400
AUGO,2026-06-09,59.1428,59.2023,54.1391,56.527,792800
AUGO,2026-06-10,54.5949,55.9672,52.7123,52.8114,724000
AUGO,2026-06-11,53.2176,56.7648,52.3705,56.0613,1435300
AUGO,2026-06-12,57.4188,60.8173,56.4775,60.3318,884000
AUGO,2026-06-15,65.3454,69.3484,65.1671,65.5733,1337700
AUGO,2026-06-16,66.4997,68.6746,65.6427,65.7616,890000
AUGO,2026-06-17,65.821,70.3888,65.1869,65.3751,1304600
AUGO,2026-06-18,64.1465,66.4016,61.4217,62.9575,2932000
AUGO,2026-06-22,63.3142,64.7509,62.3036,64.6617,602900
AUGO,2026-06-23,61.0947,62.5017,60.1435,60.9362,601600
AUGO,2026-06-24,58.7167,59.3013,56.423,57.3593,1388400
AUGO,2026-06-25,59.1626,61.2285,57.3048,60.5696,1111100
AUGO,2026-06-26,61.2929,65.2909,61.0452,63.4926,3712800
AUGO,2026-06-29,61.9469,63.1061,60.0296,63.0665,848000
AUGO,2026-06-30,62.5215,62.7395,59.446,62.3729,716400
AUGO,2026-07-01,62.3729,64.5557,59.9057,59.9454,978600
AUGO,2026-07-02,63.2647,64.8896,62.2243,64.8599,1380400
AUGO,2026-07-06,65.9994,67.3865,64.2178,67.1091,1139200
AUGO,2026-07-07,67.0001,67.0001,61.392,62.7891,1783900
AUGO,2026-07-08,59.7373,62.2312,57.5872,59.2716,1023700
AUGO,2026-07-09,61.3325,63.0863,60.2079,62.7891,850000
AUGO,2026-07-10,62.581,63.9493,60.0841,60.2525,786000
AUGO,2026-07-13,58.6573,59.0239,51.771,53.0195,1345100
AUGO,2026-07-14,55.5362,58.6771,55.2885,56.5468,1018700
AUGO,2026-07-15,55.8929,56.9531,53.614,54.4066,772000
AUGO,2026-07-16,52.3061,52.5339,49.3781,49.7992,1258900
AUGO,2026-07-17,49.3435,50.8297,47.6095,49.7596,801200
AUGO,2026-07-20,49.4921,50.3739,49.0413,49.611,652100
AUGO,2026-07-21,51.0576,54.4958,51.0576,54.3274,770300
AUGO,2026-07-22,55.4866,57.5208,55.1497,55.3776,579500
AUGO,2026-07-23,52.9006,54.7534,52.6925,54.5949,538100
AUGO,2026-07-24,55.2389,55.7987,53.6734,54.3075,508400
AUGO,2026-07-27,54.3075,55.5857,53.2523,55.2686,494600
AUGO,2026-07-28,54.1193,55.0011,52.3259,54.5453,584300
AUGO,2026-07-29,54.149,55.9672,52.524,54.0004,567400
AUGO,2026-07-30,55.8334,57.5476,55.4371,56.4279,823900
AUGO,2026-07-31,54.7435,54.9417,53.3613,54.0697,887500
AUGO,2026-08-03,54.3967,56.1505,52.9996,56.091,766900
AUGO,2026-08-04,58.0727,58.9347,56.527,57.2602,740300
AUGO,2026-08-05,61.5456,65.5337,59.6779,65.1572,2210600
AUGO,2026-08-06,64.0771,66.6731,62.9476,65.0283,803100
AUGO,2026-08-07,69.279,73.5594,69.0809,73.4504,1331600
AUGO,2026-08-10,73.7576,75.6154,71.8304,75.551,1075300
AUGO,2026-08-11,75.7194,77.5921,73.7378,75.3627,619500
AUGO,2026-08-12,78.0578,78.2163,75.9275,76.8193,953600
AUGO,2026-08-13,74.9664,75.0358,72.846,74.1638,667000
AUGO,2026-08-14,75.2736,76.6805,74.3917,75.3231,427700
AUGO,2026-08-17,76.2941,79.2666,75.3429,77.82,542200
AUGO,2026-08-18,75.46,76.92,74.09,76.24,564000
AUGO,2026-08-19,80.12,85.258,79.71,85.0,1833300
AUGO,2026-08-20,83.58,87.74,83.02,86.69,1810100
AUGO,2026-08-21,89.1,90.1,87.18,87.26,1105900
AUGO,2026-08-24,88.6,90.0,85.64,87.37,905400
AUGO,2026-08-25,85.78,90.64,85.5,90.47,694500
AUGO,2026-08-26,88.24,90.11,88.07,89.3,625900
AUGO,2026-08-27,88.71,90.095,88.095,89.12,583400
AUGO,2026-08-28,89.21,90.07,81.975,84.53,1626000
AUGO,2026-08-31,83.24,83.81,79.49,83.58,1477700
AUGO,2026-09-01,81.0,84.6,78.59,79.045,1091700
AUGO,2026-09-02,83.0,85.66,82.09,84.6,721100
AUGO,2026-09-03,88.02,88.875,86.65,88.11,688400
AUGO,2026-09-04,83.88,85.69,83.065,84.91,849400
GLXY,2026-03-03,20.69,21.27,19.92,20.68,3612900
GLXY,2026-03-04,21.78,24.595,21.765,24.34,8559200
GLXY,2026-03-05,23.9,24.17,22.1,22.73,4850100
GLXY,2026-03-06,21.57,22.03,20.39,20.555,5746500
GLXY,2026-03-09,20.48,21.64,20.038,21.495,4554800
GLXY,2026-03-10,21.485,22.5,21.08,21.83,4323900
GLXY,2026-03-11,21.75,22.55,21.27,21.46,4101600
GLXY,2026-03-12,21.2,21.26,20.39,20.63,2837900
GLXY,2026-03-13,21.61,22.39,21.51,22.35,7055800
GLXY,2026-03-16,23.39,24.4,22.98,23.1,6803400
GLXY,2026-03-17,22.94,23.81,22.76,23.5,2979700
GLXY,2026-03-18,22.75,23.27,21.56,21.58,3772900
GLXY,2026-03-19,21.16,21.78,20.41,21.05,11288800
GLXY,2026-03-20,20.4,20.86,19.8,20.72,5585300
GLXY,2026-03-23,20.91,21.85,20.68,21.7,4927800
GLXY,2026-03-24,21.45,22.015,20.75,21.3,4607200
GLXY,2026-03-25,21.89,22.3,21.09,21.33,3565900
GLXY,2026-03-26,20.88,21.105,19.53,19.61,4776700
GLXY,2026-03-27,18.9,19.165,17.79,18.0,6684700
GLXY,2026-03-30,18.5,18.99,16.785,17.15,6081000
GLXY,2026-03-31,17.57,18.63,17.53,18.45,6847000
GLXY,2026-04-01,18.83,18.93,17.31,17.37,7738400
GLXY,2026-04-02,16.73,17.685,16.43,17.64,5334100
GLXY,2026-04-06,17.65,18.295,17.59,18.28,2778600
GLXY,2026-04-07,17.96,18.675,17.18,18.63,5313600
GLXY,2026-04-08,20.33,20.8,18.62,19.0,5340900
GLXY,2026-04-09,18.71,21.49,18.71,21.15,7710800
GLXY,2026-04-10,21.6,22.52,21.18,21.66,6404000
GLXY,2026-04-13,21.18,22.73,20.76,22.5,5829600
GLXY,2026-04-14,23.715,24.415,23.46,23.72,6232400
GLXY,2026-04-15,23.23,24.45,23.038,24.04,4746600
GLXY,2026-04-16,24.89,24.89,23.54,24.43,3296900
GLXY,2026-04-17,25.0,27.1,24.915,25.84,9500300
GLXY,2026-04-20,25.04,27.125,24.96,26.8,6142000
GLXY,2026-04-21,26.71,27.0,24.86,24.95,5408500
GLXY,2026-04-22,26.0,27.12,25.76,26.8,5007600
GLXY,2026-04-23,26.3,26.75,25.54,26.28,4150400
GLXY,2026-04-24,26.68,26.8,25.36,26.005,3407100
GLXY,2026-04-27,25.94,26.26,24.3,25.05,7213500
GLXY,2026-04-28,24.655,26.92,23.86,26.36,7437400
GLXY,2026-04-29,26.41,26.725,24.53,25.42,5771000
GLXY,2026-04-30,25.89,27.575,25.71,27.44,7669700
GLXY,2026-05-01,28.25,29.14,27.68,28.11,8026300
GLXY,2026-05-04,28.56,29.59,28.14,29.17,5249600
GLXY,2026-05-05,29.55,30.7,29.38,30.32,4750000
GLXY,2026-05-06,31.0,31.555,29.824,31.12,5242600
GLXY,2026-05-07,30.495,30.495,28.51,29.3,4576400
GLXY,2026-05-08,29.82,30.28,28.2,30.23,4549300
GLXY,2026-05-11,29.77,32.28,29.16,31.68,5453000
GLXY,2026-05-12,30.9,31.61,30.19,31.38,4427900
GLXY,2026-05-13,31.33,31.88,30.4,30.81,4683100
GLXY,2026-05-14,30.81,33.0,30.05,32.04,5250200
GLXY,2026-05-15,30.45,30.66,29.38,29.61,4051000
GLXY,2026-05-18,28.57,28.65,27.07,27.87,5217900
GLXY,2026-05-19,27.51,28.08,26.245,27.55,3097000
GLXY,2026-05-20,27.86,28.61,27.62,27.77,2864100
GLXY,2026-05-21,28.08,29.64,27.98,29.57,4186600
GLXY,2026-05-22,29.58,29.8,28.08,28.65,4063100
GLXY,2026-05-26,29.305,30.82,29.17,29.62,4281400
GLXY,2026-05-27,29.56,30.15,28.66,29.97,3272700
GLXY,2026-05-28,29.0,30.44,28.31,30.13,3982500
GLXY,2026-05-29,29.585,30.115,28.53,29.58,5584500
GLXY,2026-06-01,28.69,31.18,28.07,30.81,6468700
GLXY,2026-06-02,30.25,30.94,28.595,29.06,5227900
GLXY,2026-06-03,28.305,30.04,27.8,28.49,7019200
GLXY,2026-06-04,27.515,30.23,26.9,28.41,8428100
GLXY,2026-06-05,27.16,27.31,24.05,25.14,12119300
GLXY,2026-06-08,26.275,31.8,26.2,30.51,19328300
GLXY,2026-06-09,30.75,32.85,29.77,32.68,12874500
GLXY,2026-06-10,32.07,33.78,30.09,30.15,8654000
GLXY,2026-06-11,30.19,33.45,29.635,33.27,7782400
GLXY,2026-06-12,33.92,35.6,32.74,33.36,8894000
GLXY,2026-06-15,35.44,35.44,33.23,33.63,7021100
GLXY,2026-06-16,33.16,34.2,32.62,33.18,4392600
GLXY,2026-06-17,33.21,35.41,32.4,33.04,6735700
GLXY,2026-06-18,34.315,35.3,33.438,34.2,6929700
GLXY,2026-06-22,34.56,36.1,32.95,33.12,5060400
GLXY,2026-06-23,31.065,32.89,30.6,31.35,7298700
GLXY,2026-06-24,31.5,31.676,28.02,28.58,6773000
GLXY,2026-06-25,30.75,30.77,27.42,28.26,8650400
GLXY,2026-06-26,27.51,29.47,26.88,29.26,15674300
GLXY,2026-06-29,29.13,29.63,27.06,28.53,7253000
GLXY,2026-06-30,27.54,27.956,26.362,27.34,9054200
GLXY,2026-07-01,26.925,27.39,25.24,25.86,9338000
GLXY,2026-07-02,26.37,27.51,24.145,24.59,8353800
GLXY,2026-07-06,25.28,26.005,24.81,25.4,5232200
GLXY,2026-07-07,24.85,25.63,23.29,24.73,9418300
GLXY,2026-07-08,23.99,24.94,23.502,24.86,8233600
GLXY,2026-07-09,25.52,26.0,24.93,25.1,5268600
GLXY,2026-07-10,26.0,26.66,24.765,24.88,4849200
GLXY,2026-07-13,24.4,25.13,23.035,23.35,4746800
GLXY,2026-07-14,23.88,24.49,23.11,24.22,4865900
GLXY,2026-07-15,24.75,25.2,23.51,24.58,4822000
GLXY,2026-07-16,23.76,23.913,22.26,22.31,5389400
GLXY,2026-07-17,21.49,22.43,21.01,21.63,6823800
GLXY,2026-07-20,22.48,24.0,22.39,23.66,5362100
GLXY,2026-07-21,24.38,26.01,24.375,25.41,8039700
GLXY,2026-07-22,24.41,26.05,24.33,24.79,4362200
GLXY,2026-07-23,23.96,25.43,23.66,24.32,4335900
GLXY,2026-07-24,24.0,24.41,22.6,22.68,4595000
GLXY,2026-07-27,23.11,23.9,21.98,22.7,4695000
GLXY,2026-07-28,21.63,21.63,19.94,20.94,6969900
GLXY,2026-07-29,20.96,21.02,18.22,18.26,8031700
GLXY,2026-07-30,19.4,21.805,19.38,21.52,8212700
GLXY,2026-07-31,22.495,22.495,20.39,21.01,5319600
GLXY,2026-08-03,20.43,22.1,20.15,21.88,5189400
GLXY,2026-08-04,21.54,22.645,21.5,22.14,7067300
GLXY,2026-08-05,20.48,20.64,18.81,19.065,16148700
GLXY,2026-08-06,18.925,20.45,18.65,19.54,8628400
GLXY,2026-08-07,20.45,20.875,19.8,20.17,6404300
GLXY,2026-08-10,20.55,20.55,19.445,19.52,5231100
GLXY,2026-08-11,20.8,21.1,20.1,20.13,7419900
GLXY,2026-08-12,21.745,21.97,21.02,21.08,6059100
GLXY,2026-08-13,21.02,22.57,20.91,20.95,6230300
GLXY,2026-08-14,21.0,21.865,20.95,21.66,5286000
GLXY,2026-08-17,21.54,22.59,21.2,21.87,5746200
GLXY,2026-08-18,20.91,21.5,20.14,20.43,6216600
GLXY,2026-08-19,20.41,22.36,20.01,21.9,8522900
GLXY,2026-08-20,23.45,23.56,22.58,23.47,6644300
GLXY,2026-08-21,24.25,25.1,23.3,23.64,8046900
GLXY,2026-08-24,23.46,23.835,22.53,22.84,4737500
GLXY,2026-08-25,22.85,25.145,22.735,24.79,8071900
GLXY,2026-08-26,23.86,24.81,23.71,24.64,4514000
GLXY,2026-08-27,25.06,26.2,24.52,25.29,7215500
GLXY,2026-08-28,24.665,25.09,23.105,23.21,4818800
GLXY,2026-08-31,23.15,24.98,22.81,24.6,5759100
GLXY,2026-09-01,23.58,24.17,23.06,23.43,4671100
GLXY,2026-09-02,23.01,24.23,22.82,24.06,2488500
GLXY,2026-09-03,24.6,27.19,24.35,26.5,8513300
GLXY,2026-09-04,25.78,26.65,25.78,26.33,3652000
MEC,2026-03-03,21.01,21.18,20.44,21.11,151300
MEC,2026-03-04,18.36,21.25,18.01,19.56,712800
MEC,2026-03-05,20.68,20.99,18.5,18.85,489200
MEC,2026-03-06,18.38,19.19,18.235,19.18,338700
MEC,2026-03-09,18.66,19.12,18.26,18.84,142600
MEC,2026-03-10,18.62,19.35,18.53,19.04,200300
MEC,2026-03-11,18.92,19.23,17.72,17.89,244900
MEC,2026-03-12,17.49,17.75,17.06,17.26,187500
MEC,2026-03-13,17.28,17.78,16.6,16.67,131300
MEC,2026-03-16,16.79,17.63,16.75,17.55,176300
MEC,2026-03-17,17.61,17.74,16.93,17.21,146800
MEC,2026-03-18,17.32,17.53,16.6,17.01,154800
MEC,2026-03-19,16.81,17.4,16.71,17.29,151600
MEC,2026-03-20,17.25,17.29,16.5,16.64,144000
MEC,2026-03-23,17.18,17.62,16.869,17.25,117800
MEC,2026-03-24,17.1,18.17,16.889,17.85,134100
MEC,2026-03-25,18.15,18.47,17.545,18.3,137400
MEC,2026-03-26,18.5,18.84,17.89,18.04,115800
MEC,2026-03-27,17.96,18.52,17.52,17.7,82600
MEC,2026-03-30,17.78,18.09,17.42,17.48,116200
MEC,2026-03-31,17.78,18.06,17.33,17.95,235900
MEC,2026-04-01,18.18,18.57,17.86,17.92,141800
MEC,2026-04-02,17.65,18.25,17.31,18.21,127200
MEC,2026-04-06,18.08,18.31,17.915,18.17,56700
MEC,2026-04-07,18.12,18.31,17.68,18.26,61200
MEC,2026-04-08,19.07,20.14,18.985,19.86,183800
MEC,2026-04-09,19.3,20.62,19.3,20.5,156200
MEC,2026-04-10,20.27,20.81,20.245,20.48,147000
MEC,2026-04-13,20.42,20.93,20.36,20.9,155300
MEC,2026-04-14,20.85,21.045,20.229,20.72,107100
MEC,2026-04-15,20.55,20.94,19.62,20.3,146100
MEC,2026-04-16,20.11,20.29,19.59,19.77,79000
MEC,2026-04-17,20.18,21.05,20.06,21.02,118200
MEC,2026-04-20,20.89,21.25,20.191,21.18,83900
MEC,2026-04-21,21.25,21.58,20.89,20.98,53300
MEC,2026-04-22,21.13,21.4,20.71,21.4,79900
MEC,2026-04-23,21.58,21.83,20.94,21.39,80800
MEC,2026-04-24,21.28,21.96,20.79,21.96,94600
MEC,2026-04-27,21.86,22.34,21.51,21.81,62400
MEC,2026-04-28,21.68,22.0,21.176,21.92,91600
MEC,2026-04-29,21.94,22.56,21.485,21.83,214900
MEC,2026-04-30,21.78,22.82,21.49,22.81,263500
MEC,2026-05-01,22.79,22.83,22.02,22.24,111100
MEC,2026-05-04,22.06,22.75,21.82,22.15,127400
MEC,2026-05-05,22.28,23.63,22.18,22.75,363800
MEC,2026-05-06,23.75,24.38,21.039,23.35,309400
MEC,2026-05-07,24.0,26.8,23.76,25.99,436700
MEC,2026-05-08,26.0,27.2,25.72,27.2,304800
MEC,2026-05-11,27.94,28.145,26.33,27.26,352300
MEC,2026-05-12,26.63,27.38,26.01,26.55,516900
MEC,2026-05-13,26.73,26.73,25.2,25.65,574400
MEC,2026-05-14,26.01,26.7,25.1,25.39,300300
MEC,2026-05-15,24.9,25.945,24.63,25.29,342000
MEC,2026-05-18,25.36,25.81,24.78,24.92,229700
MEC,2026-05-19,24.55,24.98,23.16,23.55,211500
MEC,2026-05-20,22.14,23.95,21.0,23.95,2487600
MEC,2026-05-21,23.98,24.06,22.33,23.13,433500
MEC,2026-05-22,23.41,25.52,23.27,25.45,763800
MEC,2026-05-26,25.76,26.69,25.31,26.65,470300
MEC,2026-05-27,26.71,27.3,26.31,27.13,474300
MEC,2026-05-28,26.82,27.495,26.07,26.11,333000
MEC,2026-05-29,26.04,26.91,25.77,26.85,271400
MEC,2026-06-01,27.18,31.0,26.85,30.88,956900
MEC,2026-06-02,30.98,32.5,30.09,32.33,988100
MEC,2026-06-03,31.42,33.5,30.1,32.55,1220300
MEC,2026-06-04,32.0,32.99,30.06,32.68,992600
MEC,2026-06-05,32.45,33.37,31.34,33.25,820900
MEC,2026-06-08,33.28,35.05,32.76,33.6,1000800
MEC,2026-06-09,33.62,35.225,32.8,34.74,760200
MEC,2026-06-10,34.46,34.86,33.38,33.84,866000
MEC,2026-06-11,34.44,36.24,34.165,35.24,611600
MEC,2026-06-12,35.27,36.5,35.0,35.48,547000
MEC,2026-06-15,35.96,36.0,33.78,34.74,781500
MEC,2026-06-16,34.85,35.3,34.33,35.12,377900
MEC,2026-06-17,35.2,35.745,33.064,33.51,570200
MEC,2026-06-18,34.23,35.765,33.45,35.68,637200
MEC,2026-06-22,35.61,35.99,34.28,34.71,343600
MEC,2026-06-23,34.12,34.71,33.565,34.16,309900
MEC,2026-06-24,34.18,34.64,33.49,34.39,437700
MEC,2026-06-25,34.71,35.47,34.235,35.29,544900
MEC,2026-06-26,35.25,37.02,34.15,37.0,1348200
MEC,2026-06-29,37.1,37.58,35.5,37.54,619300
MEC,2026-06-30,37.7,38.76,37.175,37.46,719800
MEC,2026-07-01,37.0,37.265,34.96,35.21,674400
MEC,2026-07-02,35.21,35.7,33.0,33.55,635800
MEC,2026-07-06,33.67,34.84,33.66,34.41,419900
MEC,2026-07-07,34.0,34.17,32.17,33.08,495800
MEC,2026-07-08,32.55,33.44,31.44,32.57,331600
MEC,2026-07-09,33.46,34.24,33.03,33.52,316100
MEC,2026-07-10,33.42,34.18,32.317,33.72,216500
MEC,2026-07-13,34.39,34.76,32.72,32.83,369400
MEC,2026-07-14,33.82,35.39,33.32,34.49,486800
MEC,2026-07-15,34.65,35.255,33.07,33.93,352100
MEC,2026-07-16,33.56,35.015,32.48,32.5,443800
MEC,2026-07-17,31.68,32.03,28.52,30.92,1154500
MEC,2026-07-20,30.91,31.11,28.33,29.1,769200
MEC,2026-07-21,29.78,30.4,29.37,30.09,270300
MEC,2026-07-22,30.56,31.37,29.51,30.1,477200
MEC,2026-07-23,29.93,31.32,29.22,30.41,605600
MEC,2026-07-24,30.75,31.01,29.64,30.29,417400
MEC,2026-07-27,30.7,31.005,28.83,29.45,607200
MEC,2026-07-28,29.02,29.735,26.3,27.81,773500
MEC,2026-07-29,27.67,28.19,25.025,25.4,815100
MEC,2026-07-30,26.0,26.215,25.22,25.89,585700
MEC,2026-07-31,26.46,26.505,24.85,25.67,599600
MEC,2026-08-03,25.64,26.66,25.06,26.55,840400
MEC,2026-08-04,26.56,28.7,26.38,27.73,979300
MEC,2026-08-05,28.545,28.63,25.2,25.5,1438000
MEC,2026-08-06,25.09,26.535,24.67,24.83,610800
MEC,2026-08-07,25.02,25.085,23.78,24.18,783800
MEC,2026-08-10,23.95,24.17,22.7,22.89,1011700
MEC,2026-08-11,22.96,23.47,22.49,22.5,616800
MEC,2026-08-12,23.14,24.675,23.067,23.38,575400
MEC,2026-08-13,23.73,23.78,23.15,23.4,377200
MEC,2026-08-14,23.36,24.16,23.11,24.09,291200
MEC,2026-08-17,24.09,25.09,23.74,24.5,343700
MEC,2026-08-18,24.52,24.605,22.88,23.28,520100
MEC,2026-08-19,23.48,23.54,22.05,22.59,853000
MEC,2026-08-20,22.6,22.779,21.91,22.65,467000
MEC,2026-08-21,22.92,23.2,21.49,21.73,875400
MEC,2026-08-24,21.64,21.64,20.94,21.16,442000
MEC,2026-08-25,21.68,22.01,20.38,20.5,551500
MEC,2026-08-26,20.56,20.883,20.04,20.67,642800
MEC,2026-08-27,20.93,21.05,20.22,20.34,414900
MEC,2026-08-28,20.31,20.34,19.15,19.32,441000
MEC,2026-08-31,19.34,19.4,18.77,19.36,554000
MEC,2026-09-01,19.11,19.86,19.01,19.2,528400
MEC,2026-09-02,19.18,19.58,18.89,19.23,292700
MEC,2026-09-03,19.41,19.75,18.71,19.43,260600
MEC,2026-09-04,19.11,20.13,18.85,19.66,323500
AUUD,2026-03-03,5.814,5.907,5.6589,5.6667,17621
AUUD,2026-03-04,5.6977,5.907,5.3488,5.7287,21143
AUUD,2026-03-05,5.845,5.969,5.5814,5.9612,17918
AUUD,2026-03-06,5.845,5.938,5.4574,5.5969,23014
AUUD,2026-03-09,5.5736,5.6589,5.2713,5.6589,22652
AUUD,2026-03-10,5.6202,6.3566,5.2016,6.2016,27593
AUUD,2026-03-11,6.3566,6.5116,6.0465,6.2093,53303
AUUD,2026-03-12,6.2868,6.7829,6.2016,6.7054,39900
AUUD,2026-03-13,6.7054,6.9767,6.4651,6.907,25052
AUUD,2026-03-16,6.8837,7.6047,6.8605,7.4729,39758
AUUD,2026-03-17,7.6357,7.6744,6.5349,6.5349,26961
AUUD,2026-03-18,6.6589,6.6589,6.1473,6.4961,12939
AUUD,2026-03-19,6.5116,6.5659,5.7364,6.1628,14009
AUUD,2026-03-20,5.938,6.9612,5.8915,6.4186,22446
AUUD,2026-03-23,6.4186,6.4186,5.9767,6.0853,5560
AUUD,2026-03-24,6.0775,6.0775,5.6977,5.7442,6811
AUUD,2026-03-25,5.907,6.3643,5.5814,6.3643,22988
AUUD,2026-03-26,6.4341,6.5814,6.1628,6.3101,10359
AUUD,2026-03-27,6.4496,6.4496,5.8605,5.938,18886
AUUD,2026-03-30,5.7442,5.7442,5.1008,5.1473,48762
AUUD,2026-03-31,5.2713,5.2713,3.9535,4.4031,103884
AUUD,2026-04-01,4.41,5.52,4.1,5.45,228200
AUUD,2026-04-02,4.83,5.245,4.42,5.2,71600
AUUD,2026-04-06,4.99,4.99,4.755,4.76,49100
AUUD,2026-04-07,4.74,4.77,4.46,4.46,38200
AUUD,2026-04-08,4.28,4.47,3.68,3.68,84800
AUUD,2026-04-09,3.74,3.96,3.31,3.8,104300
AUUD,2026-04-10,3.73,3.98,3.56,3.73,38900
AUUD,2026-04-13,3.76,3.99,3.7,3.96,57700
AUUD,2026-04-14,4.0,4.82,3.947,4.54,124800
AUUD,2026-04-15,4.47,4.68,4.37,4.65,41000
AUUD,2026-04-16,4.59,4.68,4.461,4.68,26200
AUUD,2026-04-17,4.59,5.015,4.59,4.6,62900
AUUD,2026-04-20,4.67,4.72,4.41,4.53,33100
AUUD,2026-04-21,4.45,4.45,4.2,4.22,21900
AUUD,2026-04-22,4.21,4.21,3.8,3.87,39600
AUUD,2026-04-23,6.85,10.1,4.45,5.06,76191200
AUUD,2026-04-24,1.99,2.19,1.7,1.83,11945800
AUUD,2026-04-27,1.74,1.8,1.46,1.5,1565000
AUUD,2026-04-28,1.65,1.84,1.59,1.73,4723800
AUUD,2026-04-29,1.67,1.75,1.59,1.69,946400
AUUD,2026-04-30,1.66,1.81,1.64,1.75,1012300
AUUD,2026-05-01,1.82,1.92,1.75,1.82,748200
AUUD,2026-05-04,1.82,1.95,1.73,1.85,716400
AUUD,2026-05-05,1.88,1.88,1.62,1.7,497200
AUUD,2026-05-06,1.74,1.74,1.65,1.68,266900
AUUD,2026-05-07,1.6,1.63,1.48,1.57,418100
AUUD,2026-05-08,1.57,1.57,1.46,1.46,361200
AUUD,2026-05-11,1.43,1.439,1.22,1.23,590500
AUUD,2026-05-12,1.23,1.34,1.16,1.31,1156500
AUUD,2026-05-13,1.33,1.37,1.29,1.34,303500
AUUD,2026-05-14,1.34,1.34,1.19,1.22,511400
AUUD,2026-05-15,2.09,2.28,1.74,1.96,138627600
AUUD,2026-05-18,2.08,2.57,1.89,2.37,30288800
AUUD,2026-05-19,2.13,2.36,1.51,1.6,5733800
AUUD,2026-05-20,1.47,1.57,1.37,1.4,1622800
AUUD,2026-05-21,1.72,1.77,1.55,1.6,4568800
AUUD,2026-05-22,1.61,1.64,1.45,1.49,1083800
AUUD,2026-05-26,1.5,1.6,1.48,1.53,548300
AUUD,2026-05-27,1.49,1.49,1.38,1.4,638600
AUUD,2026-05-28,1.38,1.41,1.325,1.37,755100
AUUD,2026-05-29,1.36,1.42,1.32,1.41,479200
AUUD,2026-06-01,1.4,1.455,1.37,1.4,623000
AUUD,2026-06-02,1.4,1.4,1.3,1.31,451400
AUUD,2026-06-03,1.31,1.39,1.23,1.37,750500
AUUD,2026-06-04,1.39,1.8,1.38,1.48,17924200
AUUD,2026-06-05,1.475,1.485,1.27,1.31,1280500
AUUD,2026-06-08,1.26,1.339,1.26,1.29,391400
AUUD,2026-06-09,1.27,1.32,1.2,1.3,517300
AUUD,2026-06-10,1.29,1.357,1.25,1.29,386000
AUUD,2026-06-11,1.29,1.43,1.274,1.37,818100
AUUD,2026-06-12,1.33,1.35,1.28,1.32,361400
AUUD,2026-06-15,1.31,1.42,1.31,1.38,381100
AUUD,2026-06-16,1.34,1.39,1.33,1.38,219100
AUUD,2026-06-17,1.36,1.39,1.33,1.34,312100
AUUD,2026-06-18,1.32,1.4,1.31,1.38,281900
AUUD,2026-06-22,1.378,1.44,1.36,1.38,881300
AUUD,2026-06-23,1.36,1.36,1.29,1.31,249800
AUUD,2026-06-24,1.29,1.31,1.26,1.29,270300
AUUD,2026-06-25,1.3,1.3,1.25,1.26,181400
AUUD,2026-06-26,1.25,1.3,1.22,1.27,194000
AUUD,2026-06-29,1.3,1.3,1.22,1.26,199700
AUUD,2026-06-30,1.28,1.4,1.25,1.35,478500
AUUD,2026-07-01,1.33,1.365,1.31,1.36,367500
AUUD,2026-07-02,1.36,1.43,1.34,1.4,330500
AUUD,2026-07-06,1.39,1.47,1.36,1.43,296400
AUUD,2026-07-07,1.39,1.419,1.22,1.24,485900
AUUD,2026-07-08,1.26,1.35,1.181,1.31,604300
AUUD,2026-07-09,1.31,1.36,1.29,1.36,115100
AUUD,2026-07-10,1.33,1.346,1.31,1.32,89800
AUUD,2026-07-13,1.32,1.32,1.255,1.29,158200
AUUD,2026-07-14,1.27,1.3,1.25,1.29,106100
AUUD,2026-07-15,1.28,1.38,1.26,1.37,172400
AUUD,2026-07-16,1.35,1.4,1.3,1.35,146700
AUUD,2026-07-17,1.33,1.376,1.25,1.25,449800
AUUD,2026-07-20,1.25,1.27,1.2,1.21,180800
AUUD,2026-07-21,1.21,1.235,1.19,1.22,125700
AUUD,2026-07-22,1.22,1.22,1.11,1.14,270400
AUUD,2026-07-23,1.1,1.13,1.04,1.06,622100
AUUD,2026-07-24,1.06,1.11,1.06,1.07,153900
AUUD,2026-07-27,1.07,1.08,1.06,1.07,277500
AUUD,2026-07-28,1.07,1.09,1.05,1.08,153600
AUUD,2026-07-29,1.05,1.1,1.05,1.06,103800
AUUD,2026-07-30,1.05,1.105,1.049,1.05,121200
AUUD,2026-07-31,1.05,1.07,1.02,1.02,96300
AUUD,2026-08-03,1.02,1.05,1.02,1.02,54300
AUUD,2026-08-04,1.02,1.09,1.02,1.05,102600
AUUD,2026-08-05,1.04,1.07,1.02,1.03,77100
AUUD,2026-08-06,1.03,1.04,0.95,0.95,154800
AUUD,2026-08-07,1.02,1.02,0.816,0.822,388000
AUUD,2026-08-10,1.43,1.54,1.07,1.32,136632400
AUUD,2026-08-11,1.32,1.33,1.22,1.25,2800800
AUUD,2026-08-12,1.1,1.23,1.1,1.11,814000
AUUD,2026-08-13,1.04,1.09,1.02,1.02,461100
AUUD,2026-08-14,1.0,1.04,0.931,1.02,456300
AUUD,2026-08-17,0.981,1.02,0.922,0.97,11716000
AUUD,2026-08-18,1.02,1.12,0.99,1.09,5503000
AUUD,2026-08-19,1.03,1.058,0.98,1.03,600400
AUUD,2026-08-20,0.98,1.05,0.98,1.01,335100
AUUD,2026-08-21,1.04,1.04,1.01,1.02,154800
AUUD,2026-08-24,1.0,1.02,0.98,1.01,287200
AUUD,2026-08-25,1.0,1.01,0.956,0.97,278600
AUUD,2026-08-26,0.97,1.02,0.961,1.0,265100
AUUD,2026-08-27,1.01,1.02,0.99,1.0,108000
AUUD,2026-08-28,1.01,1.01,0.964,0.966,101700
AUUD,2026-08-31,0.979,0.99,0.969,0.987,84800
AUUD,2026-09-01,0.96,1.08,0.89,0.999,18924900
AUUD,2026-09-02,0.96,1.07,0.96,1.03,792300
AUUD,2026-09-03,1.04,1.06,1.0,1.0,367600
AUUD,2026-09-04,1.01,1.02,1.0,1.0,114700
LIF,2026-03-03,43.49,46.28,41.24,43.97,4130600
LIF,2026-03-04,43.41,46.02,43.41,44.86,1713400
LIF,2026-03-05,44.93,45.85,43.59,44.91,1130600
LIF,2026-03-06,44.88,46.01,43.67,45.08,1118800
LIF,2026-03-09,45.37,47.99,44.975,47.57,2607500
LIF,2026-03-10,47.57,48.09,45.37,46.38,1628300
LIF,2026-03-11,46.69,48.025,45.07,45.08,1382900
LIF,2026-03-12,43.0,44.43,41.19,41.21,1978700
LIF,2026-03-13,41.4,42.84,40.98,41.22,1364600
LIF,2026-03-16,41.84,42.565,39.97,41.03,1373100
LIF,2026-03-17,40.51,41.77,39.77,41.58,1879000
LIF,2026-03-18,41.31,42.12,40.5,40.7,1352400
LIF,2026-03-19,39.75,40.45,37.94,39.27,2100200
LIF,2026-03-20,38.27,40.24,37.51,39.83,13600000
LIF,2026-03-23,40.44,41.91,40.205,41.19,1492100
LIF,2026-03-24,40.5,41.46,39.85,40.58,806700
LIF,2026-03-25,41.87,42.15,39.92,40.38,1020800
LIF,2026-03-26,39.54,41.6,39.22,39.68,1076300
LIF,2026-03-27,38.97,39.5,38.39,38.6,785500
LIF,2026-03-30,38.81,39.03,37.71,38.12,1101900
LIF,2026-03-31,38.64,40.91,38.29,40.82,1285100
LIF,2026-04-01,41.72,42.065,40.79,41.21,1020100
LIF,2026-04-02,39.42,41.18,39.19,40.43,781600
LIF,2026-04-06,40.635,41.08,39.99,40.12,602400
LIF,2026-04-07,40.65,41.27,39.74,41.23,669600
LIF,2026-04-08,46.25,46.77,43.05,43.97,2063400
LIF,2026-04-09,43.43,43.99,41.22,41.53,1574200
LIF,2026-04-10,42.08,42.08,37.83,38.1,1259900
LIF,2026-04-13,37.27,40.24,37.01,39.52,1016100
LIF,2026-04-14,39.94,41.05,38.69,39.78,708200
LIF,2026-04-15,40.68,42.62,40.5,42.59,624500
LIF,2026-04-16,46.57,46.79,43.86,46.05,1245200
LIF,2026-04-17,48.36,50.3,47.43,48.75,1581400
LIF,2026-04-20,48.07,48.66,47.255,48.63,797100
LIF,2026-04-21,48.0,48.75,45.56,45.57,825300
LIF,2026-04-22,47.15,48.1,46.531,48.06,646500
LIF,2026-04-23,46.94,46.94,43.238,43.82,938100
LIF,2026-04-24,44.48,45.79,43.785,45.78,582600
LIF,2026-04-27,45.11,45.85,44.16,44.41,477200
LIF,2026-04-28,43.85,44.17,42.34,43.21,715700
LIF,2026-04-29,43.16,43.21,42.07,42.67,535800
LIF,2026-04-30,42.67,43.4,42.19,43.09,814300
LIF,2026-05-01,44.165,46.06,43.88,45.75,803000
LIF,2026-05-04,45.87,47.04,45.418,46.28,542800
LIF,2026-05-05,45.63,45.63,43.71,44.52,443900
LIF,2026-05-06,42.54,43.91,40.72,43.38,755900
LIF,2026-05-07,42.85,44.72,42.85,44.01,801500
LIF,2026-05-08,43.0,44.1,42.0,44.05,701300
LIF,2026-05-11,42.78,44.83,42.52,43.28,1126100
LIF,2026-05-12,42.99,43.15,37.65,38.62,2270700
LIF,2026-05-13,40.44,40.615,39.3,40.16,1382600
LIF,2026-05-14,40.45,41.03,39.05,40.06,587000
LIF,2026-05-15,39.28,39.635,38.46,38.53,561000
LIF,2026-05-18,39.75,40.615,38.79,39.47,874600
LIF,2026-05-19,38.875,39.395,37.66,39.08,839000
LIF,2026-05-20,38.57,39.98,37.69,39.62,634100
LIF,2026-05-21,39.17,40.085,38.81,40.03,535300
LIF,2026-05-22,40.34,40.87,39.925,40.22,772600
LIF,2026-05-26,40.255,41.215,39.71,40.84,626900
LIF,2026-05-27,40.91,42.27,40.46,41.7,548400
LIF,2026-05-28,41.0,41.86,40.17,41.525,626500
LIF,2026-05-29,41.98,42.82,41.78,42.49,748200
LIF,2026-06-01,43.89,48.23,43.38,48.14,1585100
LIF,2026-06-02,47.23,47.89,45.56,47.0,875300
LIF,2026-06-03,46.95,47.28,44.85,46.21,766900
LIF,2026-06-04,46.015,49.67,46.015,47.8,626300
LIF,2026-06-05,47.61,47.77,44.74,45.37,581000
LIF,2026-06-08,45.38,47.17,45.01,46.64,690700
LIF,2026-06-09,47.04,48.51,45.05,47.0,578300
LIF,2026-06-10,45.79,47.64,44.795,44.85,602900
LIF,2026-06-11,44.64,45.68,43.6,45.28,582900
LIF,2026-06-12,45.79,46.351,44.48,45.25,413600
LIF,2026-06-15,46.07,48.96,46.0,48.865,639900
LIF,2026-06-16,48.69,49.68,46.15,46.96,586900
LIF,2026-06-17,47.58,49.33,46.77,47.04,664200
LIF,2026-06-18,47.67,49.345,46.31,49.02,1417300
LIF,2026-06-22,48.43,51.39,47.82,47.97,1099000
LIF,2026-06-23,47.13,48.68,46.207,46.94,495600
LIF,2026-06-24,47.19,50.62,47.16,49.42,642600
LIF,2026-06-25,49.46,50.7,48.27,48.94,513200
LIF,2026-06-26,48.9,53.54,48.9,53.08,1052600
LIF,2026-06-29,54.68,57.61,53.73,57.58,1485000
LIF,2026-06-30,55.93,56.12,52.44,55.36,1082500
LIF,2026-07-01,56.11,59.45,55.52,57.325,1057200
LIF,2026-07-02,57.315,58.73,56.81,57.71,534800
LIF,2026-07-06,57.59,59.3,56.67,56.73,700700
LIF,2026-07-07,56.0,57.54,54.96,56.29,686500
LIF,2026-07-08,54.46,55.24,52.74,53.8,623000
LIF,2026-07-09,52.99,55.25,52.347,54.34,555900
LIF,2026-07-10,56.49,56.49,53.93,54.57,435000
LIF,2026-07-13,53.05,53.5,51.72,52.22,557800
LIF,2026-07-14,51.11,54.43,50.27,53.0,559800
LIF,2026-07-15,53.79,55.8,53.21,55.56,637600
LIF,2026-07-16,56.09,56.78,54.73,55.17,679300
LIF,2026-07-17,53.49,54.48,52.1,53.79,388000
LIF,2026-07-20,53.95,54.77,53.63,53.93,324800
LIF,2026-07-21,55.41,56.01,54.22,54.9,655800
LIF,2026-07-22,54.08,54.485,51.42,52.03,540900
LIF,2026-07-23,50.83,51.165,49.0,49.55,683700
LIF,2026-07-24,49.55,50.05,48.275,48.86,418300
LIF,2026-07-27,52.04,53.86,51.69,53.83,471700
LIF,2026-07-28,53.99,56.69,53.32,56.68,576800
LIF,2026-07-29,55.58,57.82,53.81,55.29,746900
LIF,2026-07-30,54.63,55.802,53.64,55.68,461900
LIF,2026-07-31,54.88,55.45,52.8,54.05,530300
LIF,2026-08-03,54.9,56.56,53.83,56.31,522500
LIF,2026-08-04,58.7,64.04,58.7,63.97,1024800
LIF,2026-08-05,64.29,64.8,60.62,61.45,462600
LIF,2026-08-06,59.9,60.93,58.642,59.69,479200
LIF,2026-08-07,61.04,64.13,61.005,63.195,669500
LIF,2026-08-10,63.2,65.57,60.71,64.61,1274300
LIF,2026-08-11,50.0,53.45,47.03,48.61,4238000
LIF,2026-08-12,49.15,51.165,48.275,49.15,2224200
LIF,2026-08-13,48.59,50.38,47.204,50.25,1501200
LIF,2026-08-14,50.56,52.575,50.25,51.21,911100
LIF,2026-08-17,50.555,50.96,48.32,50.18,1065500
LIF,2026-08-18,47.88,48.35,46.36,46.74,1512300
LIF,2026-08-19,44.676,45.06,43.15,43.19,1092000
LIF,2026-08-20,44.65,47.14,44.5,45.82,1116900
LIF,2026-08-21,45.8,45.99,44.385,44.66,632100
LIF,2026-08-24,44.46,45.0,44.18,44.3,556700
LIF,2026-08-25,44.55,44.98,44.11,44.55,524600
LIF,2026-08-26,43.91,44.5,42.59,43.42,426100
LIF,2026-08-27,44.42,45.092,44.02,44.26,492600
LIF,2026-08-28,43.82,44.61,43.23,43.49,475700
LIF,2026-08-31,43.31,43.5,42.62,42.86,677200
LIF,2026-09-01,41.78,42.81,41.6,41.87,562100
LIF,2026-09-02,41.5,43.42,41.25,43.17,609800
LIF,2026-09-03,44.27,44.64,43.46,43.88,430300
LIF,2026-09-04,44.42,44.5,43.37,44.17,429600
GLND,2026-03-23,7.7,8.5,7.63,7.95,68000
GLND,2026-03-24,7.8,9.79,7.79,9.33,116400
GLND,2026-03-25,9.17,9.23,8.05,8.23,154300
GLND,2026-03-26,14.8,23.0,10.78,13.0,8342100
GLND,2026-03-27,12.95,13.0,7.1,8.21,5773000
GLND,2026-03-30,9.21,12.8,8.61,11.26,9681000
GLND,2026-03-31,10.03,10.17,8.34,8.75,1670000
GLND,2026-04-01,8.7,8.99,7.35,8.43,1321000
GLND,2026-04-02,8.75,8.83,7.7,8.13,1507300
GLND,2026-04-06,7.74,7.96,7.08,7.91,1168200
GLND,2026-04-07,7.28,7.62,6.68,7.21,1462200
GLND,2026-04-08,6.9,9.0,6.5,8.64,1338500
GLND,2026-04-09,8.3,8.95,7.69,7.86,661200
GLND,2026-04-10,7.76,8.14,7.52,7.68,539500
GLND,2026-04-13,7.1,7.35,6.12,6.34,911300
GLND,2026-04-14,6.14,6.14,5.5,5.67,637300
GLND,2026-04-15,5.5,5.6,5.14,5.49,546100
GLND,2026-04-16,5.84,8.6,5.65,7.96,2739600
GLND,2026-04-17,7.13,7.17,6.06,6.1,1214100
GLND,2026-04-20,6.0,6.0,5.11,5.12,1102200
GLND,2026-04-21,5.21,6.2,4.65,6.2,2366900
GLND,2026-04-22,5.88,6.38,5.6,6.3,823200
GLND,2026-04-23,6.24,7.47,6.24,7.31,938800
GLND,2026-04-24,7.19,7.23,6.11,6.21,702700
GLND,2026-04-27,7.99,7.99,5.28,5.41,12436800
GLND,2026-04-28,3.3,3.44,3.15,3.2,11162100
GLND,2026-04-29,3.22,3.52,3.09,3.36,3561000
GLND,2026-04-30,3.38,3.45,2.92,3.06,3382100
GLND,2026-05-01,3.06,3.07,2.82,2.92,2717100
GLND,2026-05-04,2.94,3.02,2.69,2.85,2529700
GLND,2026-05-05,2.92,3.03,2.87,2.9,1401600
GLND,2026-05-06,2.78,2.99,2.74,2.76,2155500
GLND,2026-05-07,2.76,3.21,2.72,2.93,2231300
GLND,2026-05-08,2.98,3.15,2.95,3.06,1301100
GLND,2026-05-11,3.06,3.06,2.86,2.93,1318700
GLND,2026-05-12,2.97,3.08,2.84,3.01,1057700
GLND,2026-05-13,2.99,3.1,2.94,2.96,1095000
GLND,2026-05-14,2.95,3.08,2.88,3.07,723000
GLND,2026-05-15,3.02,3.04,2.89,2.9,627000
GLND,2026-05-18,2.95,3.04,2.83,2.86,1653700
GLND,2026-05-19,2.86,2.91,2.79,2.8,921200
GLND,2026-05-20,2.78,2.81,2.67,2.75,636000
GLND,2026-05-21,2.79,2.82,2.55,2.64,1409500
GLND,2026-05-22,2.64,2.92,2.58,2.73,1751100
GLND,2026-05-26,2.78,3.51,2.69,3.29,3319500
GLND,2026-05-27,3.26,3.32,3.06,3.07,740100
GLND,2026-05-28,3.12,3.31,3.11,3.15,898100
GLND,2026-05-29,3.16,3.27,3.07,3.13,563500
GLND,2026-06-01,3.17,3.37,3.1,3.15,670900
GLND,2026-06-02,3.15,3.15,2.92,3.06,980400
GLND,2026-06-03,3.06,3.11,2.88,2.88,1104600
GLND,2026-06-04,2.9,2.9,2.74,2.83,834500
GLND,2026-06-05,2.84,2.92,2.6,2.62,1221500
GLND,2026-06-08,2.71,2.85,2.6,2.8,878800
GLND,2026-06-09,2.81,2.89,2.56,2.62,1065400
GLND,2026-06-10,2.62,2.95,2.62,2.76,1259300
GLND,2026-06-11,2.76,2.84,2.68,2.71,566600
GLND,2026-06-12,2.71,2.92,2.7,2.75,487600
GLND,2026-06-15,2.8,3.03,2.63,2.65,1080200
GLND,2026-06-16,2.64,2.72,2.55,2.6,801700
GLND,2026-06-17,2.63,2.97,2.61,2.8,1209800
GLND,2026-06-18,2.81,3.1,2.78,3.07,3240500
GLND,2026-06-22,3.08,3.26,2.93,2.93,1019100
GLND,2026-06-23,2.88,3.0,2.87,2.93,529600
GLND,2026-06-24,2.91,2.97,2.7,2.7,658100
GLND,2026-06-25,2.74,2.74,2.46,2.54,1083300
GLND,2026-06-26,2.54,2.56,2.45,2.5,1171400
GLND,2026-06-29,2.51,2.52,2.33,2.35,1401200
GLND,2026-06-30,2.39,2.46,2.03,2.2,2303600
GLND,2026-07-01,2.2,2.3,2.08,2.08,936600
GLND,2026-07-02,2.1,2.22,2.03,2.03,839800
GLND,2026-07-06,2.1,2.18,2.08,2.17,704200
GLND,2026-07-07,2.18,2.27,2.06,2.07,1170600
GLND,2026-07-08,2.13,2.22,2.03,2.16,976300
GLND,2026-07-09,2.16,2.29,2.09,2.2,443500
GLND,2026-07-10,2.19,2.22,2.06,2.09,625600
GLND,2026-07-13,2.11,2.31,2.04,2.2,1089100
GLND,2026-07-14,2.25,2.26,2.11,2.14,565100
GLND,2026-07-15,2.16,2.46,2.14,2.36,1011800
GLND,2026-07-16,2.35,2.35,2.17,2.31,671800
GLND,2026-07-17,2.3,2.44,2.26,2.3,653700
GLND,2026-07-20,2.32,2.33,2.13,2.16,454100
GLND,2026-07-21,2.18,2.23,2.15,2.21,479500
GLND,2026-07-22,2.24,2.31,2.18,2.22,370900
GLND,2026-07-23,2.24,2.34,2.11,2.2,892500
GLND,2026-07-24,2.16,2.17,1.98,2.01,1111100
GLND,2026-07-27,2.0,2.01,1.85,1.9,1001600
GLND,2026-07-28,1.84,1.92,1.82,1.89,537400
GLND,2026-07-29,1.9,1.94,1.82,1.83,378500
GLND,2026-07-30,1.87,1.97,1.85,1.96,617000
GLND,2026-07-31,1.98,2.28,1.92,2.27,921400
GLND,2026-08-03,2.24,2.38,2.17,2.27,931100
GLND,2026-08-04,2.26,2.39,2.24,2.31,696800
GLND,2026-08-05,2.33,2.35,2.22,2.25,312000
GLND,2026-08-06,2.24,2.3,2.2,2.21,447700
GLND,2026-08-07,2.23,2.39,2.21,2.34,561000
GLND,2026-08-10,2.4,2.41,2.19,2.23,1339900
GLND,2026-08-11,2.18,2.23,1.79,2.01,2273200
GLND,2026-08-12,1.44,1.46,1.1,1.12,14081600
GLND,2026-08-13,1.13,1.26,1.12,1.25,3774200
GLND,2026-08-14,1.3,1.33,1.22,1.28,2902200
GLND,2026-08-17,1.31,1.4,1.22,1.28,2542200
GLND,2026-08-18,1.26,1.34,1.26,1.3,744100
GLND,2026-08-19,1.3,1.41,1.29,1.41,1282900
GLND,2026-08-20,1.4,1.52,1.4,1.48,1131400
GLND,2026-08-21,1.49,1.52,1.44,1.49,496400
GLND,2026-08-24,1.5,1.51,1.44,1.49,372400
GLND,2026-08-25,1.45,1.51,1.41,1.49,596100
GLND,2026-08-26,1.49,1.49,1.38,1.4,390500
GLND,2026-08-27,1.4,1.43,1.31,1.4,431900
GLND,2026-08-28,1.4,1.45,1.36,1.4,317300
GLND,2026-08-31,1.4,1.41,1.34,1.38,296200
GLND,2026-09-01,1.37,1.42,1.36,1.39,341900
GLND,2026-09-02,1.39,1.44,1.34,1.34,383400
GLND,2026-09-03,1.35,1.37,1.3,1.31,329100
GLND,2026-09-04,1.32,1.39,1.29,1.37,352000
HCC,2026-03-03,78.7412,83.1634,77.2838,81.7958,1451700
HCC,2026-03-04,82.9139,84.6208,80.4981,83.952,896000
HCC,2026-03-05,82.824,83.5208,77.6332,79.1904,1032800
HCC,2026-03-06,77.8628,78.9908,76.6249,77.2239,525000
HCC,2026-03-09,76.2256,79.8592,75.6467,78.8011,777100
HCC,2026-03-10,78.7811,82.6942,78.1223,80.4582,824800
HCC,2026-03-11,79.7594,84.7107,79.3601,84.541,659700
HCC,2026-03-12,83.4529,86.1881,82.1352,85.1898,911300
HCC,2026-03-13,85.6989,85.8786,82.295,84.9702,782600
HCC,2026-03-16,85.8487,86.3927,83.1784,84.5709,477000
HCC,2026-03-17,85.3795,86.1781,84.2315,86.0483,715000
HCC,2026-03-18,85.2597,87.7953,84.0818,87.4758,680200
HCC,2026-03-19,86.5375,93.2357,86.5375,90.4606,909400
HCC,2026-03-20,91.4887,91.6984,86.9967,88.3842,1770000
HCC,2026-03-23,88.3443,91.1593,86.2081,86.3378,953200
HCC,2026-03-24,86.8469,96.1705,86.6772,95.4118,1259400
HCC,2026-03-25,95.0325,97.0489,94.4336,96.6596,701700
HCC,2026-03-26,96.0307,97.9174,94.8828,95.4518,605300
HCC,2026-03-27,95.5316,99.6743,95.4318,98.9855,668600
HCC,2026-03-30,100.5528,100.5528,93.7298,94.0542,954700
HCC,2026-03-31,93.8146,96.0457,91.5786,92.9861,880700
HCC,2026-04-01,92.6667,94.7131,91.2591,91.7383,670900
HCC,2026-04-02,91.4388,94.8578,91.4388,94.723,480400
HCC,2026-04-06,95.1323,96.3003,92.6267,94.4335,547700
HCC,2026-04-07,94.2139,95.8311,91.898,92.8464,404800
HCC,2026-04-08,92.9462,94.6831,86.792,89.2028,1075100
HCC,2026-04-09,88.8534,89.8117,82.0254,85.5492,1222400
HCC,2026-04-10,86.238,90.0413,85.6191,88.1945,696800
HCC,2026-04-13,88.5939,90.0413,86.6772,87.6355,568300
HCC,2026-04-14,87.935,88.0598,84.6508,85.6191,783200
HCC,2026-04-15,84.9203,89.632,84.6408,88.6537,689400
HCC,2026-04-16,88.9532,90.191,85.0501,85.669,1078200
HCC,2026-04-17,85.1399,86.9068,84.4911,86.218,880100
HCC,2026-04-20,86.1781,87.8851,85.4594,87.6555,781000
HCC,2026-04-21,87.9749,92.6367,87.9749,90.4306,802900
HCC,2026-04-22,91.5486,91.6085,87.9949,88.5839,1095500
HCC,2026-04-23,88.6238,89.9515,85.9335,88.4641,685400
HCC,2026-04-24,86.6073,88.6138,85.5392,86.5075,836700
HCC,2026-04-27,86.8469,88.4241,86.1981,87.3161,692900
HCC,2026-04-28,87.8751,89.5621,87.2462,89.3825,621300
HCC,2026-04-29,89.8017,91.4089,89.7917,89.8716,610100
HCC,2026-04-30,89.4623,91.2841,88.5639,89.6919,893600
HCC,2026-05-01,83.0577,88.9226,78.9413,86.125,2600400
HCC,2026-05-04,85.7853,87.9484,83.5722,83.9469,1631100
HCC,2026-05-05,83.9269,88.8526,83.9269,86.5247,811400
HCC,2026-05-06,86.0251,88.5429,85.1289,87.4639,766900
HCC,2026-05-07,87.0442,89.1874,85.8852,87.7636,697200
HCC,2026-05-08,87.4838,89.9217,85.3107,85.7953,686900
HCC,2026-05-11,86.175,89.5121,86.175,87.1042,837600
HCC,2026-05-12,86.8244,88.8926,86.6845,88.2032,574000
HCC,2026-05-13,88.433,88.9226,84.5164,85.006,743500
HCC,2026-05-14,84.9061,87.9234,83.2775,85.7953,918800
HCC,2026-05-15,84.2566,85.5755,83.9919,85.0659,698800
HCC,2026-05-18,84.8661,86.3548,81.1394,85.5255,772000
HCC,2026-05-19,85.1259,85.9252,83.9419,84.9361,867800
HCC,2026-05-20,86.2149,86.2149,83.847,84.5864,845500
HCC,2026-05-21,83.9269,86.4347,83.9269,85.3757,630400
HCC,2026-05-22,85.7354,87.0832,83.7171,83.857,632100
HCC,2026-05-26,87.1341,93.8733,87.1142,92.999,1033600
HCC,2026-05-27,91.9699,97.7749,90.8209,96.8857,1296500
HCC,2026-05-28,96.0464,104.6489,96.0164,104.489,1107300
HCC,2026-05-29,103.9495,104.3791,94.0581,94.4578,1664200
HCC,2026-06-01,98.4243,106.7171,98.4143,106.1576,1451200
HCC,2026-06-02,105.688,110.294,105.678,110.1841,1793000
HCC,2026-06-03,107.3665,108.3756,103.4,105.7879,1087000
HCC,2026-06-04,106.0277,109.6146,104.2093,105.8379,857600
HCC,2026-06-05,104.5989,104.5989,98.0876,99.8331,737700
HCC,2026-06-08,100.8322,101.6115,96.3461,98.814,492300
HCC,2026-06-09,97.675,97.675,92.6743,94.5876,709700
HCC,2026-06-10,97.2653,99.6183,94.9174,95.1472,529200
HCC,2026-06-11,96.0264,96.3861,92.7692,93.9382,624900
HCC,2026-06-12,94.3579,98.8839,94.3579,98.0247,581700
HCC,2026-06-15,98.3044,98.5842,95.297,95.8066,541700
HCC,2026-06-16,94.7575,96.1863,92.9291,93.3887,627900
HCC,2026-06-17,93.2588,97.2653,93.1489,94.9873,564400
HCC,2026-06-18,94.6076,95.7866,90.1016,90.5012,1225200
HCC,2026-06-22,89.9217,89.9217,86.9843,87.8835,700700
HCC,2026-06-23,86.4847,87.5338,85.6254,86.0351,581000
HCC,2026-06-24,84.7063,86.1,83.2176,84.0768,558000
HCC,2026-06-25,83.9669,86.2249,83.4623,84.7862,417300
HCC,2026-06-26,83.9369,86.0051,79.9304,81.2093,2676100
HCC,2026-06-29,81.1593,82.4282,79.256,80.7397,879900
HCC,2026-06-30,81.499,82.4932,80.1902,81.0894,575300
HCC,2026-07-01,79.7606,83.1726,78.132,78.1919,710300
HCC,2026-07-02,78.7315,81.8587,78.7315,80.7597,879700
HCC,2026-07-06,80.8996,82.4182,80.2302,81.1593,635200
HCC,2026-07-07,80.7897,81.3831,76.8431,77.6724,682100
HCC,2026-07-08,77.2128,78.5316,75.9339,77.8422,636100
HCC,2026-07-09,77.8422,79.5308,76.4335,79.0012,529300
HCC,2026-07-10,78.4417,80.2901,78.3218,80.0203,598900
HCC,2026-07-13,80.0203,82.2184,80.0203,82.0486,619200
HCC,2026-07-14,84.3566,84.4795,81.9486,83.2575,539100
HCC,2026-07-15,83.7571,84.3166,81.3732,81.7788,428600
HCC,2026-07-16,82.3383,82.8079,79.8115,80.37,447500
HCC,2026-07-17,79.7805,80.5998,78.5666,78.8414,680300
HCC,2026-07-20,79.211,79.281,77.6864,78.9313,571300
HCC,2026-07-21,79.6007,80.7597,77.9321,79.6906,526400
HCC,2026-07-22,80.6498,83.0577,80.0503,83.0277,539500
HCC,2026-07-23,83.5872,84.8062,80.43,80.9795,688200
HCC,2026-07-24,82.1984,82.2084,79.5457,80.0004,554900
HCC,2026-07-27,80.35,81.589,78.8414,80.5898,652300
HCC,2026-07-28,79.5707,80.9495,77.9521,78.9313,1459400
HCC,2026-07-29,78.9313,79.9204,76.5084,78.9513,1181000
HCC,2026-07-30,79.9104,80.7877,78.7764,80.3301,520600
HCC,2026-07-31,80.5099,80.8496,77.9321,79.3409,862300
HCC,2026-08-03,79.4209,80.8246,77.9322,80.43,524400
HCC,2026-08-04,81.0994,82.698,80.8596,81.4291,487200
HCC,2026-08-05,82.648,85.1858,82.3883,84.2267,825100
HCC,2026-08-06,86.4847,91.1906,83.1876,89.542,918400
HCC,2026-08-07,88.7228,92.2197,87.6817,91.89,702500
HCC,2026-08-10,91.45,95.68,90.04,95.37,594100
HCC,2026-08-11,96.31,98.25,95.23,97.79,715000
HCC,2026-08-12,99.26,99.875,96.25,96.72,629600
HCC,2026-08-13,95.94,98.02,86.945,94.38,452300
HCC,2026-08-14,95.63,99.0,95.58,98.2,535000
HCC,2026-08-17,97.93,99.23,96.341,98.63,578800
HCC,2026-08-18,97.23,98.76,96.42,97.74,324300
HCC,2026-08-19,100.0,105.76,99.79,105.05,683800
HCC,2026-08-20,102.95,106.0,102.465,103.36,519000
HCC,2026-08-21,105.2,109.42,105.033,106.73,776800
HCC,2026-08-24,107.23,111.2,105.185,106.6,728800
HCC,2026-08-25,105.63,106.0,102.72,105.29,465500
HCC,2026-08-26,106.55,108.77,103.18,105.22,619800
HCC,2026-08-27,105.02,109.41,104.04,108.26,590600
HCC,2026-08-28,108.51,109.9,106.79,107.07,469000
HCC,2026-08-31,109.05,110.5,107.905,108.24,612700
HCC,2026-09-01,108.02,110.0,106.03,106.23,404300
HCC,2026-09-02,107.21,111.42,106.21,108.53,462100
HCC,2026-09-03,108.75,108.865,102.28,103.27,508000
HCC,2026-09-04,103.09,106.19,101.75,104.45,398400
SAIC,2026-03-03,90.4906,94.055,90.0835,93.7472,487600
SAIC,2026-03-04,93.638,94.3231,92.0593,92.6352,668700
SAIC,2026-03-05,92.6352,93.9259,91.5629,92.7444,463000
SAIC,2026-03-06,92.8536,94.9387,91.0466,94.7202,529000
SAIC,2026-03-09,94.0153,94.4522,92.2579,93.638,544000
SAIC,2026-03-10,93.3997,93.9557,88.1673,89.875,696900
SAIC,2026-03-11,89.875,91.404,89.3687,90.9473,496700
SAIC,2026-03-12,90.9672,92.9926,90.6594,90.8877,699100
SAIC,2026-03-13,91.3445,92.3373,90.2027,91.2551,784600
SAIC,2026-03-16,90.3317,94.3132,89.2992,92.387,1427500
SAIC,2026-03-17,93.0423,94.7004,90.8083,93.9061,1027200
SAIC,2026-03-18,92.9132,97.401,92.9132,95.7131,649500
SAIC,2026-03-19,95.6138,97.1925,95.1869,96.4677,565100
SAIC,2026-03-20,96.5869,97.3911,95.6535,96.0507,1954800
SAIC,2026-03-23,95.6039,97.5996,95.038,96.1798,638800
SAIC,2026-03-24,95.9812,95.9812,93.6877,94.6706,617000
SAIC,2026-03-25,94.6706,95.8223,92.9926,95.7727,461500
SAIC,2026-03-26,95.5046,99.1782,95.3557,98.6917,642900
SAIC,2026-03-27,98.6917,98.8407,96.1599,96.567,494800
SAIC,2026-03-30,96.7854,98.0662,93.5983,94.1245,711800
SAIC,2026-03-31,94.5415,95.9514,91.9402,94.2437,758900
SAIC,2026-04-01,94.6011,97.3911,93.5784,96.6266,483500
SAIC,2026-04-02,96.6266,99.6945,95.8323,99.3967,426600
SAIC,2026-04-06,98.93,99.496,98.3144,98.8605,318600
SAIC,2026-04-07,98.8307,100.8562,98.2946,100.191,448100
SAIC,2026-04-08,99.774,101.7399,97.0833,97.2819,611300
SAIC,2026-04-09,97.1528,97.1528,93.3104,94.3529,526100
SAIC,2026-04-10,94.3529,94.4625,91.0536,91.4224,614600
SAIC,2026-04-13,91.6915,95.0805,91.5022,94.7017,538100
SAIC,2026-04-14,94.7815,95.539,93.2166,94.1735,517800
SAIC,2026-04-15,94.323,96.8248,93.8047,95.8879,559200
SAIC,2026-04-16,95.8879,97.5425,94.612,94.921,359300
SAIC,2026-04-17,94.9908,96.1171,94.2831,95.0705,488100
SAIC,2026-04-20,95.2001,96.6055,94.1436,94.3927,417900
SAIC,2026-04-21,94.9609,97.5923,93.715,95.8281,496300
SAIC,2026-04-22,96.466,97.3332,94.5423,95.3995,439900
SAIC,2026-04-23,94.941,95.2001,93.3163,94.9609,494300
SAIC,2026-04-24,95.1702,96.147,93.7449,95.2998,441300
SAIC,2026-04-27,95.3995,97.2534,93.3462,93.4857,565700
SAIC,2026-04-28,94.4227,95.4493,92.6285,94.5722,420500
SAIC,2026-04-29,95.3596,95.5689,93.705,94.8214,407200
SAIC,2026-04-30,94.7715,96.5657,94.313,96.456,431400
SAIC,2026-05-01,97.3033,97.8714,95.3397,95.5988,414500
SAIC,2026-05-04,95.2898,98.1107,94.632,96.5457,380700
SAIC,2026-05-05,96.7351,98.1306,93.9941,95.2799,502500
SAIC,2026-05-06,94.4227,94.9609,92.5089,94.0539,524300
SAIC,2026-05-07,94.1635,95.858,92.6983,93.8146,602700
SAIC,2026-05-08,93.4359,94.5522,90.8742,93.6253,477100
SAIC,2026-05-11,93.6252,93.6452,91.1234,92.3494,516300
SAIC,2026-05-12,93.0172,94.8612,92.8478,93.695,475100
SAIC,2026-05-13,92.9375,93.3561,86.8373,90.1167,552300
SAIC,2026-05-14,90.1964,92.5288,89.698,92.3494,378300
SAIC,2026-05-15,93.0172,93.4159,91.8211,92.6285,351600
SAIC,2026-05-18,92.4092,96.5657,91.7314,95.6985,568200
SAIC,2026-05-19,96.5358,97.9711,94.6021,95.0107,646200
SAIC,2026-05-20,95.0107,96.4062,92.768,96.2268,428800
SAIC,2026-05-21,95.5689,96.4162,94.2333,95.858,310000
SAIC,2026-05-22,95.9876,99.835,95.2898,99.6855,406100
SAIC,2026-05-26,98.8183,102.1176,97.8714,101.0311,517000
SAIC,2026-05-27,100.5029,101.8186,99.7553,101.3302,557800
SAIC,2026-05-28,101.3302,105.068,100.0045,103.3635,511100
SAIC,2026-05-29,103.6825,105.676,102.1674,103.8619,845700
SAIC,2026-06-01,119.8,123.0096,111.7961,114.7066,1843500
SAIC,2026-06-02,113.052,114.0787,108.4271,112.9922,906000
SAIC,2026-06-03,112.9424,114.7963,108.9155,114.3578,716500
SAIC,2026-06-04,116.0722,118.0358,112.3343,116.1918,571400
SAIC,2026-06-05,117.3181,117.7866,113.072,113.979,501600
SAIC,2026-06-08,113.2912,116.2117,112.1848,112.8327,461700
SAIC,2026-06-09,112.753,114.1784,110.9588,113.7099,410300
SAIC,2026-06-10,113.6999,115.4941,112.9424,113.8594,401300
SAIC,2026-06-11,113.1517,116.3413,112.3643,114.5571,512000
SAIC,2026-06-12,115.4044,115.4741,113.2813,113.4407,487300
SAIC,2026-06-15,113.1916,113.4009,108.3872,109.0351,525500
SAIC,2026-06-16,108.9354,109.9521,106.8024,108.5168,558500
SAIC,2026-06-17,107.3306,109.972,104.8288,106.3837,600500
SAIC,2026-06-18,106.1046,106.4336,101.1707,102.0578,1606600
SAIC,2026-06-22,101.8983,103.2041,98.0209,100.2736,832600
SAIC,2026-06-23,101.7488,104.9982,101.4099,104.8188,659000
SAIC,2026-06-24,105.1079,108.1978,104.44,108.1181,1011100
SAIC,2026-06-25,108.1181,110.8392,105.1776,106.284,556300
SAIC,2026-06-26,107.0515,110.4405,107.0515,109.9322,741100
SAIC,2026-06-29,110.9489,112.7829,110.1415,112.5935,587000
SAIC,2026-06-30,112.2247,113.3311,109.6431,110.0518,561600
SAIC,2026-07-01,110.291,112.6334,104.8487,105.1278,791300
SAIC,2026-07-02,105.1278,110.6997,104.8288,110.6,499200
SAIC,2026-07-06,110.2711,114.6269,109.384,114.3279,813600
SAIC,2026-07-07,115.8728,117.2683,113.2115,113.3012,398800
SAIC,2026-07-08,113.1019,113.2813,111.9456,112.8726,318100
SAIC,2026-07-09,111.6267,113.7298,109.673,113.67,308500
SAIC,2026-07-10,114.32,115.03,112.18,112.62,258100
SAIC,2026-07-13,114.15,115.12,112.63,113.31,456400
SAIC,2026-07-14,111.47,115.11,110.35,113.92,469400
SAIC,2026-07-15,114.23,116.9,113.7,115.28,380300
SAIC,2026-07-16,116.18,116.34,113.02,114.9,331800
SAIC,2026-07-17,114.68,117.92,114.68,115.51,431100
SAIC,2026-07-20,115.73,115.99,112.09,112.66,439700
SAIC,2026-07-21,111.0,112.94,110.95,111.82,421500
SAIC,2026-07-22,112.74,116.48,112.49,115.95,373500
SAIC,2026-07-23,117.0,119.17,115.72,116.5,383200
SAIC,2026-07-24,116.08,122.33,116.08,118.99,655500
SAIC,2026-07-27,118.91,119.78,116.16,118.48,338700
SAIC,2026-07-28,120.0,122.61,118.04,121.59,458300
SAIC,2026-07-29,121.0,121.0,116.44,117.01,412000
SAIC,2026-07-30,115.16,116.38,113.8,115.72,299300
SAIC,2026-07-31,115.65,117.84,114.25,117.13,624300
SAIC,2026-08-03,117.85,120.54,117.7,120.12,380000
SAIC,2026-08-04,118.92,121.75,118.62,120.37,474100
SAIC,2026-08-05,121.87,121.87,119.5,120.3,332900
SAIC,2026-08-06,120.9,125.63,120.9,124.28,570100
SAIC,2026-08-07,123.97,127.22,122.6,126.54,385700
SAIC,2026-08-10,125.61,127.28,124.94,125.46,433300
SAIC,2026-08-11,125.46,126.59,123.65,125.39,287300
SAIC,2026-08-12,123.51,126.9,122.62,126.31,350700
SAIC,2026-08-13,127.22,128.0,124.69,126.66,336100
SAIC,2026-08-14,126.92,127.09,124.59,126.68,275300
SAIC,2026-08-17,125.31,126.81,124.08,124.34,267900
SAIC,2026-08-18,124.53,127.0,124.39,125.95,330600
SAIC,2026-08-19,125.95,129.7,125.02,128.71,411900
SAIC,2026-08-20,127.28,129.53,125.23,126.29,446300
SAIC,2026-08-21,127.12,128.78,125.0,128.04,319500
SAIC,2026-08-24,123.7,127.82,123.7,126.85,398500
SAIC,2026-08-25,126.97,128.35,125.81,127.28,465600
SAIC,2026-08-26,126.79,128.73,125.34,127.58,382400
SAIC,2026-08-27,126.73,130.53,126.24,128.96,436200
SAIC,2026-08-28,129.46,130.98,125.02,125.96,848500
SAIC,2026-08-31,140.39,142.66,127.1,128.22,1857600
SAIC,2026-09-01,127.01,128.45,124.05,126.78,608200
SAIC,2026-09-02,126.1,127.85,122.7,127.18,556200
SAIC,2026-09-03,127.56,129.37,124.79,126.5,489400
SAIC,2026-09-04,125.71,127.99,123.88,126.75,342900
TECX,2026-03-03,22.06,24.83,21.7,24.4,323100
TECX,2026-03-04,24.4,27.54,23.89,27.41,483500
TECX,2026-03-05,27.25,28.98,26.78,27.85,471900
TECX,2026-03-06,27.8,36.03,27.38,35.87,1145400
TECX,2026-03-09,35.15,35.8,31.91,34.0,726700
TECX,2026-03-10,33.87,34.54,32.12,33.24,451000
TECX,2026-03-11,32.88,35.43,32.13,34.79,415200
TECX,2026-03-12,34.32,35.0,32.98,34.12,260300
TECX,2026-03-13,34.68,34.68,31.39,33.31,270300
TECX,2026-03-16,33.57,34.46,32.21,32.4,114700
TECX,2026-03-17,32.36,32.97,31.42,31.48,220500
TECX,2026-03-18,31.37,32.54,30.69,32.15,201400
TECX,2026-03-19,32.04,32.46,30.77,30.83,290900
TECX,2026-03-20,30.75,31.42,29.42,29.88,290700
TECX,2026-03-23,30.42,30.73,29.31,29.44,195900
TECX,2026-03-24,29.35,30.26,28.2,30.07,123700
TECX,2026-03-25,30.26,31.84,30.25,31.06,204400
TECX,2026-03-26,30.5,31.99,30.5,30.76,129800
TECX,2026-03-27,30.45,31.05,29.23,29.35,157700
TECX,2026-03-30,29.4,29.99,28.8,28.87,230100
TECX,2026-03-31,29.68,31.64,29.68,30.91,152800
TECX,2026-04-01,31.05,32.27,30.7,30.78,158900
TECX,2026-04-02,30.28,31.8,30.05,30.52,163100
TECX,2026-04-06,30.63,31.49,29.85,29.98,168400
TECX,2026-04-07,29.67,29.72,28.42,29.04,311600
TECX,2026-04-08,29.79,30.56,29.08,30.06,161000
TECX,2026-04-09,29.86,31.19,29.68,31.09,167100
TECX,2026-04-10,31.07,31.28,30.11,30.72,99300
TECX,2026-04-13,30.72,31.37,29.85,29.96,218600
TECX,2026-04-14,30.55,31.48,29.39,29.95,198300
TECX,2026-04-15,30.1,30.36,28.86,29.69,169300
TECX,2026-04-16,29.66,29.85,29.0,29.68,127400
TECX,2026-04-17,30.36,30.38,29.29,29.51,175200
TECX,2026-04-20,29.41,29.41,28.4,28.76,219800
TECX,2026-04-21,28.93,29.61,27.41,27.64,451500
TECX,2026-04-22,28.04,28.5,26.83,28.5,242700
TECX,2026-04-23,28.3,29.35,27.54,28.44,335800
TECX,2026-04-24,28.96,28.96,27.56,28.54,255800
TECX,2026-04-27,28.52,29.77,28.2,28.75,154900
TECX,2026-04-28,29.03,29.03,26.61,27.2,185000
TECX,2026-04-29,27.15,27.66,26.73,27.07,225500
TECX,2026-04-30,27.31,28.07,27.1,27.97,129900
TECX,2026-05-01,28.06,29.27,27.33,29.06,117300
TECX,2026-05-04,29.02,30.5,29.02,29.65,180200
TECX,2026-05-05,29.96,29.96,28.74,29.36,96700
TECX,2026-05-06,29.32,30.12,28.8,29.02,237400
TECX,2026-05-07,28.69,28.8,26.31,26.87,242100
TECX,2026-05-08,27.0,30.36,27.0,29.0,432700
TECX,2026-05-11,28.99,30.27,26.98,27.52,548500
TECX,2026-05-12,27.81,28.12,26.68,27.96,237600
TECX,2026-05-13,27.93,29.31,27.43,28.81,222400
TECX,2026-05-14,28.9,30.43,28.12,29.8,234900
TECX,2026-05-15,29.26,29.38,27.78,27.89,298100
TECX,2026-05-18,27.76,28.08,26.91,27.7,377800
TECX,2026-05-19,27.38,28.2,26.98,27.29,215800
TECX,2026-05-20,27.37,28.87,27.1,28.84,180800
TECX,2026-05-21,28.48,29.09,27.94,28.52,103200
TECX,2026-05-22,28.54,29.25,27.91,29.12,109600
TECX,2026-05-26,30.92,32.26,29.35,29.99,367300
TECX,2026-05-27,29.97,31.05,28.55,30.43,228400
TECX,2026-05-28,30.43,30.65,29.48,29.78,89200
TECX,2026-05-29,29.93,31.86,29.5,31.17,336500
TECX,2026-06-01,30.83,30.95,28.71,28.89,157200
TECX,2026-06-02,28.51,28.72,27.28,27.43,189500
TECX,2026-06-03,27.39,28.72,27.0,28.42,131000
TECX,2026-06-04,28.8,29.64,28.4,29.13,65200
TECX,2026-06-05,29.13,29.39,28.0,29.0,85500
TECX,2026-06-08,28.96,29.51,28.25,29.1,84400
TECX,2026-06-09,29.41,30.5,27.18,28.56,258800
TECX,2026-06-10,27.96,29.32,27.64,28.05,101700
TECX,2026-06-11,27.57,30.29,27.3,29.34,158800
TECX,2026-06-12,29.3,30.38,28.81,30.28,101600
TECX,2026-06-15,30.58,31.03,29.26,29.39,103600
TECX,2026-06-16,29.51,30.17,28.3,30.01,88200
TECX,2026-06-17,30.06,31.21,29.15,30.06,190400
TECX,2026-06-18,30.82,31.23,29.27,30.02,106700
TECX,2026-06-22,30.07,31.0,30.03,30.34,106800
TECX,2026-06-23,30.29,31.31,29.54,30.59,86300
TECX,2026-06-24,30.59,31.61,30.49,30.72,95800
TECX,2026-06-25,30.96,31.29,30.19,31.03,80000
TECX,2026-06-26,31.26,32.11,30.23,31.99,307200
TECX,2026-06-29,32.15,33.24,31.06,33.09,256800
TECX,2026-06-30,33.48,35.2,33.28,34.38,193600
TECX,2026-07-01,34.11,34.57,31.72,32.74,231700
TECX,2026-07-02,32.75,38.12,32.13,37.93,478500
TECX,2026-07-06,38.4,39.53,35.02,35.22,244500
TECX,2026-07-07,35.31,38.33,34.57,36.54,365000
TECX,2026-07-08,36.31,37.75,34.66,35.48,279700
TECX,2026-07-09,35.34,36.34,34.65,35.27,216200
TECX,2026-07-10,35.58,35.58,33.86,34.37,100600
TECX,2026-07-13,33.95,34.95,32.29,34.34,150100
TECX,2026-07-14,34.69,35.48,34.42,34.81,266100
TECX,2026-07-15,34.45,35.0,32.25,32.5,240900
TECX,2026-07-16,31.79,32.66,30.3,30.65,162800
TECX,2026-07-17,30.18,32.75,30.18,32.6,289300
TECX,2026-07-20,32.63,33.4,31.38,32.07,145800
TECX,2026-07-21,32.04,33.26,31.88,32.8,146200
TECX,2026-07-22,32.59,32.59,31.36,31.59,127700
TECX,2026-07-23,31.18,32.03,30.9,31.61,105100
TECX,2026-07-24,31.61,31.73,30.25,30.37,99100
TECX,2026-07-27,30.53,31.54,30.33,30.61,160900
TECX,2026-07-28,30.78,30.78,29.39,29.8,146300
TECX,2026-07-29,29.83,30.5,27.96,28.43,165200
TECX,2026-07-30,28.28,29.08,27.82,28.51,185500
TECX,2026-07-31,28.47,28.6,27.24,28.03,253100
TECX,2026-08-03,27.8,28.27,27.31,27.92,106000
TECX,2026-08-04,28.27,29.51,27.81,29.17,145900
TECX,2026-08-05,29.49,30.01,28.57,29.56,125900
TECX,2026-08-06,29.91,30.81,29.51,30.22,92000
TECX,2026-08-07,30.79,31.84,30.45,30.98,271600
TECX,2026-08-10,31.12,33.02,30.0,32.71,139400
TECX,2026-08-11,33.09,33.74,31.7,31.87,162600
TECX,2026-08-12,31.89,37.3,31.89,36.83,665600
TECX,2026-08-13,37.06,37.4,33.85,33.98,277800
TECX,2026-08-14,33.63,35.03,33.32,34.91,84200
TECX,2026-08-17,34.9,35.06,33.7,33.85,143900
TECX,2026-08-18,33.79,37.2,33.5,36.61,453300
TECX,2026-08-19,37.1,37.5,36.07,37.04,200000
TECX,2026-08-20,36.51,37.23,35.68,36.05,196800
TECX,2026-08-21,36.42,38.23,36.38,37.63,188600
TECX,2026-08-24,37.28,38.25,35.5,36.47,222300
TECX,2026-08-25,36.52,38.12,36.52,37.71,144500
TECX,2026-08-26,37.41,38.85,35.76,35.97,145200
TECX,2026-08-27,35.76,38.0,35.55,36.7,278100
TECX,2026-08-28,36.11,36.96,34.95,35.62,157800
TECX,2026-08-31,35.67,35.67,29.78,29.94,719000
TECX,2026-09-01,30.0,31.97,28.96,31.22,240700
TECX,2026-09-02,31.22,31.8,29.77,30.38,167300
TECX,2026-09-03,30.68,32.52,29.45,29.92,140400
TECX,2026-09-04,29.85,31.12,29.74,30.75,159300
FMC,2026-03-03,13.7577,14.0641,13.1449,13.6786,3673700
FMC,2026-03-04,13.8565,14.0344,13.4513,13.5205,2323200
FMC,2026-03-05,13.7577,14.5583,13.6095,14.1234,3593100
FMC,2026-03-06,14.2222,14.2717,13.392,13.8763,2659100
FMC,2026-03-09,13.5403,14.0344,13.4316,13.9554,3698000
FMC,2026-03-10,13.8467,14.2519,13.5502,13.5798,2726200
FMC,2026-03-11,13.8071,14.1135,13.3525,14.074,3426900
FMC,2026-03-12,14.1728,14.7757,14.0641,14.1629,4380200
FMC,2026-03-13,14.5682,14.6275,13.8664,13.8763,3081900
FMC,2026-03-16,13.7379,13.906,13.4118,13.6391,3522400
FMC,2026-03-17,13.8071,14.7955,13.8071,14.0938,4210800
FMC,2026-03-18,14.1728,14.8745,13.9554,14.3804,4515700
FMC,2026-03-19,14.2717,14.3013,13.3821,13.7676,4073800
FMC,2026-03-20,13.649,13.7874,12.888,12.9374,13986800
FMC,2026-03-23,13.0955,14.4001,13.0362,14.0641,5447100
FMC,2026-03-24,14.1432,15.3391,14.1432,14.6571,5271700
FMC,2026-03-25,14.8745,15.3786,14.6176,15.26,3062400
FMC,2026-03-26,14.9734,15.6949,14.9734,15.4774,3560900
FMC,2026-03-27,15.2995,15.8036,15.0426,15.5763,2548800
FMC,2026-03-30,15.7542,16.7425,15.7344,16.614,5113100
FMC,2026-03-31,16.6835,17.2099,16.6339,17.1006,4018300
FMC,2026-04-01,17.051,17.1999,16.6736,17.0311,3051800
FMC,2026-04-02,16.9715,17.6369,16.6637,17.6269,3209400
FMC,2026-04-06,17.329,17.6567,17.041,17.0907,2384000
FMC,2026-04-07,17.2794,17.6667,17.1006,17.5177,2243500
FMC,2026-04-08,17.617,17.8951,16.9914,17.7163,3134700
FMC,2026-04-09,17.7958,18.044,16.9119,17.0907,1728300
FMC,2026-04-10,17.1701,17.4184,17.0609,17.329,1274600
FMC,2026-04-13,17.478,18.1632,17.3688,17.9447,1959000
FMC,2026-04-14,18.0242,18.044,17.1801,17.2992,1852200
FMC,2026-04-15,17.5574,17.8057,17.19,17.2992,1932300
FMC,2026-04-16,17.5972,17.7064,16.9616,17.4581,1461500
FMC,2026-04-17,17.1999,17.2397,16.9119,17.051,2477900
FMC,2026-04-20,16.8424,17.3191,16.6935,17.2297,2065300
FMC,2026-04-21,16.8821,16.9715,15.5614,15.76,3339200
FMC,2026-04-22,15.611,15.7401,14.4193,14.5882,4548300
FMC,2026-04-23,14.5186,14.757,13.9427,14.3498,2860800
FMC,2026-04-24,14.4591,14.8662,14.181,14.7768,2865200
FMC,2026-04-27,15.0648,15.7997,15.0549,15.4521,2837000
FMC,2026-04-28,15.6309,15.7898,14.9854,15.1542,2121600
FMC,2026-04-29,15.3032,15.4521,14.4889,14.5484,4992900
FMC,2026-04-30,16.0281,16.2863,15.0847,15.2734,5083600
FMC,2026-05-01,15.1046,15.4422,14.4789,14.7173,3643600
FMC,2026-05-04,14.7272,14.9059,14.4193,14.4591,2356900
FMC,2026-05-05,14.6775,15.045,14.3995,14.7669,1961700
FMC,2026-05-06,14.7669,15.045,14.5484,14.6875,2247800
FMC,2026-05-07,14.5981,14.8662,13.5454,13.5852,3443700
FMC,2026-05-08,13.5951,13.7143,13.2674,13.3071,3858700
FMC,2026-05-11,13.4958,13.7143,12.8801,13.0191,3345900
FMC,2026-05-12,13.1482,13.1979,12.7113,13.0588,4340300
FMC,2026-05-13,12.9595,12.9993,12.5722,12.6417,2858300
FMC,2026-05-14,12.7708,13.6845,12.7212,13.466,3595900
FMC,2026-05-15,13.4263,14.1214,13.4263,14.0718,4780900
FMC,2026-05-18,13.9427,14.3796,13.4362,13.4561,2742800
FMC,2026-05-19,13.4064,13.5057,12.602,12.6715,3456600
FMC,2026-05-20,12.4928,12.8404,12.1353,12.602,2727500
FMC,2026-05-21,12.4133,13.0886,12.2842,12.9198,2256900
FMC,2026-05-22,12.9099,13.1979,12.7708,13.0191,2173800
FMC,2026-05-26,12.9993,13.2872,12.7311,12.89,1884500
FMC,2026-05-27,13.0092,13.7838,13.0092,13.4163,2533200
FMC,2026-05-28,13.2376,13.5852,13.1879,13.4759,1577800
FMC,2026-05-29,13.4958,13.8831,13.3866,13.5653,3974700
FMC,2026-06-01,13.5554,13.5554,12.9397,13.2475,2407700
FMC,2026-06-02,13.1184,13.2376,12.89,13.039,1641900
FMC,2026-06-03,12.9397,12.9595,12.2147,12.2644,2925700
FMC,2026-06-04,12.3438,12.6517,12.0558,12.1055,2958900
FMC,2026-06-05,12.0856,12.2743,11.3309,11.5593,3667100
FMC,2026-06-08,11.4501,11.609,10.894,11.0231,4314900
FMC,2026-06-09,11.0231,11.5494,10.8443,11.4203,4496200
FMC,2026-06-10,11.2217,11.4699,10.7053,10.7251,3301000
FMC,2026-06-11,10.7053,11.3508,10.6457,11.1919,3448500
FMC,2026-06-12,11.3309,12.0558,11.3309,11.7679,3330300
FMC,2026-06-15,12.0459,12.3041,11.4004,11.4302,3180300
FMC,2026-06-16,11.4004,11.7182,11.4004,11.5196,3083800
FMC,2026-06-17,11.8076,12.5822,11.8076,11.8969,4476900
FMC,2026-06-18,11.9168,12.0062,10.9833,11.4699,8192200
FMC,2026-06-22,11.1521,11.4203,10.8344,10.9535,3604500
FMC,2026-06-23,11.0826,11.1919,10.6755,10.9436,3359000
FMC,2026-06-24,10.8244,11.3706,10.8145,11.2415,3767200
FMC,2026-06-25,11.4103,11.7976,11.1422,11.2415,3623900
FMC,2026-06-26,11.1521,11.7381,11.1521,11.6685,22300700
FMC,2026-06-29,11.4997,11.5394,11.0528,11.46,4014300
FMC,2026-06-30,11.54,11.9,11.26,11.5,3507800
FMC,2026-07-01,12.08,12.3,10.75,10.95,8770900
FMC,2026-07-02,11.0,11.77,11.0,11.35,6051000
FMC,2026-07-06,11.11,11.55,10.84,11.38,4451300
FMC,2026-07-07,11.45,11.88,11.44,11.59,3964900
FMC,2026-07-08,11.6,11.68,10.9,10.94,4596400
FMC,2026-07-09,10.85,11.26,10.77,10.89,3462800
FMC,2026-07-10,10.98,11.15,10.68,10.91,3496300
FMC,2026-07-13,11.06,11.44,10.88,10.91,3312200
FMC,2026-07-14,11.07,11.18,10.66,10.72,3015800
FMC,2026-07-15,10.75,10.92,10.56,10.83,3867200
FMC,2026-07-16,10.9,11.62,10.87,11.44,4482700
FMC,2026-07-17,11.53,11.7,11.08,11.21,3725300
FMC,2026-07-20,11.06,11.33,11.0,11.19,2969000
FMC,2026-07-21,11.19,11.47,11.08,11.37,2963700
FMC,2026-07-22,11.7,12.15,11.62,11.78,3274600
FMC,2026-07-23,11.78,12.01,11.46,11.69,2527100
FMC,2026-07-24,11.75,11.76,11.29,11.3,2118300
FMC,2026-07-27,11.26,11.36,11.05,11.12,2318700
FMC,2026-07-28,11.21,11.46,10.89,10.94,2747400
FMC,2026-07-29,10.93,11.01,9.95,10.01,7679100
FMC,2026-07-30,10.5,11.85,10.49,11.83,9908500
FMC,2026-07-31,11.57,11.74,10.65,10.71,5332100
FMC,2026-08-03,10.71,10.9,10.22,10.36,5787700
FMC,2026-08-04,10.26,10.56,10.09,10.55,4471700
FMC,2026-08-05,10.53,11.07,10.5,10.78,3217200
FMC,2026-08-06,10.69,10.84,10.45,10.55,3117500
FMC,2026-08-07,10.63,10.82,10.53,10.59,1990700
FMC,2026-08-10,10.51,10.66,10.12,10.46,3290400
FMC,2026-08-11,10.49,10.68,10.35,10.41,1896800
FMC,2026-08-12,10.45,10.45,10.08,10.24,2939800
FMC,2026-08-13,10.2,10.2,9.95,10.16,3546300
FMC,2026-08-14,10.2,10.33,10.02,10.15,2354200
FMC,2026-08-17,10.12,10.36,9.98,10.18,3124700
FMC,2026-08-18,10.27,10.33,10.0,10.12,1743700
FMC,2026-08-19,10.29,11.1,10.29,10.81,3499000
FMC,2026-08-20,10.76,10.98,10.53,10.88,2088200
FMC,2026-08-21,11.01,11.35,10.85,11.02,2819900
FMC,2026-08-24,11.05,11.43,10.97,11.28,2274600
FMC,2026-08-25,11.12,11.22,10.91,11.17,1876000
FMC,2026-08-26,11.18,11.62,11.05,11.08,2085700
FMC,2026-08-27,11.02,11.05,10.65,10.66,2602600
FMC,2026-08-28,10.91,11.33,10.78,11.33,2353900
FMC,2026-08-31,11.29,11.6,11.17,11.53,3735700
FMC,2026-09-01,11.44,11.94,11.39,11.88,3628100
FMC,2026-09-02,12.0,13.46,11.97,13.33,6342700
FMC,2026-09-03,13.3,13.42,12.38,12.98,4903500
FMC,2026-09-04,12.95,13.09,12.65,12.97,2583600
FICO,2026-03-03,1384.83,1465.6899,1376.85,1448.02,221700
FICO,2026-03-04,1443.0,1469.4301,1415.8199,1464.01,182600
FICO,2026-03-05,1461.25,1494.0,1454.2,1475.09,172600
FICO,2026-03-06,1467.64,1481.46,1439.9301,1476.0,241600
FICO,2026-03-09,1446.48,1461.7,1418.05,1441.2,198000
FICO,2026-03-10,1432.6,1433.0,1280.61,1285.15,457300
FICO,2026-03-11,1287.01,1300.0,1146.6899,1165.23,848700
FICO,2026-03-12,1176.48,1206.0601,1068.67,1093.62,969700
FICO,2026-03-13,1097.0601,1152.9,1096.0,1131.22,496400
FICO,2026-03-16,1141.24,1181.49,1141.24,1161.53,320000
FICO,2026-03-17,1174.62,1235.7,1174.62,1199.9301,380500
FICO,2026-03-18,1191.0,1217.34,1160.0601,1203.7,272500
FICO,2026-03-19,1181.1899,1193.0,1107.3,1113.16,389600
FICO,2026-03-20,1110.0601,1128.2,1097.46,1127.62,614000
FICO,2026-03-23,1131.09,1150.0,1061.0,1063.33,460600
FICO,2026-03-24,1040.0,1043.1801,969.32,995.0,614400
FICO,2026-03-25,1015.45,1044.75,1006.5,1043.1,332600
FICO,2026-03-26,1035.85,1072.29,1029.39,1039.84,202900
FICO,2026-03-27,1023.42,1030.5601,999.99,1011.06,244200
FICO,2026-03-30,1022.3,1057.42,1010.0,1047.9399,417600
FICO,2026-03-31,1069.48,1079.89,1037.22,1067.54,242600
FICO,2026-04-01,1059.12,1072.01,1030.13,1061.99,254200
FICO,2026-04-02,1050.0,1100.9301,1037.4301,1089.76,166700
FICO,2026-04-06,1090.0,1099.1899,1076.5,1094.3199,132900
FICO,2026-04-07,1100.0,1100.76,1075.0,1082.08,195300
FICO,2026-04-08,1119.0,1130.51,1085.47,1092.04,237500
FICO,2026-04-09,1081.22,1088.85,1035.0,1072.35,209600
FICO,2026-04-10,1068.09,1073.98,909.0,922.37,1086700
FICO,2026-04-13,927.41,1013.51,923.0,1000.91,636500
FICO,2026-04-14,1010.0,1051.66,1000.21,1007.28,419500
FICO,2026-04-15,1017.91,1046.51,1017.91,1030.8101,299600
FICO,2026-04-16,1056.9,1079.67,1048.0,1069.9301,285600
FICO,2026-04-17,1092.0,1110.39,1062.71,1073.52,282200
FICO,2026-04-20,1055.0,1069.24,1031.3199,1063.41,241300
FICO,2026-04-21,1051.38,1088.88,1017.12,1036.7,357800
FICO,2026-04-22,1053.58,1069.48,870.01,970.17,1405900
FICO,2026-04-23,952.0,981.42,931.7,979.76,528600
FICO,2026-04-24,970.15,1010.9,966.0,1004.72,311500
FICO,2026-04-27,999.27,1042.61,985.12,1013.83,302600
FICO,2026-04-28,1028.71,1059.87,1007.45,1010.5,318700
FICO,2026-04-29,1088.78,1095.0,1007.44,1043.5699,505800
FICO,2026-04-30,1000.0,1026.0,965.5,1025.0,629800
FICO,2026-05-01,1049.0,1063.0,1002.19,1035.5,259100
FICO,2026-05-04,1050.65,1072.63,1037.3,1060.0,242700
FICO,2026-05-05,1058.1,1080.0,1039.8101,1066.27,278200
FICO,2026-05-06,1065.23,1082.41,1043.46,1067.0,425600
FICO,2026-05-07,1075.0,1133.65,1075.0,1128.39,324000
FICO,2026-05-08,1122.0,1132.9301,1100.0,1126.0,315400
FICO,2026-05-11,1120.24,1120.24,1086.87,1092.0,289600
FICO,2026-05-12,1090.28,1113.14,1081.25,1086.0,345200
FICO,2026-05-13,1078.0,1078.6,1046.22,1064.64,376200
FICO,2026-05-14,1059.05,1106.4,1054.42,1076.9301,328700
FICO,2026-05-15,1081.39,1112.84,1077.7,1098.59,288900
FICO,2026-05-18,1094.21,1185.16,1094.21,1181.8199,429200
FICO,2026-05-19,1206.11,1245.9399,1171.0601,1186.15,506300
FICO,2026-05-20,1170.78,1243.0,1150.0,1230.23,395300
FICO,2026-05-21,1224.95,1258.47,1200.3199,1228.1,341600
FICO,2026-05-22,1232.0,1277.23,1225.0,1239.91,303200
FICO,2026-05-26,1239.45,1280.0,1212.0,1259.89,386400
FICO,2026-05-27,1258.71,1290.0,1251.11,1278.47,373400
FICO,2026-05-28,1281.7,1323.35,1269.13,1296.36,365100
FICO,2026-05-29,1289.88,1299.99,1248.51,1250.59,344000
FICO,2026-06-01,1256.9301,1320.15,1218.4,1284.75,306500
FICO,2026-06-02,1263.46,1280.0,1212.65,1251.63,413600
FICO,2026-06-03,1230.0,1230.0,1150.0,1174.66,348700
FICO,2026-06-04,1217.04,1217.04,1162.61,1166.7,233200
FICO,2026-06-05,1171.9,1184.1,1134.1,1137.33,199400
FICO,2026-06-08,1144.02,1226.59,1124.46,1207.34,277200
FICO,2026-06-09,1200.62,1246.0,1187.5601,1225.15,327500
FICO,2026-06-10,1222.99,1260.0,1209.79,1220.15,257700
FICO,2026-06-11,1205.01,1235.29,1175.28,1185.37,331200
FICO,2026-06-12,1196.12,1199.71,1163.62,1179.1899,289100
FICO,2026-06-15,1191.0,1197.0,1163.3199,1181.62,333400
FICO,2026-06-16,1181.59,1204.0,1164.3,1186.24,283400
FICO,2026-06-17,1181.0,1194.0,1119.61,1126.84,328600
FICO,2026-06-18,1133.51,1137.16,1080.0,1096.48,889900
FICO,2026-06-22,1074.5601,1108.58,1065.6899,1090.85,353000
FICO,2026-06-23,1098.8,1113.51,1080.8101,1099.41,277300
FICO,2026-06-24,1099.7,1149.99,1099.47,1140.34,218300
FICO,2026-06-25,1127.41,1163.35,1113.17,1143.48,212500
FICO,2026-06-26,1150.49,1199.3,1150.49,1182.79,371000
FICO,2026-06-29,1200.0,1213.05,1173.46,1177.52,287600
FICO,2026-06-30,1161.65,1199.74,1160.0,1194.78,255400
FICO,2026-07-01,1200.51,1226.6801,1189.0,1206.65,254700
FICO,2026-07-02,1220.76,1273.99,1212.5,1270.83,270300
FICO,2026-07-06,1269.16,1295.5699,1250.0,1286.51,162400
FICO,2026-07-07,1295.0,1335.61,1294.0,1300.27,267700
FICO,2026-07-08,1288.99,1298.08,1259.91,1266.08,223000
FICO,2026-07-09,1245.0,1279.72,1233.33,1279.41,156000
FICO,2026-07-10,1290.0,1304.75,1246.47,1250.9,213500
FICO,2026-07-13,1269.77,1289.48,1251.85,1278.25,283400
FICO,2026-07-14,1230.15,1258.96,1204.01,1210.52,342500
FICO,2026-07-15,1232.14,1270.0,1196.9399,1205.79,228400
FICO,2026-07-16,1218.99,1256.5,1209.6801,1241.22,201100
FICO,2026-07-17,1232.89,1260.21,1219.97,1257.11,251400
FICO,2026-07-20,1249.28,1269.58,1231.73,1263.83,197700
FICO,2026-07-21,1209.29,1244.3199,1172.6899,1227.34,223600
FICO,2026-07-22,1244.13,1248.28,1212.12,1221.47,191400
FICO,2026-07-23,1218.16,1230.02,1188.1,1206.1899,186500
FICO,2026-07-24,1220.0,1252.72,1209.92,1237.37,149700
FICO,2026-07-27,1262.11,1301.0,1250.0,1280.5699,275600
FICO,2026-07-28,1301.55,1390.0,1288.15,1336.22,402800
FICO,2026-07-29,1348.49,1410.17,1334.24,1373.08,432200
FICO,2026-07-30,1150.0,1238.6,1125.28,1139.54,996400
FICO,2026-07-31,1136.01,1136.02,1070.24,1122.97,926600
FICO,2026-08-03,1111.6,1115.98,1031.14,1045.46,636500
FICO,2026-08-04,1040.0,1055.35,1028.46,1046.99,491700
FICO,2026-08-05,1056.0,1107.63,1051.0,1091.55,320200
FICO,2026-08-06,1087.28,1087.28,1020.2,1031.89,370500
FICO,2026-08-07,1033.2,1058.73,1023.0,1041.4,308200
FICO,2026-08-10,1029.6,1070.0,1029.35,1049.74,294800
FICO,2026-08-11,1044.71,1048.48,1016.01,1038.23,338200
FICO,2026-08-12,1030.9301,1054.99,1015.0,1044.21,525300
FICO,2026-08-13,1065.0,1117.9301,1048.0,1110.7,307200
FICO,2026-08-14,1112.78,1116.98,1075.35,1085.78,178900
FICO,2026-08-17,1087.51,1093.58,1060.0,1064.41,232400
FICO,2026-08-18,1072.79,1098.3101,1070.0,1078.12,215400
FICO,2026-08-19,1095.6,1176.1,1089.41,1161.59,358100
FICO,2026-08-20,1165.8199,1178.65,1135.1801,1149.75,263500
FICO,2026-08-21,1149.75,1188.8,1148.88,1172.67,293200
FICO,2026-08-24,1170.61,1181.4399,1156.0,1166.4,297700
FICO,2026-08-25,1157.09,1170.22,1133.16,1137.14,189800
FICO,2026-08-26,1120.0,1145.89,1104.3101,1133.7,135500
FICO,2026-08-27,1137.52,1175.41,1136.49,1157.0601,183000
FICO,2026-08-28,1161.0,1177.0,1150.0,1153.5699,157600
FICO,2026-08-31,1136.27,1158.29,1132.0,1147.21,242900
FICO,2026-09-01,1135.9301,1135.9301,1086.0,1103.6801,252900
FICO,2026-09-02,1087.12,1109.99,1087.12,1099.45,165500
FICO,2026-09-03,1114.55,1150.84,1099.0,1118.9301,203200
FICO,2026-09-04,934.39,954.08,885.0,932.26,1430000
BKKT,2026-03-03,9.38,9.94,9.254,9.59,1370400
BKKT,2026-03-04,10.07,10.81,10.035,10.2,1877300
BKKT,2026-03-05,9.98,10.3,9.65,9.95,1317100
BKKT,2026-03-06,9.63,9.922,9.29,9.29,880600
BKKT,2026-03-09,9.06,9.35,8.825,9.22,1113800
BKKT,2026-03-10,9.39,9.67,9.12,9.24,839200
BKKT,2026-03-11,9.3,9.57,9.06,9.29,887800
BKKT,2026-03-12,9.07,9.421,8.95,9.21,792900
BKKT,2026-03-13,9.67,10.126,9.3,9.45,1926600
BKKT,2026-03-16,10.03,10.2,9.52,9.64,1958100
BKKT,2026-03-17,9.5,9.96,9.0,9.63,2320600
BKKT,2026-03-18,9.55,9.64,8.916,8.93,3141800
BKKT,2026-03-19,8.88,9.09,8.51,9.0,1315500
BKKT,2026-03-20,8.85,8.97,8.47,8.55,1243800
BKKT,2026-03-23,8.68,9.08,8.59,8.86,1044200
BKKT,2026-03-24,8.6,8.904,8.17,8.27,1008700
BKKT,2026-03-25,8.62,8.8,8.23,8.38,908000
BKKT,2026-03-26,8.14,8.52,7.93,7.97,1031900
BKKT,2026-03-27,7.76,7.795,7.26,7.32,1209500
BKKT,2026-03-30,7.44,7.53,6.87,6.95,1593200
BKKT,2026-03-31,7.2,7.52,6.9,7.36,1495600
BKKT,2026-04-01,7.56,7.655,7.131,7.24,676300
BKKT,2026-04-02,6.9,7.44,6.88,7.37,616300
BKKT,2026-04-06,7.5,7.7,7.4,7.63,705300
BKKT,2026-04-07,7.38,7.63,7.03,7.63,768300
BKKT,2026-04-08,8.26,8.36,7.85,7.95,897800
BKKT,2026-04-09,7.75,8.595,7.698,8.39,934600
BKKT,2026-04-10,8.48,8.6,8.06,8.13,928300
BKKT,2026-04-13,7.9,8.78,7.89,8.72,1046200
BKKT,2026-04-14,9.24,9.58,8.97,8.98,1727400
BKKT,2026-04-15,9.08,9.397,8.86,9.24,1319700
BKKT,2026-04-16,9.36,9.59,8.92,9.56,1208200
BKKT,2026-04-17,9.86,9.86,9.19,9.19,1462100
BKKT,2026-04-20,9.1,9.32,8.77,8.97,1768400
BKKT,2026-04-21,9.0,9.13,8.6,8.67,999500
BKKT,2026-04-22,9.2,9.29,8.98,9.13,940700
BKKT,2026-04-23,8.97,9.06,8.48,8.68,1105500
BKKT,2026-04-24,8.77,8.97,8.51,8.83,741400
BKKT,2026-04-27,8.75,9.1,8.65,9.0,599600
BKKT,2026-04-28,8.78,8.825,8.5,8.58,538300
BKKT,2026-04-29,8.53,8.53,7.75,7.86,833400
BKKT,2026-04-30,7.86,8.635,7.85,8.62,590600
BKKT,2026-05-01,8.7,8.79,8.5,8.57,679900
BKKT,2026-05-04,8.65,9.23,8.65,8.96,1395600
BKKT,2026-05-05,9.21,9.22,8.65,9.09,906300
BKKT,2026-05-06,9.24,9.275,8.922,9.14,1083400
BKKT,2026-05-07,9.1,9.1,8.3,8.55,1221600
BKKT,2026-05-08,8.5,9.97,8.31,9.85,2527700
BKKT,2026-05-11,10.07,10.31,9.513,9.92,2888500
BKKT,2026-05-12,9.1,9.629,8.7,8.87,2376500
BKKT,2026-05-13,8.81,8.888,8.01,8.02,1669600
BKKT,2026-05-14,8.0,9.1,7.9,8.68,1791300
BKKT,2026-05-15,8.44,8.63,7.91,8.28,2156500
BKKT,2026-05-18,8.3,8.93,7.98,8.72,2429000
BKKT,2026-05-19,9.93,10.99,9.67,9.68,6971300
BKKT,2026-05-20,9.82,10.44,9.5,10.18,2680700
BKKT,2026-05-21,10.09,12.58,9.9,12.32,4813300
BKKT,2026-05-22,12.43,13.02,11.63,11.88,3406100
BKKT,2026-05-26,12.4,13.04,11.65,11.81,2852700
BKKT,2026-05-27,11.57,11.8,11.072,11.49,1819400
BKKT,2026-05-28,11.12,11.39,10.7,11.0,1895100
BKKT,2026-05-29,10.91,11.4,10.68,10.87,1432200
BKKT,2026-06-01,10.5,10.842,9.95,10.5,1923700
BKKT,2026-06-02,10.24,10.36,9.71,9.8,1877700
BKKT,2026-06-03,9.85,9.946,8.82,8.92,1927700
BKKT,2026-06-04,8.98,9.42,8.98,9.18,1659900
BKKT,2026-06-05,9.05,9.05,7.686,7.83,3075600
BKKT,2026-06-08,8.28,8.439,8.01,8.11,1499600
BKKT,2026-06-09,8.0,8.35,7.375,7.7,2197100
BKKT,2026-06-10,7.55,8.047,7.55,7.68,1237700
BKKT,2026-06-11,7.8,8.405,7.63,8.35,1496600
BKKT,2026-06-12,9.0,9.4,8.43,8.43,2135600
BKKT,2026-06-15,8.9,9.65,8.844,8.96,1842600
BKKT,2026-06-16,8.78,9.25,8.3,8.76,1419700
BKKT,2026-06-17,8.65,9.5,8.65,9.01,1627500
BKKT,2026-06-18,9.14,9.45,8.86,9.22,3050300
BKKT,2026-06-22,9.23,9.8,8.73,9.05,1389700
BKKT,2026-06-23,8.53,9.38,8.5,8.87,958900
BKKT,2026-06-24,8.85,8.89,8.153,8.29,1211300
BKKT,2026-06-25,8.43,8.5,7.73,7.83,1303400
BKKT,2026-06-26,7.71,8.44,7.68,8.44,3555800
BKKT,2026-06-29,8.48,8.58,7.99,8.28,909000
BKKT,2026-06-30,8.18,8.2,7.76,7.81,1107100
BKKT,2026-07-01,7.86,8.84,7.82,8.42,1653300
BKKT,2026-07-02,8.72,9.31,8.225,8.36,1430300
BKKT,2026-07-06,8.21,8.82,8.18,8.61,874400
BKKT,2026-07-07,8.57,8.68,8.07,8.28,1057000
BKKT,2026-07-08,8.17,8.399,8.01,8.36,785300
BKKT,2026-07-09,8.4,8.59,8.21,8.37,537200
BKKT,2026-07-10,8.75,8.84,8.33,8.41,880400
BKKT,2026-07-13,8.22,8.41,7.86,8.09,857700
BKKT,2026-07-14,8.2,8.33,8.04,8.2,881500
BKKT,2026-07-15,8.4,8.65,8.22,8.26,766600
BKKT,2026-07-16,8.23,8.25,7.78,7.86,998000
BKKT,2026-07-17,7.56,7.75,7.094,7.25,1754200
BKKT,2026-07-20,7.3,7.98,7.23,7.85,1182600
BKKT,2026-07-21,8.07,8.44,8.05,8.32,887600
BKKT,2026-07-22,8.16,8.48,7.9,7.97,807200
BKKT,2026-07-23,7.8,7.995,7.57,7.68,733300
BKKT,2026-07-24,7.7,7.7,7.27,7.44,622300
BKKT,2026-07-27,7.68,7.805,7.34,7.57,722300
BKKT,2026-07-28,7.41,7.5,7.0,7.47,783100
BKKT,2026-07-29,7.39,7.52,6.75,6.85,1244800
BKKT,2026-07-30,7.04,7.44,6.97,7.44,807900
BKKT,2026-07-31,7.35,7.425,6.855,7.17,1031200
BKKT,2026-08-03,7.06,7.43,6.92,7.35,667300
BKKT,2026-08-04,7.44,7.7,7.24,7.56,886800
BKKT,2026-08-05,7.49,7.61,7.3,7.39,685600
BKKT,2026-08-06,7.2,7.4,7.02,7.12,799600
BKKT,2026-08-07,7.25,7.59,7.16,7.53,856300
BKKT,2026-08-10,7.5,7.745,7.33,7.65,1248500
BKKT,2026-08-11,7.24,7.55,6.93,7.37,1474400
BKKT,2026-08-12,7.5,7.615,7.18,7.52,1106700
BKKT,2026-08-13,7.48,7.765,7.265,7.4,1005600
BKKT,2026-08-14,7.44,7.69,7.305,7.65,1167700
BKKT,2026-08-17,7.25,7.545,7.02,7.12,1788200
BKKT,2026-08-18,6.96,7.32,6.88,6.93,1821100
BKKT,2026-08-19,6.94,7.82,6.71,7.74,2949800
BKKT,2026-08-20,8.37,8.46,7.275,7.5,3681800
BKKT,2026-08-21,7.86,8.853,7.81,8.59,3570200
BKKT,2026-08-24,8.8,9.018,8.03,8.18,2129500
BKKT,2026-08-25,8.25,8.946,8.1,8.63,1500700
BKKT,2026-08-26,8.38,8.48,8.1,8.23,1085600
BKKT,2026-08-27,8.5,8.77,8.29,8.42,1290600
BKKT,2026-08-28,8.32,8.4,7.67,7.69,1306600
BKKT,2026-08-31,7.55,7.783,7.36,7.67,1133200
BKKT,2026-09-01,7.42,7.55,7.12,7.26,907300
BKKT,2026-09-02,7.17,7.52,7.133,7.43,598300
BKKT,2026-09-03,7.74,8.425,7.633,8.38,1464500
BKKT,2026-09-04,8.06,8.37,7.961,8.33,738900
CMRC,2026-03-03,2.71,3.055,2.71,2.96,1251500
CMRC,2026-03-04,2.95,3.06,2.93,3.01,809500
CMRC,2026-03-05,2.96,3.126,2.96,3.06,966800
CMRC,2026-03-06,3.01,3.03,2.915,3.01,707700
CMRC,2026-03-09,2.95,3.0,2.83,2.97,876600
CMRC,2026-03-10,2.96,2.975,2.865,2.94,651300
CMRC,2026-03-11,2.9,2.99,2.8,2.86,413900
CMRC,2026-03-12,2.85,2.96,2.765,2.79,1059300
CMRC,2026-03-13,2.8,2.855,2.695,2.74,592600
CMRC,2026-03-16,2.71,2.765,2.69,2.73,401900
CMRC,2026-03-17,2.74,2.87,2.7,2.74,589700
CMRC,2026-03-18,2.71,2.765,2.68,2.7,527500
CMRC,2026-03-19,2.67,2.825,2.65,2.7,704500
CMRC,2026-03-20,2.7,2.73,2.63,2.67,806000
CMRC,2026-03-23,2.72,2.745,2.64,2.69,554900
CMRC,2026-03-24,2.67,2.67,2.535,2.57,563000
CMRC,2026-03-25,2.62,2.655,2.51,2.58,492400
CMRC,2026-03-26,2.55,2.665,2.55,2.61,467200
CMRC,2026-03-27,2.58,2.58,2.45,2.47,487700
CMRC,2026-03-30,2.5,2.59,2.5,2.57,535900
CMRC,2026-03-31,2.61,2.7,2.58,2.67,516100
CMRC,2026-04-01,2.69,2.73,2.57,2.7,631700
CMRC,2026-04-02,2.65,2.755,2.6,2.72,657400
CMRC,2026-04-06,2.7,2.8,2.69,2.73,352200
CMRC,2026-04-07,2.69,2.76,2.675,2.73,381500
CMRC,2026-04-08,3.06,3.08,2.7,2.73,658600
CMRC,2026-04-09,2.7,2.79,2.455,2.67,566200
CMRC,2026-04-10,2.69,2.77,2.615,2.63,608700
CMRC,2026-04-13,2.61,2.65,2.455,2.51,908200
CMRC,2026-04-14,2.51,2.56,2.465,2.51,656600
CMRC,2026-04-15,2.54,2.645,2.54,2.59,738900
CMRC,2026-04-16,2.6,2.82,2.6,2.82,773100
CMRC,2026-04-17,2.85,2.98,2.83,2.94,1185400
CMRC,2026-04-20,2.91,3.16,2.91,3.15,759600
CMRC,2026-04-21,3.13,3.19,3.055,3.08,556000
CMRC,2026-04-22,3.1,3.145,3.05,3.1,350300
CMRC,2026-04-23,3.06,3.06,2.79,2.94,537600
CMRC,2026-04-24,2.93,3.005,2.89,3.0,275600
CMRC,2026-04-27,2.94,2.99,2.9,2.94,396900
CMRC,2026-04-28,2.93,2.98,2.865,2.93,414100
CMRC,2026-04-29,2.88,2.92,2.73,2.79,607600
CMRC,2026-04-30,2.82,2.85,2.71,2.83,690600
CMRC,2026-05-01,2.85,3.14,2.805,3.14,887800
CMRC,2026-05-04,3.14,3.185,2.985,3.03,487300
CMRC,2026-05-05,3.04,3.07,2.91,3.07,455800
CMRC,2026-05-06,3.05,3.05,2.865,2.88,834500
CMRC,2026-05-07,3.27,3.83,3.26,3.56,3159300
CMRC,2026-05-08,3.51,3.59,3.0,3.1,1827500
CMRC,2026-05-11,3.06,3.22,2.755,2.85,2089000
CMRC,2026-05-12,2.89,2.955,2.77,2.86,889600
CMRC,2026-05-13,2.83,2.85,2.71,2.77,801200
CMRC,2026-05-14,2.79,2.87,2.68,2.74,615200
CMRC,2026-05-15,2.71,2.804,2.675,2.72,748600
CMRC,2026-05-18,2.76,2.87,2.75,2.76,613700
CMRC,2026-05-19,2.76,2.94,2.75,2.91,1216900
CMRC,2026-05-20,2.93,3.018,2.862,3.01,738300
CMRC,2026-05-21,2.96,3.0,2.9,2.96,444100
CMRC,2026-05-22,2.97,3.0,2.87,2.98,380900
CMRC,2026-05-26,2.97,2.98,2.87,2.91,532100
CMRC,2026-05-27,2.91,3.06,2.88,2.94,698700
CMRC,2026-05-28,2.94,3.09,2.93,3.08,593100
CMRC,2026-05-29,3.08,3.21,3.02,3.13,840700
CMRC,2026-06-01,3.15,3.33,3.145,3.27,1170600
CMRC,2026-06-02,3.24,3.24,3.09,3.18,669300
CMRC,2026-06-03,3.13,3.13,2.85,2.87,755600
CMRC,2026-06-04,2.88,2.965,2.84,2.845,354600
CMRC,2026-06-05,2.82,2.92,2.78,2.82,719900
CMRC,2026-06-08,2.88,2.94,2.77,2.77,413400
CMRC,2026-06-09,2.77,2.835,2.604,2.66,818100
CMRC,2026-06-10,2.66,2.76,2.63,2.68,654800
CMRC,2026-06-11,2.69,2.734,2.62,2.68,509300
CMRC,2026-06-12,2.68,2.74,2.63,2.7,483900
CMRC,2026-06-15,2.77,2.835,2.68,2.69,525400
CMRC,2026-06-16,2.71,2.845,2.65,2.81,576300
CMRC,2026-06-17,2.8,2.88,2.715,2.73,529600
CMRC,2026-06-18,2.75,2.81,2.67,2.74,1225900
CMRC,2026-06-22,2.7,2.745,2.56,2.63,897500
CMRC,2026-06-23,2.6,2.74,2.6,2.71,448900
CMRC,2026-06-24,2.73,2.835,2.73,2.79,516600
CMRC,2026-06-25,2.77,2.81,2.72,2.73,335000
CMRC,2026-06-26,2.69,2.93,2.69,2.91,2279200
CMRC,2026-06-29,2.93,3.045,2.91,3.03,609900
CMRC,2026-06-30,3.0,3.01,2.82,2.96,677300
CMRC,2026-07-01,2.96,3.155,2.96,3.08,668600
CMRC,2026-07-02,3.06,3.16,3.06,3.15,411700
CMRC,2026-07-06,3.15,3.21,3.035,3.18,421400
CMRC,2026-07-07,3.22,3.325,3.19,3.19,610400
CMRC,2026-07-08,3.18,3.18,3.03,3.08,457100
CMRC,2026-07-09,3.12,3.125,3.02,3.08,621600
CMRC,2026-07-10,3.09,3.168,3.07,3.12,341700
CMRC,2026-07-13,3.15,3.305,3.14,3.2,675500
CMRC,2026-07-14,3.17,3.28,3.12,3.15,408500
CMRC,2026-07-15,3.16,3.24,3.04,3.08,618300
CMRC,2026-07-16,3.08,3.165,3.04,3.07,645000
CMRC,2026-07-17,3.11,3.12,2.97,3.04,403900
CMRC,2026-07-20,3.04,3.055,2.94,2.99,320600
CMRC,2026-07-21,2.95,3.0,2.9,2.97,461400
CMRC,2026-07-22,2.96,2.965,2.71,2.72,716600
CMRC,2026-07-23,2.69,2.75,2.57,2.605,569100
CMRC,2026-07-24,2.61,2.73,2.61,2.71,520900
CMRC,2026-07-27,2.76,2.915,2.76,2.84,506100
CMRC,2026-07-28,2.87,3.25,2.852,3.2,1083100
CMRC,2026-07-29,3.17,3.31,3.17,3.3,802100
CMRC,2026-07-30,3.26,3.26,3.07,3.16,328100
CMRC,2026-07-31,3.11,3.15,3.06,3.13,368100
CMRC,2026-08-03,3.15,3.32,3.15,3.17,587500
CMRC,2026-08-04,3.15,3.27,3.15,3.26,538800
CMRC,2026-08-05,3.29,3.455,3.25,3.41,928400
CMRC,2026-08-06,2.15,2.36,1.95,2.32,6087000
CMRC,2026-08-07,2.31,2.33,2.041,2.22,2918600
CMRC,2026-08-10,2.17,2.21,2.1,2.11,1268000
CMRC,2026-08-11,2.1,2.28,2.08,2.25,1486200
CMRC,2026-08-12,2.23,2.25,2.12,2.16,1003500
CMRC,2026-08-13,2.15,2.24,2.13,2.22,1060900
CMRC,2026-08-14,2.2,2.24,2.18,2.19,552700
CMRC,2026-08-17,2.16,2.16,2.045,2.06,1251200
CMRC,2026-08-18,2.1,2.105,2.03,2.07,560100
CMRC,2026-08-19,2.07,2.21,2.07,2.15,767000
CMRC,2026-08-20,2.15,2.4,2.115,2.25,3486900
CMRC,2026-08-21,2.26,2.285,2.16,2.22,612700
CMRC,2026-08-24,2.22,2.27,2.18,2.25,641700
CMRC,2026-08-25,2.23,2.34,2.23,2.33,744100
CMRC,2026-08-26,2.32,2.39,2.23,2.24,1051400
CMRC,2026-08-27,2.25,2.39,2.13,2.37,1887400
CMRC,2026-08-28,2.4,2.575,2.39,2.5,2068100
CMRC,2026-08-31,2.5,2.5,2.28,2.41,890900
CMRC,2026-09-01,2.36,2.43,2.325,2.36,863300
CMRC,2026-09-02,2.36,2.51,2.35,2.48,889100
CMRC,2026-09-03,2.5,2.611,2.45,2.51,705400
CMRC,2026-09-04,2.47,2.64,2.44,2.57,1991400
PAHC,2026-03-03,52.6298,53.021,50.5401,51.7682,212700
PAHC,2026-03-04,52.0759,52.6189,51.1974,51.5101,166600
PAHC,2026-03-05,50.7656,51.9766,48.0258,49.2269,337600
PAHC,2026-03-06,48.3434,49.0582,46.8147,47.5691,210000
PAHC,2026-03-09,46.6559,48.542,44.8988,48.4228,334300
PAHC,2026-03-10,48.2342,51.1626,47.8669,50.0608,295100
PAHC,2026-03-11,49.6339,50.4876,48.9887,49.7034,261500
PAHC,2026-03-12,48.6313,49.7927,47.6486,48.6412,213600
PAHC,2026-03-13,48.9688,50.2692,47.9315,49.1078,226500
PAHC,2026-03-16,49.8126,51.2818,49.7828,50.7953,254800
PAHC,2026-03-17,50.9145,52.3191,50.7209,52.1255,345000
PAHC,2026-03-18,52.0858,53.7684,50.9343,51.8476,311900
PAHC,2026-03-19,51.0634,53.3565,50.5075,51.9965,350700
PAHC,2026-03-20,51.7086,52.195,49.5247,50.3883,503500
PAHC,2026-03-23,51.8873,54.5973,51.2569,53.4061,372100
PAHC,2026-03-24,52.5921,55.2624,52.0213,55.0738,322300
PAHC,2026-03-25,55.3617,57.0989,54.7661,56.5926,480700
PAHC,2026-03-26,55.8878,57.1981,54.8455,55.4113,391400
PAHC,2026-03-27,54.8355,55.8878,52.6517,53.4855,373800
PAHC,2026-03-30,54.4087,54.6172,52.0957,52.9594,231100
PAHC,2026-03-31,53.5451,55.4411,52.8403,54.905,322400
PAHC,2026-04-01,55.5106,57.1783,54.0414,54.3591,377400
PAHC,2026-04-02,52.7708,55.2227,51.3115,55.1135,246500
PAHC,2026-04-06,55.1433,55.585,53.3565,54.5377,200400
PAHC,2026-04-07,54.0315,55.4609,53.6741,55.2525,234200
PAHC,2026-04-08,58.0518,59.2381,57.3768,58.2305,386800
PAHC,2026-04-09,57.9625,59.0693,57.1286,58.6573,216100
PAHC,2026-04-10,58.9452,58.9651,56.8308,57.4661,241600
PAHC,2026-04-13,57.2577,59.6401,56.5926,59.1438,329400
PAHC,2026-04-14,59.1438,59.4614,58.2106,58.5879,231900
PAHC,2026-04-15,57.7044,58.3993,53.3167,54.6072,410700
PAHC,2026-04-16,54.6866,55.1929,53.0686,53.4855,281200
PAHC,2026-04-17,54.5874,57.0591,54.101,56.6521,175500
PAHC,2026-04-20,56.5628,57.4264,55.7935,56.0962,142700
PAHC,2026-04-21,56.1459,56.809,53.694,53.694,201000
PAHC,2026-04-22,54.1704,54.6023,52.9495,53.5748,165700
PAHC,2026-04-23,53.8627,54.7958,53.277,54.2896,158700
PAHC,2026-04-24,53.9124,55.2723,53.4359,54.7561,208300
PAHC,2026-04-27,54.8157,56.1161,54.8157,55.729,122500
PAHC,2026-04-28,55.7885,56.672,51.0534,53.8925,508800
PAHC,2026-04-29,53.3862,53.6344,50.7159,52.1156,371100
PAHC,2026-04-30,52.195,53.6443,51.6193,52.7906,296000
PAHC,2026-05-01,52.9097,55.6446,52.2079,54.4881,333900
PAHC,2026-05-04,54.2399,55.7587,53.3167,54.2796,238300
PAHC,2026-05-05,54.7462,56.7514,54.6668,55.8282,185400
PAHC,2026-05-06,56.3742,58.3099,56.1955,58.0717,301600
PAHC,2026-05-07,49.1475,50.4975,42.5412,42.844,1573100
PAHC,2026-05-08,42.2484,42.6653,38.6747,39.7071,976100
PAHC,2026-05-11,39.1413,39.5582,34.8232,36.0541,991400
PAHC,2026-05-12,36.4214,37.15,35.6967,36.3122,471000
PAHC,2026-05-13,36.4015,36.8284,34.9403,35.0018,426400
PAHC,2026-05-14,34.9224,37.1262,34.9026,35.8853,545000
PAHC,2026-05-15,35.0217,35.4783,32.808,34.1183,475700
PAHC,2026-05-18,34.2474,35.6769,33.8007,33.9297,410500
PAHC,2026-05-19,33.2448,34.575,33.1455,33.6518,317600
PAHC,2026-05-20,33.8503,34.5551,33.5029,33.5625,485000
PAHC,2026-05-21,32.9569,33.5426,32.0635,33.215,343000
PAHC,2026-05-22,33.2448,33.7511,32.5003,33.0165,252100
PAHC,2026-05-26,33.0165,33.761,32.5281,33.4334,322300
PAHC,2026-05-27,33.7411,34.7279,32.4904,32.6492,390400
PAHC,2026-05-28,32.3514,32.5102,31.2495,31.5969,395800
PAHC,2026-05-29,31.5275,31.6168,30.4703,30.5646,339100
PAHC,2026-06-01,30.0781,30.2271,28.8869,29.6513,478300
PAHC,2026-06-02,29.6116,29.6116,28.0432,28.3112,356600
PAHC,2026-06-03,29.8464,31.7205,29.0688,31.6906,635700
PAHC,2026-06-04,31.9398,33.8538,31.9398,32.9367,704500
PAHC,2026-06-05,32.9367,33.8837,32.3186,32.3286,271500
PAHC,2026-06-08,32.5579,32.6675,31.3018,31.6607,267700
PAHC,2026-06-09,32.0694,32.7622,31.88,32.5479,208000
PAHC,2026-06-10,32.3984,32.9965,31.0326,31.0825,356300
PAHC,2026-06-11,31.4015,31.8999,30.7485,31.1622,262700
PAHC,2026-06-12,31.3516,32.0843,31.1124,31.4314,183000
PAHC,2026-06-15,31.7105,32.8968,31.5111,32.179,230900
PAHC,2026-06-16,32.6575,32.847,31.4164,31.7703,200500
PAHC,2026-06-17,31.6407,32.3685,30.5741,30.7435,238100
PAHC,2026-06-18,31.3616,31.8999,30.923,31.7504,439600
PAHC,2026-06-22,31.7305,31.9498,30.8333,30.9728,250100
PAHC,2026-06-23,30.9728,31.9099,30.3647,30.4345,198300
PAHC,2026-06-24,30.7934,32.0594,30.7635,31.2619,207000
PAHC,2026-06-25,31.7005,32.1192,31.2619,31.7305,138200
PAHC,2026-06-26,31.6906,32.209,31.1174,31.5909,537200
PAHC,2026-06-29,31.5111,32.2438,31.3317,31.7105,389900
PAHC,2026-06-30,31.8401,31.8401,30.8831,31.3018,295200
PAHC,2026-07-01,31.2819,32.2389,31.0825,31.9996,420100
PAHC,2026-07-02,32.0794,33.2457,31.7803,33.156,298900
PAHC,2026-07-06,33.156,34.4719,32.5379,34.0233,293800
PAHC,2026-07-07,34.3024,34.6314,32.8968,33.0164,225000
PAHC,2026-07-08,32.7074,32.7473,31.7952,32.3385,291600
PAHC,2026-07-09,32.3685,33.1281,32.2189,32.2787,172800
PAHC,2026-07-10,32.2189,32.9117,31.7803,31.9697,525600
PAHC,2026-07-13,30.7934,32.9765,30.5442,32.8968,497800
PAHC,2026-07-14,32.837,33.1061,32.1691,32.9367,230500
PAHC,2026-07-15,32.9865,33.9036,32.9566,33.6345,288600
PAHC,2026-07-16,33.7043,34.7958,33.5846,34.412,320200
PAHC,2026-07-17,34.3323,34.8507,33.1759,33.2058,241100
PAHC,2026-07-20,33.0663,33.8638,32.3186,32.9466,214600
PAHC,2026-07-21,32.8569,33.8937,32.6974,33.7541,179500
PAHC,2026-07-22,33.9435,34.1329,33.4949,33.7043,158800
PAHC,2026-07-23,33.3155,34.1529,33.146,33.9335,162000
PAHC,2026-07-24,34.103,34.6363,33.5747,33.9286,137300
PAHC,2026-07-27,34.5516,35.2594,34.432,35.1298,144200
PAHC,2026-07-28,35.4388,37.283,35.39,36.2563,399100
PAHC,2026-07-29,36.1366,37.0139,36.0369,36.8344,192100
PAHC,2026-07-30,36.984,37.8014,35.8276,36.336,229700
PAHC,2026-07-31,36.0768,36.4606,35.2046,36.2164,205500
PAHC,2026-08-03,36.5852,37.293,36.1267,37.0338,297900
PAHC,2026-08-04,37.0338,37.0438,36.1466,36.4756,188300
PAHC,2026-08-05,36.8843,37.3229,35.2394,35.8974,158600
PAHC,2026-08-06,36.3659,36.3659,35.2893,35.389,146200
PAHC,2026-08-07,35.3192,36.007,34.0233,34.1828,231300
PAHC,2026-08-10,34.0432,34.7809,32.7772,34.0432,167400
PAHC,2026-08-11,34.3124,35.0401,33.6355,33.9734,105400
PAHC,2026-08-12,33.9335,34.8786,33.1959,33.6943,180600
PAHC,2026-08-13,34.113,34.5466,33.7192,33.9535,128900
PAHC,2026-08-14,33.9236,34.5715,33.9236,34.2525,110800
PAHC,2026-08-17,33.9236,34.741,33.6046,34.5217,152600
PAHC,2026-08-18,34.8108,34.9803,34.093,34.5416,89300
PAHC,2026-08-19,34.8905,36.007,34.8905,35.3292,163100
PAHC,2026-08-20,35.1497,35.7778,34.5217,35.07,179300
PAHC,2026-08-21,35.2993,36.326,35.1796,36.2064,324400
PAHC,2026-08-24,36.2064,36.6201,34.9952,35.1996,153100
PAHC,2026-08-25,35.5983,35.9921,35.1896,35.8176,236800
PAHC,2026-08-26,36.3659,36.6749,35.6232,35.9771,298700
PAHC,2026-08-27,39.2668,39.2668,34.9005,36.2363,432900
PAHC,2026-08-28,36.2463,38.5291,36.2463,37.5522,362700
PAHC,2026-08-31,37.0139,37.9509,36.6091,37.622,357400
PAHC,2026-09-01,37.6519,38.5989,37.5123,38.25,370200
PAHC,2026-09-02,38.32,40.65,38.32,39.92,324200
PAHC,2026-09-03,40.24,40.5,38.2,38.58,174600
PAHC,2026-09-04,38.26,38.82,37.685,38.25,176400
KSS,2026-03-03,14.7857,15.2769,14.4615,15.1099,5677600
KSS,2026-03-04,15.552,15.7878,15.0117,15.0215,4185500
KSS,2026-03-05,14.9134,15.4832,14.7955,15.3948,5287600
KSS,2026-03-06,15.159,15.326,14.6089,14.8545,5240500
KSS,2026-03-09,14.3927,14.6285,13.6166,14.5401,10800300
KSS,2026-03-10,14.1275,16.6425,14.0587,14.3239,19805000
KSS,2026-03-11,14.2847,14.6383,13.2826,13.5478,7961700
KSS,2026-03-12,13.3022,13.7345,12.8012,13.037,8414600
KSS,2026-03-13,13.0861,13.3808,12.8306,12.9485,4481800
KSS,2026-03-16,13.1057,13.1941,12.7029,12.811,4396300
KSS,2026-03-17,12.978,13.4692,12.3984,12.4671,7171200
KSS,2026-03-18,12.5912,12.6209,11.8272,11.9363,8282000
KSS,2026-03-19,11.9562,12.8888,11.8569,12.7499,5784600
KSS,2026-03-20,12.5912,12.8491,12.2538,12.3332,10065900
KSS,2026-03-23,12.9087,13.127,12.6507,13.0476,5775400
KSS,2026-03-24,12.7797,13.0476,12.2439,12.2538,5862700
KSS,2026-03-25,12.4523,12.7003,12.2042,12.6011,3498500
KSS,2026-03-26,12.4919,12.9682,12.3332,12.8194,3796700
KSS,2026-03-27,12.6309,12.8888,12.0851,12.363,4802800
KSS,2026-03-30,12.234,12.5912,12.0355,12.105,3537600
KSS,2026-03-31,12.5515,13.0277,12.3233,12.7995,3262100
KSS,2026-04-01,12.9087,13.0575,12.7301,12.7797,3204100
KSS,2026-04-02,12.482,12.869,12.2439,12.7202,2808600
KSS,2026-04-06,12.8789,13.2262,12.7499,13.2262,3109200
KSS,2026-04-07,12.9484,13.0476,12.7499,12.7995,2821400
KSS,2026-04-08,13.6925,13.8314,13.2361,13.4048,4310400
KSS,2026-04-09,13.3651,13.8612,13.127,13.5933,2992700
KSS,2026-04-10,13.8116,13.9108,13.0972,13.1766,3779700
KSS,2026-04-13,13.0476,13.4345,12.9881,13.3552,5392400
KSS,2026-04-14,13.4544,13.9307,13.4048,13.5139,5374800
KSS,2026-04-15,13.5139,14.3672,13.4048,14.1886,5412700
KSS,2026-04-16,14.0299,14.5359,13.9505,14.2184,3826400
KSS,2026-04-17,14.655,15.032,14.268,14.4069,5103800
KSS,2026-04-20,14.2085,14.6153,14.0596,14.4962,4604700
KSS,2026-04-21,14.7046,15.8754,14.6351,15.7464,6687200
KSS,2026-04-22,15.7762,16.0441,15.1312,15.3594,4400100
KSS,2026-04-23,15.3495,15.5281,14.4764,14.9427,5033700
KSS,2026-04-24,14.903,15.0717,14.5458,14.5756,4182100
KSS,2026-04-27,14.6252,15.3297,14.6054,15.1412,3883800
KSS,2026-04-28,15.161,15.7762,14.5954,14.6947,3772400
KSS,2026-04-29,14.5359,14.5359,13.7421,13.8711,3710500
KSS,2026-04-30,14.0795,14.2879,13.881,14.0596,4518500
KSS,2026-05-01,14.2184,14.6351,14.0795,14.5458,3415200
KSS,2026-05-04,14.8038,14.9129,13.9902,14.0795,4073500
KSS,2026-05-05,14.3474,14.5855,14.1291,14.139,3243700
KSS,2026-05-06,14.4863,14.9129,14.2184,14.2978,3109600
KSS,2026-05-07,14.3077,14.6153,13.9902,14.2382,3936500
KSS,2026-05-08,14.4268,14.4565,14.02,14.3871,3829700
KSS,2026-05-11,14.3077,14.3077,12.7797,12.9881,7347500
KSS,2026-05-12,12.9583,12.9583,12.363,12.6309,4857200
KSS,2026-05-13,12.7598,12.7598,11.9363,11.9859,4933500
KSS,2026-05-14,12.2935,12.5515,11.8172,11.8371,4754200
KSS,2026-05-15,11.5097,11.8867,11.4204,11.6783,3789700
KSS,2026-05-18,11.7379,11.9462,11.2914,11.6287,4497400
KSS,2026-05-19,11.6684,11.7478,11.341,11.6486,4075100
KSS,2026-05-20,11.6188,12.1844,11.2914,12.1149,5729600
KSS,2026-05-21,11.9562,12.6507,11.6386,12.6011,6511300
KSS,2026-05-22,12.74,13.0774,12.611,12.9583,5186900
KSS,2026-05-26,13.2361,13.3056,12.7598,13.1865,5289500
KSS,2026-05-27,13.2956,13.5437,12.8194,12.8293,6170700
KSS,2026-05-28,15.3892,16.0937,14.6649,15.4686,16818400
KSS,2026-05-29,15.0419,15.3396,14.02,14.2482,10071900
KSS,2026-06-01,14.6252,15.1015,14.2184,14.784,8074400
KSS,2026-06-02,15.0221,15.9845,14.8633,15.7266,6662300
KSS,2026-06-03,15.7266,15.9052,15.1412,15.3991,5810400
KSS,2026-06-04,15.548,15.9052,15.419,15.8357,3824300
KSS,2026-06-05,15.8159,15.8456,14.9626,15.3396,4484400
KSS,2026-06-08,15.2205,16.3517,15.0915,16.0937,5896200
KSS,2026-06-09,16.2127,16.4806,15.3694,15.925,5744100
KSS,2026-06-10,15.89,16.25,15.51,15.87,5368700
KSS,2026-06-11,15.88,17.66,15.86,17.32,6834200
KSS,2026-06-12,17.63,18.12,17.43,18.06,4893500
KSS,2026-06-15,17.45,18.01,16.93,17.2,6765800
KSS,2026-06-16,16.91,17.31,16.26,16.52,4286200
KSS,2026-06-17,16.3,17.3,16.25,16.59,4807200
KSS,2026-06-18,16.71,17.65,16.71,17.25,6558700
KSS,2026-06-22,17.51,18.42,17.41,17.6,5781100
KSS,2026-06-23,17.25,17.77,17.1,17.53,3554400
KSS,2026-06-24,17.64,19.03,17.59,18.91,5732600
KSS,2026-06-25,19.06,19.62,18.67,19.09,5604700
KSS,2026-06-26,18.93,19.36,18.71,19.26,9251800
KSS,2026-06-29,19.13,19.14,18.12,18.45,4303400
KSS,2026-06-30,18.09,18.3,17.16,17.72,4691600
KSS,2026-07-01,17.72,18.93,17.56,18.77,4605900
KSS,2026-07-02,18.95,18.97,17.97,18.19,3210600
KSS,2026-07-06,17.81,18.13,16.87,16.9,5931300
KSS,2026-07-07,16.72,17.24,16.52,16.76,4271300
KSS,2026-07-08,16.39,16.57,15.71,15.89,4404900
KSS,2026-07-09,15.92,16.62,15.89,16.31,3100600
KSS,2026-07-10,16.52,17.1,16.25,16.8,2757100
KSS,2026-07-13,16.79,17.29,16.54,16.55,2924500
KSS,2026-07-14,16.81,16.89,16.01,16.43,2659800
KSS,2026-07-15,16.31,17.55,16.24,17.1,3396500
KSS,2026-07-16,17.22,18.05,16.99,17.49,3529700
KSS,2026-07-17,17.37,18.05,17.14,17.3,2626500
KSS,2026-07-20,17.3,17.86,17.12,17.57,2338400
KSS,2026-07-21,17.99,18.18,17.27,18.13,3041800
KSS,2026-07-22,18.2,19.1,18.2,19.08,3337300
KSS,2026-07-23,19.05,19.06,17.92,18.2,3329600
KSS,2026-07-24,18.23,18.57,17.91,17.94,2206200
KSS,2026-07-27,18.04,18.65,17.85,18.49,2927900
KSS,2026-07-28,18.55,19.43,18.53,19.09,4444400
KSS,2026-07-29,18.8,19.27,18.42,19.06,2656100
KSS,2026-07-30,18.83,19.73,18.73,19.5,4919200
KSS,2026-07-31,19.55,19.74,19.13,19.14,3531500
KSS,2026-08-03,19.51,20.55,19.51,20.1,3318800
KSS,2026-08-04,19.9,20.27,19.44,20.1,2909700
KSS,2026-08-05,19.95,20.38,19.55,19.66,2804000
KSS,2026-08-06,19.48,19.61,18.44,18.45,4013200
KSS,2026-08-07,18.57,19.6,18.23,19.3,3466600
KSS,2026-08-10,19.41,19.51,18.95,19.03,2521600
KSS,2026-08-11,18.94,18.98,18.38,18.49,2348400
KSS,2026-08-12,18.51,19.39,18.31,19.27,3731400
KSS,2026-08-13,19.24,19.65,18.63,19.62,3413200
KSS,2026-08-14,19.47,19.74,18.95,19.21,3557900
KSS,2026-08-17,19.08,19.36,18.71,19.28,3035200
KSS,2026-08-18,19.15,19.23,18.61,18.7,3215100
KSS,2026-08-19,18.84,19.22,18.52,18.84,3120800
KSS,2026-08-20,18.42,18.55,16.88,17.33,6043300
KSS,2026-08-21,17.51,17.87,17.43,17.6,3367100
KSS,2026-08-24,17.73,18.38,17.7,18.3,4593700
KSS,2026-08-25,18.05,18.1,17.4,17.68,8521000
KSS,2026-08-26,16.65,18.23,16.02,17.94,12985700
KSS,2026-08-27,17.6,18.41,17.11,18.15,5026100
KSS,2026-08-28,18.25,18.31,17.44,17.5,4695600
KSS,2026-08-31,17.26,18.11,17.1,17.82,6656900
KSS,2026-09-01,17.42,18.49,17.21,17.82,4689200
KSS,2026-09-02,18.09,19.4,18.06,19.21,4218600
KSS,2026-09-03,19.4,19.54,18.77,19.34,3346900
KSS,2026-09-04,19.25,19.64,19.11,19.44,3125000
MIAX,2026-03-03,42.52,43.18,41.98,42.04,1040600
MIAX,2026-03-04,42.59,43.73,42.405,42.82,1547600
MIAX,2026-03-05,42.37,43.67,41.87,42.38,983600
MIAX,2026-03-06,41.86,42.45,40.665,40.98,1101200
MIAX,2026-03-09,41.21,41.41,39.955,41.19,1360800
MIAX,2026-03-10,41.17,41.565,39.91,40.54,1363700
MIAX,2026-03-11,40.39,40.74,38.75,39.49,1843700
MIAX,2026-03-12,38.77,39.17,38.035,38.09,1531500
MIAX,2026-03-13,38.53,38.925,38.1,38.47,990700
MIAX,2026-03-16,38.82,39.77,38.74,39.49,1009600
MIAX,2026-03-17,39.81,39.98,39.49,39.82,718700
MIAX,2026-03-18,39.62,39.985,39.21,39.55,979600
MIAX,2026-03-19,39.25,39.48,38.615,39.02,845000
MIAX,2026-03-20,38.99,39.2,38.45,39.1,2011400
MIAX,2026-03-23,39.74,39.88,38.935,39.08,1032900
MIAX,2026-03-24,38.91,39.75,38.82,39.46,1768800
MIAX,2026-03-25,40.0,40.0,38.078,38.51,1477700
MIAX,2026-03-26,37.1,39.22,37.1,38.31,1860200
MIAX,2026-03-27,38.09,38.235,37.2,37.31,957700
MIAX,2026-03-30,37.62,38.238,37.19,37.5,1287400
MIAX,2026-03-31,38.28,39.0,37.89,38.92,1868900
MIAX,2026-04-01,39.4,39.49,38.25,39.37,1932100
MIAX,2026-04-02,39.18,40.18,38.752,40.17,1568000
MIAX,2026-04-06,40.26,41.864,39.97,41.63,1881800
MIAX,2026-04-07,41.56,42.02,41.12,41.32,1179100
MIAX,2026-04-08,41.63,42.285,41.0,42.22,1245900
MIAX,2026-04-09,42.08,42.18,40.74,41.35,1091100
MIAX,2026-04-10,41.35,42.46,41.16,41.95,1166900
MIAX,2026-04-13,41.83,42.9,41.672,42.89,875600
MIAX,2026-04-14,43.0,43.63,42.77,42.91,1217900
MIAX,2026-04-15,43.07,44.42,42.57,44.22,1692800
MIAX,2026-04-16,44.45,44.99,44.01,44.85,758100
MIAX,2026-04-17,45.0,45.59,44.79,45.17,821400
MIAX,2026-04-20,45.18,45.59,44.03,44.93,982000
MIAX,2026-04-21,45.13,45.93,44.15,44.18,733000
MIAX,2026-04-22,44.49,45.27,43.96,45.26,940600
MIAX,2026-04-23,45.23,45.53,44.34,45.49,621300
MIAX,2026-04-24,45.66,45.9,44.7,45.87,664500
MIAX,2026-04-27,45.68,46.82,45.62,46.72,966600
MIAX,2026-04-28,46.8,47.88,46.615,47.3,1310600
MIAX,2026-04-29,47.14,47.88,46.85,47.64,704000
MIAX,2026-04-30,47.24,47.81,46.39,46.49,708500
MIAX,2026-05-01,46.75,47.525,46.71,47.17,698000
MIAX,2026-05-04,47.09,47.76,46.74,47.31,1260500
MIAX,2026-05-05,47.29,48.448,47.13,47.71,1589700
MIAX,2026-05-06,47.92,47.99,46.9,47.69,1323200
MIAX,2026-05-07,48.5,50.41,47.015,49.77,1944600
MIAX,2026-05-08,49.95,52.135,49.0,51.99,1705900
MIAX,2026-05-11,51.05,52.42,49.71,52.19,1539400
MIAX,2026-05-12,52.34,52.47,51.03,52.47,2000000
MIAX,2026-05-13,52.52,55.9,51.4,55.21,1698800
MIAX,2026-05-14,55.54,57.03,54.57,56.84,1157200
MIAX,2026-05-15,56.2,57.14,55.17,56.16,1232600
MIAX,2026-05-18,56.62,56.88,54.1,54.51,1198500
MIAX,2026-05-19,53.8,54.535,53.01,53.31,1249400
MIAX,2026-05-20,53.57,53.67,51.7,51.99,1341900
MIAX,2026-05-21,51.78,52.595,51.315,51.44,1025100
MIAX,2026-05-22,51.64,52.0,51.11,51.42,989200
MIAX,2026-05-26,51.51,51.73,49.21,49.21,1114900
MIAX,2026-05-27,49.7,51.6,49.42,50.21,1620300
MIAX,2026-05-28,50.18,50.18,47.56,47.76,1092000
MIAX,2026-05-29,47.6,48.7,46.855,47.25,994000
MIAX,2026-06-01,47.58,48.35,46.07,46.1,843000
MIAX,2026-06-02,45.75,45.76,41.12,42.51,4193100
MIAX,2026-06-03,42.5,42.78,39.865,40.33,2257300
MIAX,2026-06-04,40.85,41.79,39.225,39.61,1631600
MIAX,2026-06-05,39.8,41.155,38.48,39.21,1813400
MIAX,2026-06-08,40.29,40.68,38.55,38.74,1677100
MIAX,2026-06-09,38.89,40.41,38.89,39.8,2501300
MIAX,2026-06-10,39.8,41.14,39.5,40.79,1995500
MIAX,2026-06-11,41.18,42.79,40.8,41.27,1949500
MIAX,2026-06-12,40.89,44.009,40.89,43.29,3288600
MIAX,2026-06-15,44.74,45.24,43.28,44.11,2029800
MIAX,2026-06-16,44.34,44.54,39.63,40.24,4669900
MIAX,2026-06-17,40.12,40.7,37.53,37.8,3519300
MIAX,2026-06-18,38.02,38.81,36.68,37.65,3696500
MIAX,2026-06-22,37.51,38.315,36.31,36.65,2753300
MIAX,2026-06-23,36.11,37.12,35.43,35.81,3256100
MIAX,2026-06-24,36.18,37.37,35.71,36.49,2263700
MIAX,2026-06-25,36.6,37.42,35.71,36.74,2626500
MIAX,2026-06-26,36.6,38.21,36.33,37.92,10560200
MIAX,2026-06-29,38.24,38.65,36.05,36.83,3052800
MIAX,2026-06-30,36.69,37.24,36.12,37.16,1990600
MIAX,2026-07-01,37.72,39.12,37.62,39.05,2479200
MIAX,2026-07-02,39.35,41.832,38.54,40.84,2900300
MIAX,2026-07-06,40.59,42.345,40.0,41.86,1821200
MIAX,2026-07-07,42.02,44.16,41.725,43.72,2183800
MIAX,2026-07-08,43.72,44.065,41.85,41.86,1488500
MIAX,2026-07-09,42.0,43.18,41.06,42.99,1345900
MIAX,2026-07-10,43.69,44.4,42.225,42.83,975400
MIAX,2026-07-13,42.9,43.74,41.4,42.31,1424800
MIAX,2026-07-14,41.91,42.99,40.8,41.3,1333400
MIAX,2026-07-15,41.48,42.81,41.48,42.43,1016900
MIAX,2026-07-16,42.96,43.615,42.4,42.89,1242700
MIAX,2026-07-17,41.85,43.43,41.675,42.33,1212800
MIAX,2026-07-20,42.52,43.45,41.93,42.04,953000
MIAX,2026-07-21,42.0,42.69,41.16,41.93,890700
MIAX,2026-07-22,41.96,43.05,41.34,41.81,833800
MIAX,2026-07-23,41.18,41.93,40.66,41.67,1243500
MIAX,2026-07-24,41.93,43.0,41.385,42.78,885900
MIAX,2026-07-27,43.2,43.579,42.19,43.42,1238800
MIAX,2026-07-28,43.3,46.22,43.195,46.2,1885800
MIAX,2026-07-29,46.79,46.885,45.54,46.4,1415600
MIAX,2026-07-30,46.22,46.495,45.66,46.0,730200
MIAX,2026-07-31,46.0,47.32,45.16,47.04,1350500
MIAX,2026-08-03,47.13,47.48,46.5,46.83,1070500
MIAX,2026-08-04,46.5,46.91,45.045,45.34,1500400
MIAX,2026-08-05,45.9,46.67,45.74,45.96,1757500
MIAX,2026-08-06,46.19,47.5,43.335,45.46,1947000
MIAX,2026-08-07,44.84,45.93,43.97,44.23,1053600
MIAX,2026-08-10,43.51,45.795,43.4,43.59,1736000
MIAX,2026-08-11,43.53,44.0,41.83,42.32,1530400
MIAX,2026-08-12,42.17,44.22,41.84,43.48,1619000
MIAX,2026-08-13,42.88,44.48,42.88,43.9,786900
MIAX,2026-08-14,43.85,43.85,43.05,43.52,652200
MIAX,2026-08-17,43.33,43.75,42.24,42.41,843600
MIAX,2026-08-18,42.86,43.04,41.85,41.91,697100
MIAX,2026-08-19,41.78,42.66,38.71,40.6,2031500
MIAX,2026-08-20,41.0,42.39,40.89,41.32,1402200
MIAX,2026-08-21,41.62,43.545,41.3,42.59,1120800
MIAX,2026-08-24,42.6,44.05,42.437,44.03,826800
MIAX,2026-08-25,44.56,44.56,43.61,44.34,775400
MIAX,2026-08-26,44.12,44.765,42.255,43.39,1349000
MIAX,2026-08-27,43.36,44.16,43.03,44.05,964400
MIAX,2026-08-28,44.05,44.26,42.97,43.0,921100
MIAX,2026-08-31,42.64,43.25,42.13,42.87,2296400
MIAX,2026-09-01,41.25,43.15,41.06,42.11,1359600
MIAX,2026-09-02,42.23,42.23,39.66,40.62,2303500
MIAX,2026-09-03,41.28,43.25,41.15,42.71,1956700
MIAX,2026-09-04,41.78,42.61,41.78,42.39,829500
QTWO,2026-03-03,49.57,51.16,48.56,50.53,1513200
QTWO,2026-03-04,50.35,50.35,48.68,49.99,2620300
QTWO,2026-03-05,50.05,52.5,49.96,52.07,1395000
QTWO,2026-03-06,52.19,52.96,50.67,52.85,1245400
QTWO,2026-03-09,52.03,52.86,50.47,52.75,1108800
QTWO,2026-03-10,52.29,53.0,49.75,51.26,782000
QTWO,2026-03-11,51.61,52.3,49.59,50.52,701800
QTWO,2026-03-12,49.93,50.89,48.7,48.75,623600
QTWO,2026-03-13,48.86,49.82,47.8,48.3,755700
QTWO,2026-03-16,48.58,49.22,48.31,48.94,506400
QTWO,2026-03-17,49.05,51.35,49.05,49.66,524300
QTWO,2026-03-18,49.03,50.03,49.03,49.38,744200
QTWO,2026-03-19,49.64,50.95,48.1,48.62,579800
QTWO,2026-03-20,48.33,48.71,47.26,48.19,1316200
QTWO,2026-03-23,49.19,49.64,48.26,48.61,694400
QTWO,2026-03-24,48.01,48.47,46.44,46.68,639300
QTWO,2026-03-25,47.4,48.23,45.62,46.2,565900
QTWO,2026-03-26,45.98,47.71,45.98,46.51,489200
QTWO,2026-03-27,46.03,46.03,44.65,45.42,673000
QTWO,2026-03-30,45.54,47.2,45.24,46.58,581800
QTWO,2026-03-31,47.26,48.17,46.17,47.3,625400
QTWO,2026-04-01,47.77,48.73,46.45,47.4,653200
QTWO,2026-04-02,47.38,48.14,46.19,47.74,470000
QTWO,2026-04-06,48.22,49.15,47.21,48.73,506900
QTWO,2026-04-07,49.84,50.18,48.65,49.41,816500
QTWO,2026-04-08,51.07,51.07,47.9,48.22,639500
QTWO,2026-04-09,47.68,47.68,45.22,46.04,569100
QTWO,2026-04-10,45.87,46.16,44.74,45.87,899900
QTWO,2026-04-13,46.12,48.04,45.76,47.98,503000
QTWO,2026-04-14,48.27,49.29,47.98,48.19,352600
QTWO,2026-04-15,48.76,50.25,48.69,50.11,551800
QTWO,2026-04-16,51.02,51.79,50.57,51.01,581400
QTWO,2026-04-17,51.96,52.42,51.37,51.81,584000
QTWO,2026-04-20,51.5,53.33,51.5,53.27,722100
QTWO,2026-04-21,53.28,54.6,52.15,52.26,1061100
QTWO,2026-04-22,52.48,53.11,51.59,52.01,913900
QTWO,2026-04-23,50.55,50.97,47.1,47.51,1037700
QTWO,2026-04-24,47.67,49.46,47.19,49.46,738200
QTWO,2026-04-27,49.14,50.44,48.5,48.56,907600
QTWO,2026-04-28,49.27,50.72,49.26,50.16,923700
QTWO,2026-04-29,49.8,52.73,49.18,52.51,2197300
QTWO,2026-04-30,47.28,50.89,46.66,50.75,3195900
QTWO,2026-05-01,51.23,53.35,50.67,51.23,1300200
QTWO,2026-05-04,51.46,53.98,51.18,53.53,1071900
QTWO,2026-05-05,53.27,53.3,51.91,52.35,1141500
QTWO,2026-05-06,51.91,51.91,49.1,49.34,609000
QTWO,2026-05-07,50.52,52.2,50.29,50.69,645900
QTWO,2026-05-08,50.03,50.95,48.99,50.13,931400
QTWO,2026-05-11,50.05,50.13,46.49,47.3,1001600
QTWO,2026-05-12,47.69,48.42,46.97,47.0,748400
QTWO,2026-05-13,46.21,46.89,44.64,44.7,1236700
QTWO,2026-05-14,44.98,45.98,44.46,45.08,712200
QTWO,2026-05-15,45.65,46.67,44.99,45.16,607700
QTWO,2026-05-18,44.97,47.27,44.93,46.88,782600
QTWO,2026-05-19,47.89,48.43,46.57,47.23,1254500
QTWO,2026-05-20,46.4,47.16,44.99,47.08,469400
QTWO,2026-05-21,46.5,47.23,45.27,46.29,486200
QTWO,2026-05-22,46.58,47.51,46.0,46.12,453500
QTWO,2026-05-26,45.44,46.04,44.99,45.42,456300
QTWO,2026-05-27,44.77,46.57,44.76,44.91,614500
QTWO,2026-05-28,45.29,46.61,44.5,45.14,1094900
QTWO,2026-05-29,45.53,47.54,44.99,47.35,1078200
QTWO,2026-06-01,49.5,52.66,48.47,52.57,1503100
QTWO,2026-06-02,50.84,51.49,48.01,48.88,745000
QTWO,2026-06-03,48.24,48.24,44.93,45.42,502100
QTWO,2026-06-04,46.78,47.01,44.85,44.85,512600
QTWO,2026-06-05,44.76,46.16,44.49,45.71,818900
QTWO,2026-06-08,45.1,45.7,44.72,44.82,746100
QTWO,2026-06-09,44.2,45.15,43.41,44.39,731300
QTWO,2026-06-10,43.48,45.42,42.98,44.09,583900
QTWO,2026-06-11,43.5,43.92,42.28,43.32,503700
QTWO,2026-06-12,43.04,44.22,42.32,43.89,460600
QTWO,2026-06-15,44.01,45.27,43.2,44.05,505200
QTWO,2026-06-16,44.45,45.5,43.51,45.13,488500
QTWO,2026-06-17,45.37,46.21,43.51,43.77,618400
QTWO,2026-06-18,43.42,43.42,42.47,42.85,1173300
QTWO,2026-06-22,43.13,43.13,40.79,42.09,655200
QTWO,2026-06-23,42.83,43.63,42.38,43.27,630200
QTWO,2026-06-24,43.08,45.36,43.08,45.03,641200
QTWO,2026-06-25,44.72,45.93,43.5,44.04,506000
QTWO,2026-06-26,44.45,48.0,44.45,47.91,2874200
QTWO,2026-06-29,47.71,48.58,46.69,47.16,853900
QTWO,2026-06-30,46.27,48.32,45.67,48.1,709500
QTWO,2026-07-01,49.37,51.31,49.37,50.2,1306100
QTWO,2026-07-02,50.19,52.78,50.08,52.63,1214600
QTWO,2026-07-06,51.91,53.72,51.17,53.41,493600
QTWO,2026-07-07,54.71,55.64,53.89,53.95,606700
QTWO,2026-07-08,52.94,52.94,50.96,51.67,590100
QTWO,2026-07-09,50.22,52.24,49.84,52.14,355400
QTWO,2026-07-10,53.12,53.44,51.41,51.83,516100
QTWO,2026-07-13,52.58,53.61,51.88,52.66,563400
QTWO,2026-07-14,50.8,52.48,50.55,51.75,655400
QTWO,2026-07-15,52.01,54.39,52.01,52.62,670000
QTWO,2026-07-16,53.64,55.75,52.95,55.58,858500
QTWO,2026-07-17,54.95,56.83,54.41,54.86,1007700
QTWO,2026-07-20,54.29,56.29,54.12,55.58,681300
QTWO,2026-07-21,53.99,55.79,53.35,55.14,1089700
QTWO,2026-07-22,55.24,55.55,51.71,52.86,1021000
QTWO,2026-07-23,53.65,54.11,52.8,52.88,992800
QTWO,2026-07-24,53.99,55.44,53.45,54.61,732600
QTWO,2026-07-27,55.9,59.17,55.6,58.15,1054300
QTWO,2026-07-28,58.2,60.74,58.2,59.24,1335600
QTWO,2026-07-29,58.94,61.7,58.94,60.42,1742400
QTWO,2026-07-30,61.74,63.76,58.87,59.07,2001200
QTWO,2026-07-31,58.55,61.85,58.01,60.87,1535300
QTWO,2026-08-03,61.54,63.69,60.89,62.45,1053100
QTWO,2026-08-04,61.3,64.18,61.02,63.98,1014000
QTWO,2026-08-05,64.73,65.0,62.42,63.61,858400
QTWO,2026-08-06,62.51,63.63,61.14,63.37,778600
QTWO,2026-08-07,64.34,64.64,62.65,62.81,660800
QTWO,2026-08-10,62.76,63.62,61.92,63.48,693400
QTWO,2026-08-11,63.09,64.6,62.57,63.36,447300
QTWO,2026-08-12,62.01,62.89,61.34,62.55,885300
QTWO,2026-08-13,62.87,66.28,62.43,66.22,840700
QTWO,2026-08-14,66.56,67.0,64.26,64.73,604300
QTWO,2026-08-17,63.7,65.18,61.05,64.41,852500
QTWO,2026-08-18,65.37,65.68,62.8,62.84,733100
QTWO,2026-08-19,63.22,65.77,63.22,64.08,560500
QTWO,2026-08-20,64.2,64.93,63.5,63.82,392700
QTWO,2026-08-21,63.46,64.32,62.43,63.91,685800
QTWO,2026-08-24,64.0,64.85,63.45,64.18,1030600
QTWO,2026-08-25,63.5,64.07,62.52,63.89,615300
QTWO,2026-08-26,62.65,65.07,62.45,64.99,523100
QTWO,2026-08-27,66.0,67.51,65.6,65.68,578500
QTWO,2026-08-28,65.62,66.36,64.79,65.13,443400
QTWO,2026-08-31,64.78,65.8,63.85,65.04,736000
QTWO,2026-09-01,64.15,65.2,63.52,63.91,415000
QTWO,2026-09-02,62.96,64.95,62.26,64.01,408000
QTWO,2026-09-03,65.02,66.31,63.64,64.08,463100
QTWO,2026-09-04,63.36,63.57,61.51,62.13,513700
ATLC,2026-03-03,52.01,54.6,51.53,53.98,36300
ATLC,2026-03-04,54.18,57.46,54.07,57.23,46100
ATLC,2026-03-05,56.35,59.08,53.99,58.57,134800
ATLC,2026-03-06,56.26,56.29,53.76,54.81,87700
ATLC,2026-03-09,53.52,55.77,50.69,55.43,91500
ATLC,2026-03-10,55.71,58.32,54.71,56.47,98500
ATLC,2026-03-11,55.92,56.78,54.21,55.13,42300
ATLC,2026-03-12,53.86,54.96,51.65,52.75,79500
ATLC,2026-03-13,54.5,56.0,47.63,47.96,127600
ATLC,2026-03-16,48.96,50.74,47.5,48.93,96800
ATLC,2026-03-17,50.34,54.34,50.15,53.86,94700
ATLC,2026-03-18,53.26,54.16,52.5,53.02,61400
ATLC,2026-03-19,52.7,54.66,52.7,53.84,43900
ATLC,2026-03-20,53.84,55.31,53.36,54.67,102500
ATLC,2026-03-23,55.14,58.08,55.14,56.31,69100
ATLC,2026-03-24,56.02,57.15,55.62,55.97,46700
ATLC,2026-03-25,56.81,57.31,53.85,54.13,60900
ATLC,2026-03-26,53.29,54.41,52.71,53.14,32000
ATLC,2026-03-27,52.77,53.17,50.82,52.7,62100
ATLC,2026-03-30,52.78,52.81,50.75,51.32,42700
ATLC,2026-03-31,52.25,53.15,50.67,52.47,56100
ATLC,2026-04-01,53.09,56.32,52.0,54.08,66200
ATLC,2026-04-02,53.36,54.64,51.24,53.45,50900
ATLC,2026-04-06,53.69,55.52,53.64,55.35,67400
ATLC,2026-04-07,55.21,56.74,54.4,55.97,83400
ATLC,2026-04-08,58.58,61.16,58.29,60.76,89900
ATLC,2026-04-09,60.65,64.48,60.03,63.32,84200
ATLC,2026-04-10,63.67,63.9,62.4,63.39,83800
ATLC,2026-04-13,63.02,67.58,61.24,67.09,67700
ATLC,2026-04-14,66.72,69.14,66.72,68.18,66100
ATLC,2026-04-15,68.28,69.6,67.77,68.36,32900
ATLC,2026-04-16,67.72,68.25,66.54,66.96,50000
ATLC,2026-04-17,68.76,72.24,68.76,70.96,53100
ATLC,2026-04-20,69.95,73.27,68.01,72.98,72600
ATLC,2026-04-21,73.09,75.25,71.04,71.71,49100
ATLC,2026-04-22,73.38,75.73,72.41,74.97,110900
ATLC,2026-04-23,74.78,76.22,72.66,76.22,70600
ATLC,2026-04-24,76.08,79.34,74.58,78.93,60300
ATLC,2026-04-27,78.08,79.39,76.57,79.39,53700
ATLC,2026-04-28,79.29,80.29,78.62,79.18,103000
ATLC,2026-04-29,78.63,78.63,74.91,76.68,82100
ATLC,2026-04-30,77.2,79.54,75.33,79.41,54900
ATLC,2026-05-01,79.38,80.01,75.54,78.03,48700
ATLC,2026-05-04,77.1,77.84,75.11,75.67,37600
ATLC,2026-05-05,75.79,77.88,75.79,77.59,39900
ATLC,2026-05-06,78.13,79.03,76.07,77.82,30100
ATLC,2026-05-07,78.59,80.75,77.81,78.34,125900
ATLC,2026-05-08,79.91,86.07,72.04,84.81,169600
ATLC,2026-05-11,84.5,89.0,80.18,80.86,89600
ATLC,2026-05-12,79.93,79.93,72.67,77.6,73300
ATLC,2026-05-13,75.93,77.5,72.84,76.32,49000
ATLC,2026-05-14,77.45,80.44,76.61,80.27,49600
ATLC,2026-05-15,79.83,79.83,76.52,77.16,54400
ATLC,2026-05-18,77.19,79.1,77.02,78.55,40200
ATLC,2026-05-19,78.58,79.37,76.32,78.1,65600
ATLC,2026-05-20,78.22,81.79,77.54,81.79,104900
ATLC,2026-05-21,80.43,82.76,78.98,81.61,80500
ATLC,2026-05-22,81.85,84.1,78.27,83.14,128000
ATLC,2026-05-26,84.13,88.75,84.13,88.56,69100
ATLC,2026-05-27,89.54,93.21,88.99,90.0,85900
ATLC,2026-05-28,89.17,89.7,83.14,84.75,258500
ATLC,2026-05-29,85.61,86.54,82.33,86.22,252500
ATLC,2026-06-01,85.3,85.87,81.41,82.61,122700
ATLC,2026-06-02,82.48,83.57,81.36,83.18,125100
ATLC,2026-06-03,82.06,82.68,76.33,76.33,171000
ATLC,2026-06-04,76.93,82.56,76.59,82.22,139700
ATLC,2026-06-05,81.69,84.79,81.5,84.1,101700
ATLC,2026-06-08,84.22,86.25,83.57,85.89,105900
ATLC,2026-06-09,87.33,91.3,85.3,88.78,137800
ATLC,2026-06-10,88.61,90.96,87.43,88.59,106200
ATLC,2026-06-11,87.83,91.44,80.45,91.18,151400
ATLC,2026-06-12,90.0,95.0,88.57,92.38,145400
ATLC,2026-06-15,94.64,96.6,93.59,95.06,233300
ATLC,2026-06-16,96.8,98.57,94.64,96.24,220800
ATLC,2026-06-17,96.31,99.55,94.63,95.77,142000
ATLC,2026-06-18,97.74,100.57,95.37,100.12,169500
ATLC,2026-06-22,100.28,104.07,95.37,99.52,112300
ATLC,2026-06-23,98.01,103.42,98.01,101.36,236800
ATLC,2026-06-24,101.82,105.93,98.9,104.54,220500
ATLC,2026-06-25,105.55,111.42,105.29,108.27,247100
ATLC,2026-06-26,108.2,112.61,107.13,110.41,411900
ATLC,2026-06-29,108.85,110.0,97.36,104.27,305000
ATLC,2026-06-30,107.73,107.73,100.27,102.25,216600
ATLC,2026-07-01,102.0,106.5,100.48,103.75,242300
ATLC,2026-07-02,103.23,105.56,95.77,96.4,205100
ATLC,2026-07-06,97.15,99.41,94.05,95.83,178100
ATLC,2026-07-07,95.44,98.48,92.16,97.38,144300
ATLC,2026-07-08,98.41,98.41,90.59,93.45,163300
ATLC,2026-07-09,95.78,99.4,92.45,98.24,196400
ATLC,2026-07-10,98.24,101.13,97.4,99.26,123600
ATLC,2026-07-13,103.81,104.53,96.36,96.61,149500
ATLC,2026-07-14,96.99,100.64,96.45,97.83,146700
ATLC,2026-07-15,97.98,102.41,95.51,99.47,207100
ATLC,2026-07-16,99.55,104.58,98.2,103.24,201800
ATLC,2026-07-17,100.64,102.99,98.03,100.68,179500
ATLC,2026-07-20,100.43,101.0,96.41,97.91,174800
ATLC,2026-07-21,98.88,100.16,93.58,96.37,187500
ATLC,2026-07-22,94.52,96.56,93.5,95.17,114900
ATLC,2026-07-23,93.4,96.38,91.69,95.62,222600
ATLC,2026-07-24,96.5,102.13,96.15,99.48,196400
ATLC,2026-07-27,100.0,105.45,100.0,104.2,193100
ATLC,2026-07-28,104.6,106.01,101.91,104.82,142900
ATLC,2026-07-29,104.89,107.36,102.61,104.13,216600
ATLC,2026-07-30,105.85,106.69,102.33,106.05,126300
ATLC,2026-07-31,106.77,108.0,104.1,105.49,127000
ATLC,2026-08-03,106.9,109.77,105.78,108.06,128400
ATLC,2026-08-04,108.96,113.37,108.63,110.32,189400
ATLC,2026-08-05,110.24,114.34,109.45,111.31,96300
ATLC,2026-08-06,110.69,112.89,110.01,111.79,150900
ATLC,2026-08-07,111.2,111.2,95.11,100.01,356900
ATLC,2026-08-10,98.25,103.11,95.42,95.78,197000
ATLC,2026-08-11,97.07,99.31,92.45,93.5,172300
ATLC,2026-08-12,93.7,97.95,92.25,97.37,145000
ATLC,2026-08-13,98.35,99.88,95.9,97.04,151000
ATLC,2026-08-14,97.84,102.88,97.04,102.58,135100
ATLC,2026-08-17,101.55,103.0,99.34,100.14,118800
ATLC,2026-08-18,99.24,100.14,93.75,97.58,160200
ATLC,2026-08-19,98.5,99.96,96.96,99.12,120300
ATLC,2026-08-20,97.98,98.0,90.32,93.66,171400
ATLC,2026-08-21,95.41,96.98,93.6,96.09,126000
ATLC,2026-08-24,95.74,97.81,94.34,95.15,119700
ATLC,2026-08-25,96.4,97.0,92.77,93.95,113700
ATLC,2026-08-26,94.19,94.19,92.17,92.92,90700
ATLC,2026-08-27,92.2,93.46,90.39,93.03,86600
ATLC,2026-08-28,93.14,94.62,90.82,91.08,99300
ATLC,2026-08-31,89.92,91.61,89.41,90.47,117800
ATLC,2026-09-01,89.41,91.0,87.32,89.24,107500
ATLC,2026-09-02,90.62,94.48,90.0,93.82,130100
ATLC,2026-09-03,94.0,97.87,92.39,96.71,219700
ATLC,2026-09-04,96.0,97.18,92.74,93.13,250400
WRN,2026-03-03,3.11,3.17,2.9,3.03,1922800
WRN,2026-03-04,3.12,3.17,3.0,3.13,1229500
WRN,2026-03-05,3.09,3.09,2.86,2.93,1917500
WRN,2026-03-06,2.83,2.93,2.79,2.81,1795700
WRN,2026-03-09,2.76,2.85,2.64,2.84,1941000
WRN,2026-03-10,2.92,3.11,2.86,3.05,2632400
WRN,2026-03-11,3.02,3.11,2.94,3.06,1499000
WRN,2026-03-12,3.03,3.03,2.87,2.95,1620800
WRN,2026-03-13,2.91,2.95,2.75,2.77,1578900
WRN,2026-03-16,2.77,2.88,2.75,2.81,1016600
WRN,2026-03-17,2.76,2.83,2.7,2.73,1158900
WRN,2026-03-18,2.63,2.7,2.53,2.55,1994400
WRN,2026-03-19,2.39,2.42,2.26,2.37,1866100
WRN,2026-03-20,2.35,2.4,2.28,2.32,2177100
WRN,2026-03-23,2.37,2.5,2.36,2.44,1609400
WRN,2026-03-24,2.4,2.44,2.35,2.41,1554400
WRN,2026-03-25,2.53,2.58,2.46,2.48,1714300
WRN,2026-03-26,2.45,2.49,2.36,2.36,1602800
WRN,2026-03-27,2.4,2.46,2.35,2.4,1508400
WRN,2026-03-30,2.44,2.45,2.35,2.39,1705100
WRN,2026-03-31,2.45,2.54,2.42,2.53,1912100
WRN,2026-04-01,2.61,2.67,2.55,2.62,1234500
WRN,2026-04-02,2.46,2.61,2.44,2.54,1094600
WRN,2026-04-06,2.57,2.73,2.55,2.72,2451200
WRN,2026-04-07,2.69,2.69,2.47,2.53,3690300
WRN,2026-04-08,2.74,2.76,2.64,2.69,2102100
WRN,2026-04-09,2.68,2.83,2.67,2.73,1255100
WRN,2026-04-10,2.74,2.84,2.73,2.75,2012600
WRN,2026-04-13,2.7,2.93,2.67,2.85,3885300
WRN,2026-04-14,2.92,3.02,2.88,2.95,1670400
WRN,2026-04-15,2.95,2.96,2.77,2.8,1943500
WRN,2026-04-16,2.84,2.84,2.71,2.84,2103200
WRN,2026-04-17,2.92,2.96,2.86,2.88,1757300
WRN,2026-04-20,2.85,2.89,2.8,2.88,1181900
WRN,2026-04-21,2.84,2.88,2.71,2.73,3286500
WRN,2026-04-22,2.75,2.89,2.72,2.81,1627500
WRN,2026-04-23,2.78,2.86,2.71,2.76,2186700
WRN,2026-04-24,2.78,2.81,2.73,2.79,933900
WRN,2026-04-27,2.76,2.88,2.74,2.82,1369300
WRN,2026-04-28,2.74,2.81,2.7,2.74,1752200
WRN,2026-04-29,2.72,2.74,2.6,2.61,1985500
WRN,2026-04-30,2.68,2.81,2.68,2.79,1873400
WRN,2026-05-01,2.79,2.89,2.76,2.85,1716900
WRN,2026-05-04,2.83,2.87,2.77,2.77,1473800
WRN,2026-05-05,2.83,2.91,2.75,2.77,910700
WRN,2026-05-06,2.86,3.08,2.86,3.01,2333400
WRN,2026-05-07,3.05,3.13,2.91,2.94,2598300
WRN,2026-05-08,3.0,3.11,2.93,3.08,2834900
WRN,2026-05-11,3.12,3.21,3.07,3.08,4262300
WRN,2026-05-12,3.04,3.21,2.99,3.19,2471800
WRN,2026-05-13,3.15,3.28,3.11,3.16,2126800
WRN,2026-05-14,3.14,3.17,2.96,2.97,2109700
WRN,2026-05-15,2.86,2.87,2.74,2.8,6670000
WRN,2026-05-18,2.83,2.84,2.71,2.74,2013400
WRN,2026-05-19,2.73,2.75,2.59,2.63,1807200
WRN,2026-05-20,2.66,2.72,2.62,2.7,1593800
WRN,2026-05-21,2.63,2.79,2.63,2.71,1255600
WRN,2026-05-22,2.72,2.76,2.69,2.72,1143000
WRN,2026-05-26,2.77,2.91,2.77,2.88,1428100
WRN,2026-05-27,2.84,2.89,2.8,2.82,2108200
WRN,2026-05-28,2.82,2.99,2.79,2.93,1519800
WRN,2026-05-29,2.9,3.02,2.88,2.98,2146700
WRN,2026-06-01,2.92,2.96,2.85,2.92,1709100
WRN,2026-06-02,2.94,3.03,2.91,3.0,2474200
WRN,2026-06-03,2.97,2.97,2.87,2.9,1590100
WRN,2026-06-04,2.94,3.03,2.9,2.93,1849300
WRN,2026-06-05,2.86,2.87,2.47,2.48,2522700
WRN,2026-06-08,2.57,2.61,2.46,2.47,1113300
WRN,2026-06-09,2.5,2.53,2.26,2.33,2302600
WRN,2026-06-10,2.25,2.32,2.25,2.25,2017300
WRN,2026-06-11,2.25,2.38,2.24,2.37,2004700
WRN,2026-06-12,2.4,2.46,2.37,2.42,1918400
WRN,2026-06-15,2.6,2.66,2.54,2.56,1427100
WRN,2026-06-16,2.56,2.64,2.52,2.58,1341800
WRN,2026-06-17,2.56,2.64,2.49,2.53,2310700
WRN,2026-06-18,2.54,2.56,2.35,2.37,2479100
WRN,2026-06-22,2.36,2.36,2.28,2.33,1359900
WRN,2026-06-23,2.25,2.26,2.18,2.2,1259300
WRN,2026-06-24,2.11,2.15,2.04,2.09,3090700
WRN,2026-06-25,2.13,2.2,2.1,2.17,4129800
WRN,2026-06-26,2.19,2.26,2.16,2.2,2141700
WRN,2026-06-29,2.24,2.24,2.16,2.22,1356900
WRN,2026-06-30,2.22,2.28,2.2,2.24,1476400
WRN,2026-07-01,2.26,2.33,2.22,2.23,1108400
WRN,2026-07-02,2.3,2.37,2.25,2.3,2839300
WRN,2026-07-06,2.33,2.34,2.25,2.28,1845000
WRN,2026-07-07,2.27,2.27,2.13,2.15,2230600
WRN,2026-07-08,2.1,2.15,2.05,2.14,1932800
WRN,2026-07-09,2.18,2.25,2.15,2.2,1663100
WRN,2026-07-10,2.2,2.24,2.18,2.21,1507700
WRN,2026-07-13,2.16,2.2,2.11,2.14,1026800
WRN,2026-07-14,2.22,2.26,2.19,2.22,1147300
WRN,2026-07-15,2.2,2.25,2.12,2.17,3015500
WRN,2026-07-16,2.13,2.13,2.04,2.07,1107300
WRN,2026-07-17,2.03,2.14,2.0,2.13,1747700
WRN,2026-07-20,2.13,2.16,2.12,2.14,1628000
WRN,2026-07-21,2.18,2.25,2.18,2.2,1206100
WRN,2026-07-22,2.24,2.31,2.23,2.25,1396100
WRN,2026-07-23,2.19,2.25,2.14,2.15,1697100
WRN,2026-07-24,2.16,2.21,2.11,2.15,1470300
WRN,2026-07-27,2.16,2.18,2.09,2.16,1473900
WRN,2026-07-28,2.11,2.12,2.01,2.05,1122100
WRN,2026-07-29,2.06,2.1,2.0,2.02,1277600
WRN,2026-07-30,2.07,2.11,2.06,2.11,794000
WRN,2026-07-31,2.09,2.11,2.02,2.04,760600
WRN,2026-08-03,2.05,2.11,2.03,2.1,734200
WRN,2026-08-04,2.14,2.24,2.14,2.21,717900
WRN,2026-08-05,2.31,2.35,2.29,2.31,1222500
WRN,2026-08-06,2.35,2.38,2.28,2.33,946700
WRN,2026-08-07,2.43,2.46,2.38,2.41,1240800
WRN,2026-08-10,2.43,2.48,2.4,2.46,803300
WRN,2026-08-11,2.46,2.48,2.42,2.45,1031700
WRN,2026-08-12,2.49,2.54,2.39,2.4,769100
WRN,2026-08-13,2.38,2.41,2.35,2.39,774100
WRN,2026-08-14,2.4,2.45,2.39,2.4,554600
WRN,2026-08-17,2.41,2.51,2.41,2.43,1361100
WRN,2026-08-18,2.38,2.42,2.34,2.36,489600
WRN,2026-08-19,2.45,2.52,2.44,2.49,936300
WRN,2026-08-20,2.45,2.51,2.42,2.45,1428600
WRN,2026-08-21,2.5,2.58,2.5,2.53,1553600
WRN,2026-08-24,2.57,2.57,2.5,2.55,783700
WRN,2026-08-25,2.55,2.63,2.51,2.62,622400
WRN,2026-08-26,2.59,2.64,2.56,2.57,688600
WRN,2026-08-27,2.58,2.63,2.55,2.59,738500
WRN,2026-08-28,2.62,2.62,2.5,2.52,1267200
WRN,2026-08-31,2.5,2.56,2.48,2.51,707900
WRN,2026-09-01,2.45,2.48,2.35,2.36,1127200
WRN,2026-09-02,2.43,2.48,2.38,2.42,895800
WRN,2026-09-03,2.48,2.48,2.34,2.41,1392100
WRN,2026-09-04,2.36,2.41,2.34,2.4,794900
BLMN,2026-03-03,6.03,6.38,5.86,6.35,3079800
BLMN,2026-03-04,6.37,6.65,6.33,6.57,3689100
BLMN,2026-03-05,6.57,6.61,6.25,6.38,2853300
BLMN,2026-03-06,6.24,6.3,5.92,6.01,2839500
BLMN,2026-03-09,5.8,5.85,5.45,5.81,5771100
BLMN,2026-03-10,5.78,6.16,5.7,5.93,3613300
BLMN,2026-03-11,5.9,6.0,5.62,5.7,2983000
BLMN,2026-03-12,5.55,5.63,5.42,5.44,3116200
BLMN,2026-03-13,5.65,5.65,5.45,5.51,2899700
BLMN,2026-03-16,5.6,5.69,5.48,5.61,2190100
BLMN,2026-03-17,5.62,5.86,5.62,5.69,3088300
BLMN,2026-03-18,5.61,5.83,5.52,5.7,3098500
BLMN,2026-03-19,5.58,6.09,5.55,6.03,3659000
BLMN,2026-03-20,6.03,6.08,5.8,5.82,16133200
BLMN,2026-03-23,6.04,6.12,5.52,5.59,3278000
BLMN,2026-03-24,5.51,5.79,5.48,5.73,2870900
BLMN,2026-03-25,5.78,5.87,5.45,5.62,2062700
BLMN,2026-03-26,5.54,5.67,5.46,5.52,1585500
BLMN,2026-03-27,5.5,5.5,5.21,5.26,2048300
BLMN,2026-03-30,5.26,5.39,5.19,5.34,1716500
BLMN,2026-03-31,5.42,5.48,5.2,5.4,2514500
BLMN,2026-04-01,5.42,5.57,5.38,5.48,2015700
BLMN,2026-04-02,5.36,5.58,5.21,5.49,1782600
BLMN,2026-04-06,5.49,5.76,5.45,5.75,1529000
BLMN,2026-04-07,5.72,5.77,5.62,5.66,1883800
BLMN,2026-04-08,5.85,6.05,5.72,5.92,2047300
BLMN,2026-04-09,5.9,6.15,5.84,6.08,1884600
BLMN,2026-04-10,6.08,6.17,5.88,5.93,1262600
BLMN,2026-04-13,5.86,5.86,5.48,5.83,3010500
BLMN,2026-04-14,5.8,6.52,5.8,6.41,2691700
BLMN,2026-04-15,6.42,6.69,6.3,6.55,2377600
BLMN,2026-04-16,6.49,6.65,6.39,6.4,3228600
BLMN,2026-04-17,6.54,6.76,6.52,6.73,2140000
BLMN,2026-04-20,6.62,6.75,6.53,6.67,2829500
BLMN,2026-04-21,6.67,6.78,6.43,6.49,1682800
BLMN,2026-04-22,6.56,6.69,6.51,6.6,1653300
BLMN,2026-04-23,6.6,6.64,6.3,6.39,1320500
BLMN,2026-04-24,6.03,6.24,6.01,6.13,2187500
BLMN,2026-04-27,6.09,6.32,5.78,6.08,2588200
BLMN,2026-04-28,6.13,6.19,5.99,6.03,1474000
BLMN,2026-04-29,6.06,6.16,5.98,6.01,1369000
BLMN,2026-04-30,6.02,6.11,5.97,6.1,1484100
BLMN,2026-05-01,6.11,6.2,5.83,5.92,2098600
BLMN,2026-05-04,5.87,5.94,5.53,5.63,2243000
BLMN,2026-05-05,5.62,5.82,5.6,5.76,2065300
BLMN,2026-05-06,7.06,8.56,6.99,8.12,11203100
BLMN,2026-05-07,8.13,8.25,7.63,7.95,4646300
BLMN,2026-05-08,8.12,8.37,7.6,8.12,6772600
BLMN,2026-05-11,8.16,8.73,8.07,8.37,2719600
BLMN,2026-05-12,8.36,8.5,8.16,8.32,2715200
BLMN,2026-05-13,8.32,8.57,8.2,8.28,2964500
BLMN,2026-05-14,8.44,8.5,8.01,8.14,2135800
BLMN,2026-05-15,8.08,8.39,8.01,8.04,2106700
BLMN,2026-05-18,7.92,7.96,7.59,7.65,2742300
BLMN,2026-05-19,7.73,7.73,7.29,7.61,2155800
BLMN,2026-05-20,7.53,7.98,7.35,7.86,2972300
BLMN,2026-05-21,7.74,7.82,7.45,7.75,1740900
BLMN,2026-05-22,7.83,8.14,7.73,7.82,1511600
BLMN,2026-05-26,7.9,7.96,7.59,7.92,2808800
BLMN,2026-05-27,7.99,8.56,7.99,8.31,2289900
BLMN,2026-05-28,8.25,8.39,8.08,8.32,1327200
BLMN,2026-05-29,8.32,8.78,8.23,8.44,2956800
BLMN,2026-06-01,8.34,8.36,7.89,8.14,2445600
BLMN,2026-06-02,8.02,8.09,7.74,7.81,1518600
BLMN,2026-06-03,7.74,7.81,7.48,7.49,1620100
BLMN,2026-06-04,7.57,7.63,7.12,7.14,2126500
BLMN,2026-06-05,7.13,7.47,7.12,7.27,2400400
BLMN,2026-06-08,7.26,7.26,7.03,7.07,1630800
BLMN,2026-06-09,7.19,7.62,7.16,7.43,1985400
BLMN,2026-06-10,7.45,7.75,7.37,7.41,2700900
BLMN,2026-06-11,7.41,8.08,7.29,8.06,2228600
BLMN,2026-06-12,8.17,8.61,8.1,8.29,2187100
BLMN,2026-06-15,8.21,8.32,7.62,7.65,2316400
BLMN,2026-06-16,7.7,7.75,7.43,7.63,1736600
BLMN,2026-06-17,7.63,8.0,7.54,7.68,1797000
BLMN,2026-06-18,7.86,8.3,7.81,8.06,2388300
BLMN,2026-06-22,8.18,8.56,8.12,8.33,2748100
BLMN,2026-06-23,8.22,8.56,8.2,8.25,2052400
BLMN,2026-06-24,8.36,8.75,8.34,8.55,1958100
BLMN,2026-06-25,8.56,8.92,8.55,8.65,2569300
BLMN,2026-06-26,8.51,9.04,8.42,8.97,5771400
BLMN,2026-06-29,8.79,9.19,8.48,9.16,2750000
BLMN,2026-06-30,9.12,9.28,8.72,9.14,2379900
BLMN,2026-07-01,8.93,9.04,8.61,8.91,1998500
BLMN,2026-07-02,8.96,8.96,8.59,8.7,2283400
BLMN,2026-07-06,8.69,8.73,7.83,8.04,2787100
BLMN,2026-07-07,8.04,8.49,7.97,7.98,1978700
BLMN,2026-07-08,7.89,7.91,7.66,7.77,1608600
BLMN,2026-07-09,7.77,8.24,7.74,8.06,1759800
BLMN,2026-07-10,8.04,8.48,8.04,8.34,2019600
BLMN,2026-07-13,8.45,8.58,8.34,8.44,1569500
BLMN,2026-07-14,8.52,8.59,8.24,8.31,1234700
BLMN,2026-07-15,8.27,8.84,8.21,8.42,1891800
BLMN,2026-07-16,8.42,8.73,8.31,8.57,1882100
BLMN,2026-07-17,8.53,8.75,8.43,8.54,1362000
BLMN,2026-07-20,8.63,8.69,8.22,8.34,1486300
BLMN,2026-07-21,8.34,8.57,8.18,8.44,1831200
BLMN,2026-07-22,8.4,8.67,8.35,8.42,1029200
BLMN,2026-07-23,8.27,8.31,8.0,8.19,1304300
BLMN,2026-07-24,8.07,8.23,7.91,7.94,1781700
BLMN,2026-07-27,8.01,8.62,8.0,8.54,2097900
BLMN,2026-07-28,8.55,8.8,8.54,8.6,1513000
BLMN,2026-07-29,8.63,8.96,8.62,8.81,1294200
BLMN,2026-07-30,8.94,8.94,8.57,8.86,1177800
BLMN,2026-07-31,8.81,8.86,8.47,8.66,1652100
BLMN,2026-08-03,8.72,9.22,8.64,9.04,2016600
BLMN,2026-08-04,9.01,9.13,8.78,8.92,1953500
BLMN,2026-08-05,12.12,12.63,11.4,11.85,10745300
BLMN,2026-08-06,12.15,12.15,10.67,10.88,4080400
BLMN,2026-08-07,10.73,11.15,10.68,10.95,2011500
BLMN,2026-08-10,10.89,11.37,10.89,11.02,1951800
BLMN,2026-08-11,10.87,11.27,10.82,11.12,1363500
BLMN,2026-08-12,11.24,11.43,10.94,11.39,1567600
BLMN,2026-08-13,11.41,11.64,10.76,10.79,1558400
BLMN,2026-08-14,10.84,10.94,10.43,10.55,1521300
BLMN,2026-08-17,10.42,10.81,10.24,10.69,1720700
BLMN,2026-08-18,10.67,10.93,10.5,10.66,1528700
BLMN,2026-08-19,10.6,11.02,10.51,10.61,1409700
BLMN,2026-08-20,10.45,10.54,10.14,10.48,1469900
BLMN,2026-08-21,10.61,11.66,10.56,11.63,1849400
BLMN,2026-08-24,11.63,11.75,11.36,11.44,2516800
BLMN,2026-08-25,11.44,11.56,10.74,11.04,1722600
BLMN,2026-08-26,11.1,11.37,10.78,11.15,1855100
BLMN,2026-08-27,11.2,11.22,10.42,10.44,2007900
BLMN,2026-08-28,10.54,10.72,10.44,10.58,1337300
BLMN,2026-08-31,10.62,10.77,10.23,10.3,2065000
BLMN,2026-09-01,10.17,10.32,9.69,9.74,2041200
BLMN,2026-09-02,9.87,10.09,9.8,9.93,2203700
BLMN,2026-09-03,10.05,10.1,9.6,9.73,1563700
BLMN,2026-09-04,9.68,10.0,9.63,9.79,1386400
GPRK,2026-03-03,8.4693,8.4792,8.0527,8.2015,945800
GPRK,2026-03-04,8.2511,8.4098,8.1519,8.3503,566700
GPRK,2026-03-05,8.8263,8.8957,8.5387,8.737,1719200
GPRK,2026-03-06,8.8263,8.9255,8.5288,8.5486,1377200
GPRK,2026-03-09,8.7965,8.8957,8.618,8.6676,1359500
GPRK,2026-03-10,8.6478,8.7073,8.2313,8.2908,1195600
GPRK,2026-03-11,8.4301,8.7386,8.2808,8.6491,1124000
GPRK,2026-03-12,8.669,9.0472,8.5893,8.878,1189200
GPRK,2026-03-13,8.8481,8.9277,8.5893,8.7287,4115200
GPRK,2026-03-16,8.6889,9.1069,8.5694,9.1069,1586100
GPRK,2026-03-17,9.1169,9.724,9.1069,9.714,1956500
GPRK,2026-03-18,9.7837,9.9628,9.6145,9.8633,3258600
GPRK,2026-03-19,9.8534,10.2913,9.8434,10.142,1995100
GPRK,2026-03-20,10.1719,10.2017,9.7538,9.7538,874600
GPRK,2026-03-23,9.515,9.7936,9.296,9.4851,1641900
GPRK,2026-03-24,9.5448,9.8136,9.4851,9.6543,989100
GPRK,2026-03-25,9.505,9.5946,9.3756,9.4154,740100
GPRK,2026-03-26,9.4552,9.6344,9.1467,9.1666,1201100
GPRK,2026-03-27,9.286,9.6941,9.2064,9.5747,1023100
GPRK,2026-03-30,9.6941,9.923,9.5747,9.6643,690600
GPRK,2026-03-31,9.6543,9.933,9.2661,9.4552,1258200
GPRK,2026-04-01,9.2263,9.3557,8.659,8.6889,1369800
GPRK,2026-04-02,9.1865,9.306,8.7386,8.8083,813400
GPRK,2026-04-06,8.7088,8.868,8.5794,8.7685,732100
GPRK,2026-04-07,8.8183,8.9477,8.4699,8.5197,521500
GPRK,2026-04-08,8.0618,8.3803,7.9723,8.3704,1133800
GPRK,2026-04-09,8.3405,8.4799,8.0618,8.1116,893800
GPRK,2026-04-10,8.0718,9.4652,8.0718,9.3557,3072400
GPRK,2026-04-13,9.5448,10.0226,9.5249,9.9031,1829900
GPRK,2026-04-14,9.8235,10.1719,9.6842,9.8633,2807700
GPRK,2026-04-15,9.6941,9.7638,9.077,9.0969,1054600
GPRK,2026-04-16,9.0571,9.3458,9.0372,9.3159,743800
GPRK,2026-04-17,8.8083,8.9377,8.5595,8.7785,1235700
GPRK,2026-04-20,8.8282,8.9576,8.7187,8.7685,948000
GPRK,2026-04-21,8.8282,9.0969,8.7785,9.0671,432600
GPRK,2026-04-22,9.087,9.3756,9.087,9.1865,406500
GPRK,2026-04-23,9.0671,9.1965,8.9775,9.0671,443400
GPRK,2026-04-24,9.2761,9.2761,8.9875,9.0074,454400
GPRK,2026-04-27,9.1865,9.3557,8.9676,9.1965,583700
GPRK,2026-04-28,9.4552,9.5548,9.2064,9.2064,554100
GPRK,2026-04-29,9.3955,9.4851,9.2064,9.4652,396000
GPRK,2026-04-30,9.3856,9.7339,9.306,9.6344,504700
GPRK,2026-05-01,9.4652,9.5846,9.3657,9.4353,425000
GPRK,2026-05-04,9.515,9.7538,9.4055,9.6842,423100
GPRK,2026-05-05,9.6543,9.8335,9.5846,9.7737,606200
GPRK,2026-05-06,9.3756,9.6543,9.296,9.3657,847400
GPRK,2026-05-07,9.1467,9.2064,8.8581,9.1069,744700
GPRK,2026-05-08,9.1865,9.3259,9.0472,9.286,490900
GPRK,2026-05-11,9.4752,9.9131,9.3557,9.8534,518800
GPRK,2026-05-12,9.8932,9.9529,9.7737,9.9131,603300
GPRK,2026-05-13,9.9131,9.9131,9.515,9.6344,606600
GPRK,2026-05-14,9.6244,9.8136,9.4552,9.6842,367300
GPRK,2026-05-15,9.5747,9.724,9.505,9.5349,375500
GPRK,2026-05-18,9.5846,10.351,9.4552,10.3411,812200
GPRK,2026-05-19,10.3908,10.4605,10.1121,10.1221,557200
GPRK,2026-05-20,10.1351,10.3346,9.6562,9.7959,629900
GPRK,2026-05-21,9.9755,9.9854,9.6562,9.6862,594500
GPRK,2026-05-22,9.5764,9.8757,9.4867,9.7061,342500
GPRK,2026-05-26,9.5465,9.9655,9.4567,9.9455,653000
GPRK,2026-05-27,9.6662,9.8059,9.5166,9.7161,403900
GPRK,2026-05-28,9.8258,9.9356,9.7261,9.8158,467000
GPRK,2026-05-29,9.7759,10.2248,9.6862,10.2248,655000
GPRK,2026-06-01,10.4144,11.4019,10.4144,11.3122,1534400
GPRK,2026-06-02,11.2922,11.8409,11.1625,11.7511,1408200
GPRK,2026-06-03,11.7212,11.771,11.0329,11.1625,781100
GPRK,2026-06-04,10.7835,11.0927,10.7735,11.0528,487200
GPRK,2026-06-05,10.9431,11.1027,10.5341,10.5441,686800
GPRK,2026-06-08,10.8433,10.9131,10.4643,10.7336,629400
GPRK,2026-06-09,10.6638,10.8333,10.4842,10.8134,594300
GPRK,2026-06-10,10.8433,11.1825,10.6737,10.9231,436300
GPRK,2026-06-11,11.1027,11.6414,10.993,11.0329,923800
GPRK,2026-06-12,10.983,11.3022,10.8633,11.1725,530100
GPRK,2026-06-15,10.7236,10.7336,10.0852,10.165,625400
GPRK,2026-06-16,9.9854,10.4144,9.9854,10.3645,687400
GPRK,2026-06-17,10.2947,10.5341,10.1949,10.3046,448500
GPRK,2026-06-18,10.175,10.2747,9.7959,10.1151,596600
GPRK,2026-06-22,10.3346,10.4643,9.8258,9.8657,350700
GPRK,2026-06-23,9.7959,9.8557,9.357,9.6463,675900
GPRK,2026-06-24,9.3869,9.4867,8.9879,9.2173,1168700
GPRK,2026-06-25,9.2373,9.2772,8.8582,9.0976,543100
GPRK,2026-06-26,9.0777,9.2572,9.0477,9.2073,351000
GPRK,2026-06-29,9.2772,9.2871,9.0178,9.1774,310100
GPRK,2026-06-30,9.2472,9.367,8.8881,9.0777,480100
GPRK,2026-07-01,8.9679,9.1475,8.948,9.0278,549900
GPRK,2026-07-02,9.1575,9.2273,8.9081,9.0477,346600
GPRK,2026-07-06,9.1076,9.4069,9.0477,9.327,375100
GPRK,2026-07-07,9.3769,9.8059,9.367,9.5964,474500
GPRK,2026-07-08,9.736,10.1151,9.736,9.9256,440100
GPRK,2026-07-09,9.8657,10.0054,9.756,9.7959,334700
GPRK,2026-07-10,9.8557,9.9256,9.7759,9.8657,266400
GPRK,2026-07-13,10.0453,10.165,9.9455,9.9755,272800
GPRK,2026-07-14,10.1251,10.3346,10.0752,10.3246,380100
GPRK,2026-07-15,10.3346,10.3346,9.766,9.8358,384300
GPRK,2026-07-16,9.8358,9.8857,9.4667,9.4966,455700
GPRK,2026-07-17,9.6862,9.7061,9.4268,9.6562,262500
GPRK,2026-07-20,9.5864,9.7261,9.5565,9.6762,210000
GPRK,2026-07-21,9.7759,10.2149,9.7759,10.1251,355200
GPRK,2026-07-22,10.3146,10.6638,10.2348,10.2847,596400
GPRK,2026-07-23,10.4643,10.4942,10.2049,10.2348,288000
GPRK,2026-07-24,10.1849,10.3246,9.9455,9.9755,407300
GPRK,2026-07-27,9.7859,9.8358,9.4468,9.4567,476100
GPRK,2026-07-28,9.357,9.367,9.0577,9.2373,453800
GPRK,2026-07-29,9.4767,9.5365,9.2373,9.367,464900
GPRK,2026-07-30,9.347,9.6163,9.347,9.5665,223500
GPRK,2026-07-31,9.9555,9.9555,9.5365,9.7261,355000
GPRK,2026-08-03,9.4767,9.6463,9.3869,9.4767,334200
GPRK,2026-08-04,9.4268,9.4468,9.1275,9.357,469300
GPRK,2026-08-05,9.4168,9.6163,9.2273,9.4667,281700
GPRK,2026-08-06,9.6363,9.6363,9.4268,9.4867,243200
GPRK,2026-08-07,9.4168,9.4966,9.2273,9.4069,519200
GPRK,2026-08-10,9.5565,9.736,9.5266,9.6363,505300
GPRK,2026-08-11,9.5964,9.6762,9.2173,9.2871,367500
GPRK,2026-08-12,9.2772,9.347,9.1575,9.2472,254900
GPRK,2026-08-13,9.0477,9.357,9.0278,9.347,261600
GPRK,2026-08-14,9.4468,9.5764,9.3869,9.4468,207100
GPRK,2026-08-17,9.4767,9.6562,9.367,9.5665,216800
GPRK,2026-08-18,9.6762,9.736,9.347,9.347,266600
GPRK,2026-08-19,9.53,9.66,9.44,9.53,456600
GPRK,2026-08-20,9.67,10.01,9.62,9.78,294200
GPRK,2026-08-21,9.76,9.84,9.7,9.79,303400
GPRK,2026-08-24,9.74,9.87,9.63,9.84,328200
GPRK,2026-08-25,9.69,9.79,9.56,9.74,341200
GPRK,2026-08-26,9.62,9.83,9.6,9.71,224000
GPRK,2026-08-27,9.67,9.88,9.54,9.85,274800
GPRK,2026-08-28,9.86,10.04,9.7,9.83,368200
GPRK,2026-08-31,10.26,11.21,10.25,11.0,2051000
GPRK,2026-09-01,11.14,11.23,10.73,11.23,1161900
GPRK,2026-09-02,11.1,11.98,10.82,11.69,1153800
GPRK,2026-09-03,12.7,13.13,11.8,11.9,3856900
GPRK,2026-09-04,11.77,11.92,11.44,11.56,1310100
CAKE,2026-03-03,60.743,62.8271,59.3405,62.7579,1288800
CAKE,2026-03-04,63.1053,63.6709,61.7755,63.5518,1092000
CAKE,2026-03-05,63.5518,64.306,62.3312,62.5098,1359700
CAKE,2026-03-06,61.5274,61.8251,59.6518,61.2396,1263300
CAKE,2026-03-09,60.1281,62.6388,58.9373,62.5098,1252200
CAKE,2026-03-10,61.706,62.7678,61.4877,62.0434,1011200
CAKE,2026-03-11,61.6266,62.3709,60.0587,60.1579,1247400
CAKE,2026-03-12,59.0861,59.622,56.0693,56.1685,1847800
CAKE,2026-03-13,57.1014,58.4907,56.5456,57.1311,1284100
CAKE,2026-03-16,57.4388,59.1357,57.3792,58.7586,1464500
CAKE,2026-03-17,59.4533,59.5625,57.409,57.6373,1568100
CAKE,2026-03-18,56.8632,57.3991,55.4739,55.8212,1347900
CAKE,2026-03-19,55.5334,57.6373,54.938,56.7739,1938100
CAKE,2026-03-20,56.9227,57.7663,56.496,56.7143,1765700
CAKE,2026-03-23,58.5502,59.2251,55.9006,56.0891,1116000
CAKE,2026-03-24,55.6624,56.9724,55.2556,56.5556,1054300
CAKE,2026-03-25,57.0121,57.4189,55.0472,55.8907,895000
CAKE,2026-03-26,55.4739,56.1983,54.809,54.9082,733600
CAKE,2026-03-27,54.5807,54.938,52.4174,53.6578,1496300
CAKE,2026-03-30,54.2433,54.9975,53.1815,53.9555,989600
CAKE,2026-03-31,54.9181,55.325,53.3204,54.3326,1086700
CAKE,2026-04-01,54.3326,55.2357,53.6281,54.8784,1124900
CAKE,2026-04-02,53.9357,55.6624,53.3502,54.809,970300
CAKE,2026-04-06,54.8685,56.6548,54.6006,56.625,723900
CAKE,2026-04-07,56.367,56.9227,55.3151,55.3548,833600
CAKE,2026-04-08,57.3792,58.9571,56.7143,57.1113,902000
CAKE,2026-04-09,57.3098,58.7289,56.9823,58.322,832200
CAKE,2026-04-10,58.2724,59.2052,58.0739,58.6991,765900
CAKE,2026-04-13,57.8159,58.8083,56.9525,58.451,1034400
CAKE,2026-04-14,58.3121,61.1602,58.3121,60.793,1224800
CAKE,2026-04-15,60.5945,61.7457,60.2075,61.0014,1001200
CAKE,2026-04-16,60.4457,61.0411,59.2747,59.7808,1212000
CAKE,2026-04-17,60.1678,63.4129,60.1678,62.2022,1078000
CAKE,2026-04-20,61.706,62.3014,60.8129,61.6663,966000
CAKE,2026-04-21,62.0037,62.748,60.9518,61.3686,1124100
CAKE,2026-04-22,61.9342,63.3137,61.6068,62.7877,1479200
CAKE,2026-04-23,63.135,63.5121,61.2594,61.4083,935000
CAKE,2026-04-24,61.319,61.9442,60.2373,61.2495,732100
CAKE,2026-04-27,61.3289,63.1946,60.9816,62.0335,1522500
CAKE,2026-04-28,61.9541,62.7083,60.8923,62.2022,1384900
CAKE,2026-04-29,61.9938,63.5121,61.5671,62.1923,2475700
CAKE,2026-04-30,64.5442,64.9511,60.4854,62.3907,2727000
CAKE,2026-05-01,61.8251,62.2121,59.1258,59.7411,1734400
CAKE,2026-05-04,60.019,60.1678,58.6098,58.838,1093500
CAKE,2026-05-05,58.7884,61.5968,58.5602,60.664,1396100
CAKE,2026-05-06,61.7259,62.8175,60.1182,60.1579,1019700
CAKE,2026-05-07,59.6915,60.3961,58.2525,60.3365,1000700
CAKE,2026-05-08,61.2892,61.706,60.4159,61.18,1743500
CAKE,2026-05-11,61.19,61.6068,60.3564,60.7037,677500
CAKE,2026-05-12,61.061,61.061,59.7212,60.2869,774600
CAKE,2026-05-13,60.3567,60.3567,55.6794,56.3775,1699900
CAKE,2026-05-14,58.0529,58.9106,57.0856,58.1228,1300100
CAKE,2026-05-15,58.1826,59.7484,57.5443,59.3295,1217900
CAKE,2026-05-18,58.8308,59.8381,58.3122,59.5389,844700
CAKE,2026-05-19,59.2796,59.3395,58.1228,58.3122,830900
CAKE,2026-05-20,58.761,60.5562,57.654,60.1373,877200
CAKE,2026-05-21,59.4193,60.4664,58.3821,60.4066,734200
CAKE,2026-05-22,60.4664,61.6133,59.8381,60.975,790400
CAKE,2026-05-26,61.723,64.5554,61.6233,64.4556,1155000
CAKE,2026-05-27,65.0839,66.2009,64.1265,64.7748,1160800
CAKE,2026-05-28,64.6451,65.3432,63.5082,64.0866,723300
CAKE,2026-05-29,63.937,66.9589,63.588,65.8618,1102700
CAKE,2026-06-01,64.8745,66.3306,64.3559,65.7022,993400
CAKE,2026-06-02,64.7847,64.9642,63.3785,64.316,1146500
CAKE,2026-06-03,64.2661,65.5227,63.7974,64.7049,850200
CAKE,2026-06-04,64.8545,65.413,62.9098,63.6678,921700
CAKE,2026-06-05,64.0368,66.8791,64.0268,65.9516,1192100
CAKE,2026-06-08,65.792,67.9262,65.2535,67.0386,1435500
CAKE,2026-06-09,67.5373,68.9535,66.54,67.7567,1546200
CAKE,2026-06-10,68.5645,71.0478,68.0659,70.4295,1417400
CAKE,2026-06-11,70.4295,74.8774,70.24,74.7777,2215700
CAKE,2026-06-12,75.2564,76.3135,73.9898,75.0769,1823700
CAKE,2026-06-15,73.1322,74.3987,72.5138,73.551,2429800
CAKE,2026-06-16,73.0424,74.4286,72.8828,73.0723,1720400
CAKE,2026-06-17,73.202,76.8122,72.5537,75.3162,1267100
CAKE,2026-06-18,76.4631,78.6572,75.3162,76.9817,1426700
CAKE,2026-06-22,77.3507,78.4278,76.1739,76.7025,973400
CAKE,2026-06-23,76.2836,77.3507,75.3661,76.8421,1181500
CAKE,2026-06-24,77.0416,78.0987,76.2637,77.9591,1013300
CAKE,2026-06-25,76.4033,79.485,76.4033,78.8367,1005700
CAKE,2026-06-26,78.0488,80.6718,77.7098,80.1631,2083600
CAKE,2026-06-29,79.3354,79.7842,77.7896,79.1459,1077500
CAKE,2026-06-30,79.2356,79.824,78.0389,79.3254,1290700
CAKE,2026-07-01,79.3254,80.7116,78.7071,79.4251,1153100
CAKE,2026-07-02,80.1532,80.4224,77.2211,78.9664,1410400
CAKE,2026-07-06,78.8866,79.0162,76.2537,76.6825,1299800
CAKE,2026-07-07,76.3435,78.0788,75.9346,77.5303,824600
CAKE,2026-07-08,76.892,77.5901,75.3861,76.4232,1467700
CAKE,2026-07-09,76.7324,78.4976,76.3634,78.2084,1110200
CAKE,2026-07-10,78.7869,83.9329,78.5674,82.5367,2295700
CAKE,2026-07-13,83.1052,84.3119,80.572,81.7289,1926800
CAKE,2026-07-14,82.2674,82.3971,80.0634,80.223,975100
CAKE,2026-07-15,79.8041,82.2176,79.3753,80.0534,1282700
CAKE,2026-07-16,80.2828,83.3645,80.1831,83.0852,1266100
CAKE,2026-07-17,83.0453,86.4262,82.6464,85.5386,1670600
CAKE,2026-07-20,86.3963,87.6628,85.369,85.8777,1428600
CAKE,2026-07-21,85.8777,87.4434,85.0399,86.8351,1507000
CAKE,2026-07-22,86.6256,87.1043,84.7707,85.4488,2191300
CAKE,2026-07-23,84.282,85.0998,83.5839,84.2321,1466700
CAKE,2026-07-24,83.1052,85.1696,82.6963,84.4914,1734600
CAKE,2026-07-27,85.8677,87.1742,85.03,86.7952,1541600
CAKE,2026-07-28,87.4335,88.9793,86.0472,88.7698,1564700
CAKE,2026-07-29,92.6892,101.5353,92.2803,100.8671,5378500
CAKE,2026-07-30,101.2261,102.3631,98.0747,101.0367,2367200
CAKE,2026-07-31,101.5553,103.0512,100.3286,101.1464,1975100
CAKE,2026-08-03,102.0439,104.8962,101.2361,104.607,1640500
CAKE,2026-08-04,104.607,106.1528,103.4701,105.5445,2093600
CAKE,2026-08-05,106.6016,107.6587,104.7466,105.0259,1485200
CAKE,2026-08-06,104.7366,107.579,103.49,107.0205,2176300
CAKE,2026-08-07,106.2127,107.4194,105.5744,106.7612,1231700
CAKE,2026-08-10,106.6614,111.3587,105.8736,110.89,2331000
CAKE,2026-08-11,110.61,113.83,110.55,113.06,2529300
CAKE,2026-08-12,113.89,117.97,111.67,117.29,2181100
CAKE,2026-08-13,118.0,118.46,111.41,111.88,2109000
CAKE,2026-08-14,112.7,113.73,110.88,113.38,1410500
CAKE,2026-08-17,110.73,111.99,108.68,109.07,2287300
CAKE,2026-08-18,108.75,110.09,106.01,106.36,1794500
CAKE,2026-08-19,106.94,110.56,105.73,105.82,1183800
CAKE,2026-08-20,105.25,106.65,102.42,106.53,1751900
CAKE,2026-08-21,106.88,113.64,106.61,113.33,1865300
CAKE,2026-08-24,113.0,115.35,111.21,114.61,2113100
CAKE,2026-08-25,114.68,114.68,112.27,113.49,1985800
CAKE,2026-08-26,114.44,115.78,113.46,115.35,1399500
CAKE,2026-08-27,113.96,114.34,110.03,110.09,1425600
CAKE,2026-08-28,110.75,113.32,110.31,112.07,803300
CAKE,2026-08-31,111.87,113.8,107.63,109.49,2598400
CAKE,2026-09-01,108.5,109.5,106.37,108.36,1360000
CAKE,2026-09-02,108.73,109.95,108.15,108.57,1236900
CAKE,2026-09-03,108.22,108.92,106.54,107.18,863600
CAKE,2026-09-04,106.8,109.88,106.8,107.58,1184100
NOW,2026-03-03,108.0,114.92,107.51,113.19,17606100
NOW,2026-03-04,112.11,115.21,111.5,113.86,17432000
NOW,2026-03-05,114.77,122.08,114.13,120.38,26568000
NOW,2026-03-06,120.5,124.66,120.18,124.34,25972300
NOW,2026-03-09,123.06,126.67,121.29,121.93,20324700
NOW,2026-03-10,120.99,121.43,114.66,116.61,21872600
NOW,2026-03-11,117.4,118.83,113.6,115.63,14594900
NOW,2026-03-12,115.28,117.21,112.42,112.97,18372100
NOW,2026-03-13,112.81,115.91,111.71,113.62,14846400
NOW,2026-03-16,116.9,117.2,113.8,114.88,12289400
NOW,2026-03-17,115.4,118.99,114.2,116.72,13368500
NOW,2026-03-18,115.0,117.44,113.53,113.71,10080100
NOW,2026-03-19,114.18,117.09,111.95,113.27,11361600
NOW,2026-03-20,111.3,112.15,109.12,110.38,18863000
NOW,2026-03-23,110.76,113.25,109.89,110.95,12219100
NOW,2026-03-24,109.14,109.25,104.32,104.65,17835200
NOW,2026-03-25,106.5,106.88,101.14,103.06,14728600
NOW,2026-03-26,102.42,105.84,100.88,103.64,11595300
NOW,2026-03-27,102.64,102.67,98.34,99.41,18109900
NOW,2026-03-30,100.06,105.99,99.5,104.97,18685600
NOW,2026-03-31,105.54,106.58,104.06,104.55,16821300
NOW,2026-04-01,105.23,105.9,102.01,104.04,12439700
NOW,2026-04-02,101.79,103.41,98.46,102.0,16629900
NOW,2026-04-06,102.97,103.33,100.4,102.42,9141300
NOW,2026-04-07,102.77,103.96,99.5,100.55,12008200
NOW,2026-04-08,104.76,105.58,96.96,97.47,19796900
NOW,2026-04-09,96.5,97.16,88.66,89.81,42131500
NOW,2026-04-10,88.91,88.91,81.24,83.0,58715600
NOW,2026-04-13,84.77,89.24,84.18,89.06,31675400
NOW,2026-04-14,90.74,92.4,87.12,87.79,25132700
NOW,2026-04-15,90.2,94.83,89.2,94.19,25835900
NOW,2026-04-16,97.61,99.39,95.37,96.44,21971800
NOW,2026-04-17,97.95,98.82,96.13,96.66,17754600
NOW,2026-04-20,97.44,100.67,96.81,99.72,20306600
NOW,2026-04-21,100.35,104.5,99.06,100.14,24147900
NOW,2026-04-22,101.5,104.31,101.03,103.07,35714800
NOW,2026-04-23,87.25,90.02,83.58,84.78,84103100
NOW,2026-04-24,85.78,90.39,84.93,90.17,39011800
NOW,2026-04-27,89.06,94.03,87.81,90.45,32789100
NOW,2026-04-28,91.1,93.0,90.13,90.49,20990400
NOW,2026-04-29,89.06,89.3,87.1,88.89,18646600
NOW,2026-04-30,87.95,88.71,85.88,88.31,22152200
NOW,2026-05-01,90.93,92.6,87.87,91.16,22911800
NOW,2026-05-04,91.27,95.62,91.1,91.97,21863500
NOW,2026-05-05,92.25,92.89,89.14,92.01,22756800
NOW,2026-05-06,91.6,91.68,88.21,89.05,23117900
NOW,2026-05-07,92.17,95.56,91.89,93.59,27960700
NOW,2026-05-08,91.13,91.85,88.99,91.18,24699000
NOW,2026-05-11,91.04,94.75,90.47,91.49,21402900
NOW,2026-05-12,92.47,92.77,88.69,89.0,22354600
NOW,2026-05-13,88.58,88.58,86.01,87.05,22107000
NOW,2026-05-14,87.32,92.0,85.44,90.5,25571500
NOW,2026-05-15,92.09,96.67,91.97,95.07,34569700
NOW,2026-05-18,98.86,104.68,97.85,103.42,51220700
NOW,2026-05-19,110.14,110.83,100.77,101.83,55624400
NOW,2026-05-20,100.75,103.35,97.5,103.3,30037700
NOW,2026-05-21,100.99,101.59,98.11,99.69,26474000
NOW,2026-05-22,102.18,104.59,99.43,102.13,23646300
NOW,2026-05-26,100.56,102.54,98.72,99.92,23589900
NOW,2026-05-27,99.21,105.4,98.55,102.12,28633300
NOW,2026-05-28,107.0,110.16,104.6,108.73,39117700
NOW,2026-05-29,118.48,124.74,116.29,124.37,68243400
NOW,2026-06-01,135.77,139.2,131.61,135.86,68789000
NOW,2026-06-02,129.9,132.74,124.12,127.65,41371600
NOW,2026-06-03,127.99,128.08,117.34,117.9,34316400
NOW,2026-06-04,121.94,124.8,119.36,119.36,28144000
NOW,2026-06-05,119.19,121.2,111.56,112.45,31452000
NOW,2026-06-08,111.69,115.36,111.2,114.19,19737700
NOW,2026-06-09,110.31,112.39,103.08,106.97,35824800
NOW,2026-06-10,105.28,109.8,104.73,106.06,20052700
NOW,2026-06-11,103.03,105.12,101.33,103.08,28321500
NOW,2026-06-12,103.38,103.45,98.42,102.15,26049400
NOW,2026-06-15,104.8,107.18,103.35,104.15,23018000
NOW,2026-06-16,102.9,105.66,101.2,101.33,17198400
NOW,2026-06-17,100.68,102.89,95.09,95.48,32165600
NOW,2026-06-18,95.31,96.24,92.45,95.04,36337200
NOW,2026-06-22,93.3,97.44,91.48,93.01,24940900
NOW,2026-06-23,95.14,97.5,94.61,95.94,32559700
NOW,2026-06-24,94.0,96.99,93.42,93.8,17246400
NOW,2026-06-25,91.7,92.06,89.39,89.52,23735600
NOW,2026-06-26,90.44,98.92,90.0,98.34,27314900
NOW,2026-06-29,100.48,103.21,99.47,99.97,25023100
NOW,2026-06-30,97.31,99.64,96.95,99.28,19433300
NOW,2026-07-01,103.6,106.69,101.77,105.8,26458600
NOW,2026-07-02,106.22,107.68,103.84,106.32,20227500
NOW,2026-07-06,104.1,110.64,103.34,107.93,16524500
NOW,2026-07-07,111.55,113.79,109.04,110.73,22339400
NOW,2026-07-08,106.21,108.44,105.4,107.78,15069400
NOW,2026-07-09,102.03,109.25,101.51,108.84,14241400
NOW,2026-07-10,111.27,111.5,105.71,107.71,11096900
NOW,2026-07-13,109.5,113.03,107.65,111.26,16607300
NOW,2026-07-14,103.74,107.96,102.61,104.85,23213100
NOW,2026-07-15,106.5,108.75,104.33,104.73,13784200
NOW,2026-07-16,104.94,105.86,99.31,104.01,20318200
NOW,2026-07-17,102.88,105.83,102.64,103.24,16207300
NOW,2026-07-20,100.52,105.33,98.43,104.7,20547100
NOW,2026-07-21,101.65,104.58,101.05,102.06,19158500
NOW,2026-07-22,100.87,101.16,94.74,95.46,43600900
NOW,2026-07-23,100.01,100.25,91.53,91.94,48998200
NOW,2026-07-24,94.92,98.93,94.87,98.78,29625400
NOW,2026-07-27,101.87,108.15,100.35,105.56,32533700
NOW,2026-07-28,106.88,112.28,106.5,110.62,33681100
NOW,2026-07-29,110.42,118.36,109.5,115.76,40448100
NOW,2026-07-30,110.5,113.12,106.38,110.07,29757900
NOW,2026-07-31,108.5,112.39,106.05,111.23,20525300
NOW,2026-08-03,114.51,119.64,113.7,114.19,24517500
NOW,2026-08-04,112.59,118.33,112.0,118.14,19398600
NOW,2026-08-05,119.9,120.0,115.71,117.22,15596900
NOW,2026-08-06,113.0,117.42,111.8,117.35,16281500
NOW,2026-08-07,121.67,126.15,120.96,124.88,26705900
NOW,2026-08-10,124.72,127.89,123.28,127.44,17216100
NOW,2026-08-11,126.26,128.97,125.16,127.54,13461000
NOW,2026-08-12,123.64,125.64,121.85,124.94,12654600
NOW,2026-08-13,125.6,129.75,121.65,127.25,23124900
NOW,2026-08-14,127.7,128.65,122.17,124.0,15030800
NOW,2026-08-17,122.43,123.36,117.59,117.7,20204200
NOW,2026-08-18,119.48,121.84,117.84,119.49,17341500
NOW,2026-08-19,118.64,129.6,118.51,127.2,22503800
NOW,2026-08-20,128.15,131.15,127.1,129.75,16952300
NOW,2026-08-21,130.29,131.18,127.47,128.48,12504600
NOW,2026-08-24,128.06,130.15,127.59,128.05,8949300
NOW,2026-08-25,125.96,129.81,125.25,127.0,12317500
NOW,2026-08-26,122.33,126.56,121.88,125.8,13384900
NOW,2026-08-27,130.48,139.32,130.25,138.43,27815500
NOW,2026-08-28,138.48,145.72,137.8,144.71,29034400
NOW,2026-08-31,142.08,149.6,141.69,147.99,26013700
NOW,2026-09-01,144.55,146.96,142.06,142.9,16926100
NOW,2026-09-02,140.3,142.6,136.38,136.72,14617700
NOW,2026-09-03,140.99,146.98,140.81,145.59,18172800
NOW,2026-09-04,143.32,145.26,138.8,141.26,12493500
