ticker,name,sector,industry,price,adr,atr_pct,dollar_vol,ret_1m,ret_3m,ret_6m,run_90d,from_52w_high,rs,bars,last_date,summary
NFE,New Fortress Energy Inc. - Class A Common Stock,,,6.48,12.02,28.8,3923879.0,2157.84,1637.27,812.68,6326.67,-55.19,0.9992059050893609,498,2026-09-28,
IPDN,"Professional Diversity Network, Inc. - Common Stock",,,3.89,22.84,28.59,13881118.0,3889.74,685.86,339.55,10166.67,-49.48,0.9977745001418294,499,2026-09-28,
FBGL,FBS Global Limited - Ordinary Shares,,,4.3,13.94,7.89,2276399.0,879.5,696.3,616.67,1223.08,0.0,0.9956178519783324,412,2026-09-28,
DCX,Digital Currency X Technology Inc. - Class A Ordinary Shares,,,6.17,38.92,10.3,5638228.0,728.19,448.44,272.36,16105.22,-98.99,0.9953352724604609,500,2026-09-28,
TJGC,TJGC Group Limited - Class A Ordinary Shares,,,28.54,16.71,10.87,18646663.0,259.45,534.22,1377.23,1305.02,-7.25,0.9953203738509435,423,2026-09-28,
SVRN,"SVRN, Inc. - Common Stock",,,52.055,19.72,11.59,5397296.0,491.53,531.74,643.64,941.52,-15.29,0.9934078161340751,500,2026-09-28,
WCT,Wellchange Holdings Company Limited - Class A Ordinary shares,,,7.94,25.67,13.29,6785519.0,820.05,584.48,185.92,2076.05,-63.74,0.990796975893068,497,2026-09-28,
CYPH,Cypherpunk Technologies Inc. - Common Stock,,,3.31,19.18,17.49,55801943.0,75.13,421.26,403.81,753.36,-21.0,0.986338794715719,500,2026-09-28,
SWVL,Swvl Holdings Corp - Ordinary Shares,,,4.35,22.6,21.91,2483262.0,96.83,214.08,212.95,552.0,-48.68,0.9828569016332538,500,2026-09-28,
TNMG,TNL Mediagene - Ordinary Shares,,,4.39,20.07,23.4,8714122.0,656.9,799.59,125.13,2212.7,-64.25,0.982212961281907,499,2026-09-28,
NCPL,Netcapital Inc. - Common Stock,,,1.08,29.37,24.12,21557120.0,100.37,87.5,208.57,687.44,-60.73,0.977556039623749,500,2026-09-28,
MRNA,"Moderna, Inc. - Common Stock",,,197.28,7.37,6.05,2459471807.0,38.18,183.04,298.06,361.66,-2.66,0.9748082313951407,500,2026-09-28,
QMCO,Quantum Corporation - Common Stock,,,31.4,9.46,7.74,42391737.0,33.28,164.98,570.94,324.29,-4.88,0.9718717093957695,500,2026-09-28,
TXG,"10x Genomics, Inc. - Common Stock",,,88.5,6.85,6.23,210999730.0,36.47,138.22,354.31,308.78,-1.55,0.9710945484669109,500,2026-09-28,
CNET,ZW Data Action Technologies Inc. - Common Stock,,,2.04,10.19,10.38,2440640.0,40.69,68.6,200.0,378.33,-28.92,0.9633629980745564,500,2026-09-28,
KOD,Kodiak Sciences Inc - Common Stock,,,89.92,8.32,7.02,200585309.0,129.86,138.26,143.03,227.87,-6.11,0.9631931463323211,500,2026-09-28,
IOVA,"Iovance Biotherapeutics, Inc. - Common Stock",,,10.99,5.71,5.54,133738814.0,33.05,161.05,213.11,221.76,-1.57,0.961365870305908,500,2026-09-28,
TTRX,Turn Therapeutics Inc. - Common Stock,,,13.04,11.78,11.17,2371956.0,28.98,88.71,276.88,265.56,-50.79,0.9607151141837049,244,2026-09-28,
BUUU,BUUU Group Limited - Class A Ordinary Share,,,43.48,11.96,9.06,2990030.0,36.56,110.45,184.93,246.95,-17.82,0.9603764515217184,282,2026-09-28,
CPOP,"Pop Culture Group Co., Ltd - Class A Ordinary Shares",,,4.93,18.52,20.23,2429978.0,1243.32,435.87,64.33,2755.32,-81.11,0.9586077659305938,499,2026-09-28,
CDNA,"CareDx, Inc. - Common Stock",,,64.6,5.21,4.42,69155144.0,23.38,120.63,284.98,220.58,-1.37,0.955514517290055,500,2026-09-28,
ASST,"Strive, Inc. - Class A Common Stock",,,29.0,7.32,6.81,279851971.0,25.43,149.57,194.27,203.42,-47.08,0.9534829747460941,500,2026-09-28,
AGEN,Agenus Inc. - Common Stock,,,9.43,6.67,5.6,8027289.0,20.74,199.37,178.17,240.7,-2.88,0.9529022158030109,500,2026-09-28,
SVIA,"Silvia, Inc. - Common Stock",,,3.9,10.48,10.06,9604393.0,80.56,161.74,89.32,280.92,-63.1,0.9514096533296429,328,2026-09-28,
TWST,Twist Bioscience Corporation - Common Stock,,,179.6,7.28,6.52,306359554.0,17.31,82.59,303.32,284.58,-4.4,0.9509699263814647,500,2026-09-28,
BNC,CEA Industries Inc. - Common Stock,,,5.63,10.72,10.87,29036957.0,87.04,90.2,98.24,278.2,-53.08,0.9501509216103146,500,2026-09-28,
GPRO,"GoPro, Inc. - Class A Common Stock",,,1.33,17.19,7.85,129838362.0,119.83,73.86,107.81,259.65,-51.28,0.9501035576328816,500,2026-09-28,
GRAL,"GRAIL, Inc. - Common Stock",,,132.63,6.83,6.19,126960322.0,60.76,93.93,173.52,146.55,-1.33,0.9499947136307999,500,2026-09-28,
SDGR,"Schrodinger, Inc. - Common Stock",,,29.5,7.79,7.26,59875151.0,44.54,69.64,166.25,167.3,-6.63,0.9485410673372237,500,2026-09-28,
OESX,"Orion Energy Systems, Inc. - Common Stock",,,30.46,9.31,7.49,2335028.0,14.38,157.05,230.37,265.03,-2.75,0.9453015728752275,500,2026-09-28,
VNCE,Vince Holding Corp. - Common Stock,,,10.82,14.05,13.03,4987000.0,38.54,38.9,443.72,222.33,-16.71,0.9412070731126879,500,2026-09-28,
RCEL,"Avita Medical, Inc. - Common Stock",,,11.67,5.8,5.35,3206581.0,13.08,174.59,205.5,227.88,-4.58,0.9401399603169885,500,2026-09-28,
AGPU,Axe Compute Inc. - Common Stock,,,12.15,9.12,8.83,3596346.0,17.28,61.14,683.87,184.39,-62.15,0.9389537452889609,500,2026-09-28,
ABCL,AbCellera Biologics Inc. - Common Shares,,,13.92,5.98,5.49,52565279.0,12.26,71.43,325.69,251.36,-2.18,0.934469769899296,500,2026-09-28,
AMC,"AMC Entertainment Holdings, Inc. Class A Common Stock",,,3.29,6.55,5.6,81894202.0,21.85,62.07,246.32,136.11,-3.24,0.9324875506109791,500,2026-09-28,
VIOT,"Viomi Technology Co., Ltd - American Depositary Shares",,,1.59,17.32,9.52,6347046.0,93.9,103.85,58.27,184.85,-53.09,0.9270663428032794,500,2026-09-28,
OKTA,"Okta, Inc. - Class A Common Stock",,,202.18,5.43,5.31,761629363.0,16.93,53.97,176.09,154.95,-4.86,0.9244116435071573,500,2026-09-28,
XGN,Exagen Inc. - Common Stock,,,8.48,5.21,4.73,2107509.0,12.77,78.53,216.42,146.94,-30.66,0.9229565997883618,500,2026-09-28,
FWDI,"Forward Industries, Inc. - Common Stock",,,8.05,8.07,7.7,16516549.0,20.87,89.41,86.77,151.72,-73.82,0.9187818559496126,500,2026-09-28,
ATRC,"AtriCure, Inc. - Common Stock",,,58.41,4.03,3.61,87932073.0,18.55,103.52,102.25,143.3,-5.33,0.9184107568532074,500,2026-09-28,
NTSK,"Netskope, Inc. - Class A Common Stock",,,17.85,6.49,5.48,127066781.0,18.06,70.08,130.92,127.07,-28.54,0.9139647764196005,258,2026-09-28,
MNOV,"MediciNova, Inc. - Common Stock",,,2.1,12.21,20.0,2595255.0,47.89,60.31,52.17,219.67,-46.15,0.9128366652845229,500,2026-09-28,
EDRY,EuroDry Ltd. - Common Shares,,,51.82,10.72,12.4,11813771.0,5.03,134.06,160.8,273.82,-29.08,0.9104743492090427,500,2026-09-28,
RNG,"RingCentral, Inc. Class A Common Stock",,,76.13,4.44,4.42,119123784.0,11.09,95.15,116.07,145.56,-7.05,0.9078890234550655,500,2026-09-28,
P,"Everpure, Inc. Class A common stock",,,129.4,5.48,5.48,789063777.0,30.39,78.93,119.4,102.79,-1.53,0.9071187434496575,500,2026-09-28,
HBB,Hamilton Beach Brands Holding Company Class A Common Stock ,,,37.6,4.63,4.0,2675995.0,16.62,73.64,115.33,123.68,-1.96,0.906483607263668,500,2026-09-28,
PD,"PagerDuty, Inc. Common Stock",,,14.48,3.9,3.84,23727830.0,14.65,54.37,140.93,128.03,-14.37,0.9036983682299611,500,2026-09-28,
DELL,Dell Technologies Inc. Class C Common Stock ,,,543.43,6.09,5.96,6013006237.0,15.07,31.29,217.8,151.48,-8.75,0.9032678065674705,500,2026-09-28,
PLSE,"Pulse Biosciences, Inc - Common Stock",,,52.32,8.16,8.57,37619634.0,7.74,78.93,154.35,149.58,-11.17,0.9028443692562792,500,2026-09-28,
CAI,"Caris Life Sciences, Inc. - Common Stock",,,31.75,5.13,4.92,151713200.0,20.36,73.31,87.32,124.35,-5.66,0.902532140503241,321,2026-09-28,
EAF,GrafTech International Ltd. Common Stock,,,9.96,12.32,10.35,6113662.0,34.05,72.02,58.85,133.14,-50.98,0.9022546246606526,500,2026-09-28,
NTRA,"Natera, Inc. - Common Stock",,,411.77,3.54,3.32,540257674.0,21.57,51.21,125.44,112.47,-1.34,0.9019879390332494,500,2026-09-28,
ALVO,Alvotech - Ordinary Shares,,,6.15,4.97,4.86,6427014.0,26.02,65.32,97.75,109.86,-32.01,0.9002834622506539,500,2026-09-28,
MAAS,Maase Inc. - Class A Ordinary Shares,,,17.95,9.77,8.93,7691360.0,8.52,42.69,225.18,156.44,-27.91,0.8990938595488644,500,2026-09-28,
EDHL,Everbright Digital Holding Limited - Ordinary Shares,,,5.14,11.06,10.94,2215273.0,28.5,27.23,52.98,702.29,-76.2,0.8958097201008417,363,2026-09-28,
CRSR,"Corsair Gaming, Inc. - Common Stock",,,13.5,4.18,4.52,13962913.0,12.69,45.95,153.76,124.89,-9.87,0.8947653524021664,500,2026-09-28,
CHPT,"ChargePoint Holdings, Inc. Common Stock",,,8.74,9.12,8.07,40048557.0,49.91,43.28,86.35,111.23,-30.69,0.8937630636435002,500,2026-09-28,
OABI,"OmniAb, Inc. - Common Stock",,,4.74,6.75,5.43,6583486.0,2.82,84.44,213.91,185.79,-12.71,0.8936262870661256,500,2026-09-28,
VEEE,Twin Vee PowerCats Co. - Common Stock,,,13.69,11.22,15.13,26778997.0,33.04,174.9,15.62,1233.89,-89.28,0.8918515940141237,500,2026-09-28,
ILMN,"Illumina, Inc. - Common Stock",,,271.9,4.75,4.57,955313476.0,19.42,50.14,131.07,100.48,-2.18,0.8895804140662478,500,2026-09-28,
TEM,"Tempus AI, Inc. - Class A Common Stock",,,85.08,6.68,5.66,500826382.0,20.36,45.91,99.62,112.02,-18.44,0.8882418439141554,500,2026-09-28,
ECO,Okeanis Eco Tankers Corp. Common Stock,,,79.17,3.92,4.71,60551413.0,19.34,74.16,79.83,104.39,-9.32,0.8858020084726763,500,2026-09-28,
INDP,"Indaptus Therapeutics, Inc. - Common Stock",,,3.29,19.55,19.45,4026603.0,183.62,7.52,84.83,547.83,-61.61,0.8857124822800351,500,2026-09-28,
JILL,"J. Jill, Inc. Common Stock",,,24.22,5.14,4.88,4965914.0,22.59,52.22,66.97,118.61,-3.04,0.8844467876154933,500,2026-09-28,
MTW,"Manitowoc Company, Inc. (The) Common Stock",,,22.17,3.97,4.03,8935385.0,16.62,56.68,90.96,105.41,-4.32,0.8833948843860612,500,2026-09-28,
HPE,Hewlett Packard Enterprise Company Common Stock,,,62.63,6.22,5.95,1604100149.0,15.4,41.38,163.04,101.92,-4.6,0.8813522171737482,500,2026-09-28,
CVI,CVR Energy Inc. Common Stock,,,50.75,5.52,5.75,61240046.0,27.64,81.19,46.61,112.54,-8.04,0.8804318851036097,500,2026-09-28,
AOUT,"American Outdoor Brands, Inc. - Common Stock",,,17.08,5.79,4.21,5474055.0,64.86,26.71,87.59,106.41,-3.44,0.8777175881313735,500,2026-09-28,
BNGO,"Bionano Genomics, Inc. - Common Stock",,,1.68,11.14,11.82,4065876.0,38.84,43.59,44.83,123.0,-24.66,0.873818989658882,500,2026-09-28,
OMER,Omeros Corporation - Common Stock,,,19.43,4.59,5.14,29286687.0,0.94,96.06,96.66,217.01,-8.52,0.8689392561563164,500,2026-09-28,
PGEN,"Precigen, Inc. - Common Stock",,,7.81,4.87,5.2,32055780.0,8.62,31.93,112.81,135.61,-5.56,0.8684995584549942,500,2026-09-28,
ADPT,Adaptive Biotechnologies Corporation - Common Stock,,,28.51,4.65,4.57,61200475.0,7.83,33.22,129.73,131.98,-4.84,0.8682267901082863,500,2026-09-28,
DFDV,DeFi Development Corp. - Common Stock,,,5.575,10.15,10.59,14651904.0,5.59,84.6,56.6,173.36,-69.5,0.8681471237097067,500,2026-09-28,
PUBM,"PubMatic, Inc. - Class A Common Stock",,,18.41,4.03,3.7,12373592.0,12.6,40.86,124.79,99.69,-4.06,0.8657696264269643,500,2026-09-28,
KRT,Karat Packaging Inc. - Common Stock,,,53.24,3.62,3.48,8610035.0,6.91,63.99,98.05,113.09,-2.61,0.8655196969500124,500,2026-09-28,
SBET,"Sharplink, Inc. - Common Stock",,,9.5,6.14,6.67,81945770.0,6.98,93.09,57.28,133.18,-51.38,0.8642510178005076,500,2026-09-28,
VSTM,"Verastem, Inc. - Common Stock",,,7.77,5.71,5.82,19080522.0,5.28,103.4,54.17,152.19,-28.19,0.8642019952652139,500,2026-09-28,
GTLB,GitLab Inc. - Class A Common Stock,,,46.21,4.4,3.95,289801832.0,3.12,54.81,127.08,124.81,-16.81,0.8600122877949194,500,2026-09-28,
NEO,"NeoGenomics, Inc. - Common Stock",,,19.29,4.51,4.22,36744145.0,3.49,35.37,168.29,140.41,-3.79,0.8596584245496286,500,2026-09-28,
VIA,"Via Transportation, Inc. Class A Common Stock",,,29.1,4.91,4.71,25105975.0,2.97,55.87,113.34,128.21,-47.28,0.8579321145713074,262,2026-09-28,
KNRX,KNOREX LTD. Class A Ordinary Shares,,,1.23,28.48,9.41,17470033.0,192.86,159.49,-6.82,461.4,-69.25,0.8567994755006745,251,2026-09-28,
RSKD,Riskified Ltd. Class A Ordinary Shares,,,7.7,5.44,4.41,16891143.0,25.82,53.39,103.17,77.03,-5.75,0.8564350332236866,500,2026-09-28,
NAKA,Nakamoto Inc. - Common Stock,,,9.72,7.35,6.64,2032772.0,25.74,131.43,7.52,208.41,-80.56,0.8553694763346067,500,2026-09-28,
BDSX,"Biodesix, Inc. - Common Stock",,,30.42,6.7,5.87,2333635.0,6.81,27.76,114.07,130.0,-4.85,0.8546625315707014,500,2026-09-28,
TEAM,Atlassian Corporation  - Class A Common Stock,,,178.54,4.41,4.86,624151057.0,-3.81,125.26,174.17,168.78,-10.73,0.8538949164500158,500,2026-09-28,
HELP,Cybin Inc. - Common Stock,,,12.59,7.77,8.62,23192848.0,-4.91,82.99,178.54,302.93,-16.9,0.8537830159948151,500,2026-09-28,
PBF,PBF Energy Inc. Class A Common Stock,,,74.39,6.11,6.51,299508531.0,8.46,60.81,46.73,127.86,-9.95,0.8518539474354991,500,2026-09-28,
FEIM,"Frequency Electronics, Inc. - Common Stock",,,82.49,5.9,7.4,30827888.0,29.09,33.54,89.94,82.36,-8.1,0.8509305829886712,500,2026-09-28,
KRSA,"Korsana Biosciences, Inc. - Common Stock",,,30.83,16.02,14.65,2002358.0,10.38,31.28,192.64,88.78,-48.06,0.8498894842267455,500,2026-09-28,
YDES,YD Bio Limited - Ordinary Shares,,,7.11,25.18,11.97,2915364.0,83.72,193.8,-8.96,332.35,-67.68,0.8487960589748895,274,2026-09-28,
ENGS,Energys Group Limited - Ordinary Shares,,,2.96,4.48,4.74,5892522.0,14.29,11.28,161.95,121.38,-76.28,0.8482767053725198,375,2026-09-28,
FIVN,"Five9, Inc. - Common Stock",,,34.66,5.82,6.1,78015778.0,0.26,62.72,140.19,120.39,-13.35,0.8482354627620226,500,2026-09-28,
ANL,Adlai Nortye Group Ltd. - American Depositary Shares,,,15.4,7.42,7.05,2513222.0,7.54,34.97,138.39,98.48,-10.72,0.8479870942837766,500,2026-09-28,
ORBS,Eightco Holdings Inc. - Common Stock,,,1.16,11.94,10.5,14714078.0,41.29,65.71,14.85,122.61,-91.04,0.8467141122428272,500,2026-09-28,
ESTC,Elastic N.V. Ordinary Shares,,,87.94,4.45,4.08,212052002.0,5.02,54.42,81.24,107.69,-18.57,0.8443507334619481,500,2026-09-28,
NUAI,"New Era Energy & Digital, Inc. - Common Stock",,,6.96,9.21,9.65,53120643.0,35.67,13.36,68.12,112.87,-26.31,0.8438676295617384,500,2026-09-28,
INSP,"Inspire Medical Systems, Inc. Common Stock",,,70.0,5.08,5.47,58531589.0,15.09,55.8,39.64,102.52,-52.39,0.8434706238615283,500,2026-09-28,
HTFL,"Heartflow, Inc. - Common Stock",,,49.92,5.15,4.95,99162751.0,3.78,43.24,102.19,118.77,-4.41,0.8434527472431376,285,2026-09-28,
CLMT,"Calumet, Inc - Common Stock",,,52.61,4.57,4.74,81906871.0,14.94,46.83,64.1,90.18,-12.13,0.8431298227843382,500,2026-09-28,
RNXT,"RenovoRx, Inc. - Common Stock",,,1.55,12.47,10.97,3059884.0,4.73,59.79,37.17,227.85,-40.15,0.842742420498162,500,2026-09-28,
FTK,"Flotek Industries, Inc. Common Stock",,,28.43,5.74,6.41,11270654.0,16.52,25.35,63.2,105.86,-28.33,0.8423950528228821,500,2026-09-28,
BMNR,"BitMine Immersion Technologies, Inc. Common Stock",,,26.84,5.99,6.45,1071007297.0,4.72,94.49,45.95,125.47,-59.07,0.8412588224994801,330,2026-09-28,
CERT,"Certara, Inc. - Common Stock",,,9.13,4.3,4.27,20381287.0,8.56,43.55,58.78,108.95,-34.22,0.8402381115118815,500,2026-09-28,
NUTX,Nutex Health Inc. - Common Stock,,,212.735,5.55,5.5,32613819.0,9.71,26.93,126.77,93.66,-5.15,0.8402107717860253,500,2026-09-28,
SMCI,"Super Micro Computer, Inc. - Common Stock",,,41.78,5.35,5.62,1500137070.0,8.63,48.42,90.17,87.17,-28.92,0.8378510777172878,500,2026-09-28,
BBNX,"Beta Bionics, Inc. - Common Stock",,,20.52,8.15,8.53,30808315.0,5.02,20.71,90.71,151.71,-37.27,0.8378260021420021,417,2026-09-28,
TWLO,Twilio Inc. Class A Common Stock,,,286.98,5.21,5.19,612392149.0,18.91,44.38,139.17,70.06,-5.83,0.8377396717428576,500,2026-09-28,
OPRT,Oportun Financial Corporation - common stock,,,8.28,4.21,4.08,4806986.0,10.7,44.5,84.82,86.24,-4.39,0.8372021596555236,500,2026-09-28,
RBRK,"Rubrik, Inc. Class A Common Stock",,,113.09,5.58,5.37,339589550.0,5.67,47.79,147.3,83.44,-2.61,0.8357767538648513,500,2026-09-28,
NET,"Cloudflare, Inc. Class A Common Stock",,,353.99,5.58,5.46,1035987860.0,14.85,45.22,74.36,81.52,-3.66,0.8346324389793129,500,2026-09-28,
VGZ,Vista Gold Corp Common Stock,,,2.69,4.73,5.71,5102415.0,14.47,43.09,49.44,93.96,-14.06,0.8341671927914907,500,2026-09-28,
SENS,"Senseonics Holdings, Inc. - Common Stock",,,9.84,5.38,5.04,6820775.0,4.68,65.66,50.0,118.75,-15.03,0.8340179178836153,500,2026-09-28,
CRWD,"CrowdStrike Holdings, Inc. - Class A Common Stock",,,259.25,5.32,4.87,2795673242.0,13.73,39.59,180.59,71.88,-1.75,0.8332864983584064,500,2026-09-28,
PAYS,"Paysign, Inc. - Common Stock",,,12.72,5.09,4.85,9784327.0,-3.34,52.88,126.33,147.94,-11.85,0.8331372444455953,500,2026-09-28,
SDEV,Stablecoin Development Corporation Common Stock,,,1.57,12.73,10.83,3083867.0,60.2,49.52,4.67,134.62,-98.43,0.8329932344418169,500,2026-09-28,
MSTR,Strategy Inc - Class A Common Stock,,,157.14,5.56,5.71,3482274140.0,14.37,69.55,24.68,109.25,-56.97,0.8328418912589656,500,2026-09-28,
PSIG,PS International Group Ltd. - Ordinary Shares,,,4.58,17.58,11.99,5368159.0,153.04,234.31,-23.92,1015.09,-61.83,0.8322230070024097,500,2026-09-28,
DINO,HF Sinclair Corporation Common Stock,,,106.19,4.37,4.81,319090324.0,9.47,50.89,68.8,86.66,-10.3,0.8310334030994101,500,2026-09-28,
SRFM,Surf Air Mobility Inc. Common Stock,,,1.19,12.12,8.97,5700561.0,64.14,27.96,8.18,163.16,-80.72,0.8301739962515098,500,2026-09-28,
AEHR,Aehr Test Systems - Common Stock,,,98.49,7.99,8.4,254670367.0,8.88,3.93,202.86,132.79,-33.18,0.8294638595066445,500,2026-09-28,
ALNT,Allient Inc. - Common Stock,,,114.41,4.56,4.7,22162001.0,19.56,14.69,83.47,94.66,-3.55,0.8292185095650578,500,2026-09-28,
SMTC,Semtech Corporation - Common Stock,,,174.78,6.55,6.71,534806487.0,22.71,11.94,142.21,84.91,-8.32,0.8281304596764061,500,2026-09-28,
IRD,"Opus Genetics, Inc. - Common Stock",,,5.05,10.1,11.94,28771862.0,31.17,24.38,16.09,150.71,-28.57,0.8276502523639121,500,2026-09-28,
TRLV,Trulieve Cannabis Corp. Subordinate Voting Shares,,,12.34,6.54,6.26,27846328.0,11.88,33.55,135.95,77.07,-7.08,0.827555229276935,500,2026-09-28,
CORT,Corcept Therapeutics Incorporated - Common Stock,,,115.63,4.79,4.69,195348334.0,-1.11,31.56,207.53,121.33,-8.51,0.8272303399516859,500,2026-09-28,
SNOW,Snowflake Inc. Common Stock,,,328.12,4.32,4.25,1872589352.0,-0.3,30.39,114.74,138.29,-14.68,0.8267959893067895,500,2026-09-28,
ETON,"Eton Pharmaceuticals, Inc. - Common Stock",,,59.18,4.9,4.68,27984981.0,-5.57,61.12,154.65,148.95,-10.83,0.82570628728414,500,2026-09-28,
ODD,ODDITY Tech Ltd. - Class A Ordinary Shares,,,17.6,8.51,9.96,32109827.0,17.41,23.16,33.13,117.95,-72.17,0.8239086657416597,500,2026-09-28,
RGEN,Repligen Corporation - Common Stock,,,194.09,4.08,3.36,189459909.0,6.63,41.67,76.25,91.89,-2.4,0.8229841488120304,500,2026-09-28,
LPG,Dorian LPG Ltd. Common Stock,,,54.36,3.6,3.83,34549996.0,10.31,57.74,70.86,77.77,-9.35,0.8212306871494682,500,2026-09-28,
PCLA,PicoCELA Inc. - American Depositary Shares,,,7.11,14.51,21.96,6650971.0,-2.6,9.89,255.5,1327.44,-63.75,0.8200019214714274,426,2026-09-28,
NAT,Nordic American Tankers Limited Common Stock,,,7.79,3.85,4.05,38082568.0,19.68,39.97,49.11,79.77,-6.48,0.8199224570067196,500,2026-09-28,
VLO,Valero Energy Corporation Common Stock,,,389.57,4.08,4.48,1559388525.0,12.4,46.84,54.5,80.76,-7.03,0.81907031371993,500,2026-09-28,
NEOG,Neogen Corporation - Common Stock,,,13.72,3.73,3.6,44849601.0,16.87,50.77,57.7,73.06,-3.79,0.8187125196449826,500,2026-09-28,
MMED,"MiniMed Group, Inc. - Common Stock",,,20.49,5.05,4.75,64236318.0,5.02,37.7,41.6,127.89,-16.13,0.8168942940058947,142,2026-09-28,
SY,So-Young International Inc. - American Depository Shares,,,2.69,6.53,5.02,3341819.0,15.95,86.81,-0.55,135.94,-43.37,0.8153000979771761,500,2026-09-28,
PURR,Hyperliquid Strategies Inc - Common Stock,,,12.08,9.04,9.68,329509195.0,-5.85,42.62,144.04,154.48,-18.16,0.8126361334860178,205,2026-09-28,
CSTL,"Castle Biosciences, Inc. - Common stock",,,35.93,4.18,3.98,11395456.0,4.87,47.74,52.7,94.87,-18.86,0.811573044222063,500,2026-09-28,
FRNM,"Freenome, Inc. - Common stock",,,16.19,6.08,5.67,15563998.0,16.14,48.26,47.58,75.88,-7.49,0.8114986018864351,500,2026-09-28,
AZTA,"Azenta, Inc. - Common Stock",,,34.25,3.67,3.2,28010812.0,1.9,34.26,72.11,111.81,-17.92,0.8099595795812934,500,2026-09-28,
MPC,Marathon Petroleum Corporation Common Stock,,,389.44,3.72,4.19,1259087276.0,7.12,50.65,55.61,81.41,-9.66,0.8071760475194392,500,2026-09-28,
CLMB,"Climb Global Solutions, Inc. - Common Stock",,,32.61,4.47,4.14,4421236.0,12.25,45.13,66.46,72.36,-9.92,0.8061904225224956,500,2026-09-28,
LHAI,Linkhome Holdings Inc. - Common stock,,,1.03,11.89,10.37,5936624.0,15.6,45.07,-8.04,336.92,-93.42,0.8058878793358206,297,2026-09-28,
BFLY,"Butterfly Network, Inc. Class A Common Stock",,,9.15,7.46,7.12,45841859.0,4.93,2.69,133.42,147.54,-8.96,0.8058793210007322,500,2026-09-28,
AMPL,"Amplitude, Inc. - Class A Common Stock",,,13.3,4.99,5.13,20857488.0,-6.86,75.93,107.49,137.11,-9.89,0.8056594266868782,500,2026-09-28,
ANGX,"Angel Studios, Inc. Class A Common Stock",,,4.57,6.8,7.75,10338102.0,2.01,28.37,46.01,143.64,-53.6,0.8052803460712771,263,2026-09-28,
NMAX,"Newsmax, Inc. Class B Common Stock",,,10.9,5.22,5.29,13347598.0,4.01,40.1,85.37,85.74,-17.3,0.8049031278014506,376,2026-09-28,
INSW,"International Seaways, Inc. Common Stock ",,,108.31,3.68,3.96,83834095.0,14.65,46.26,69.25,67.56,-4.27,0.8042345652533109,500,2026-09-28,
CRCT,"Cricut, Inc. - Class A common stock",,,6.33,3.57,3.09,4047992.0,11.44,45.87,70.88,70.7,-1.71,0.8035815142452254,500,2026-09-28,
NSIT,"Insight Enterprises, Inc. - Common Stock",,,155.96,3.78,4.2,58031727.0,-0.19,29.52,136.95,95.57,-7.44,0.8034661325785506,500,2026-09-28,
SWKS,"Skyworks Solutions, Inc. - Common Stock",,,87.59,6.36,6.62,669369449.0,30.03,29.36,64.68,67.42,-5.61,0.8029353189612904,500,2026-09-28,
BVS,Bioventus Inc. - Class A Common Stock,,,14.02,3.64,3.48,6812639.0,1.67,43.35,56.82,103.5,-11.79,0.8024208129469431,500,2026-09-28,
NTAP,"NetApp, Inc. - Common Stock",,,204.41,4.44,3.66,500994012.0,7.22,32.23,101.37,76.73,-2.22,0.8019108296977245,500,2026-09-28,
XERS,"Xeris Biopharma Holdings, Inc. - Common Stock",,,9.83,5.25,5.04,17017639.0,14.3,27.0,82.04,72.2,-2.48,0.8017274680493611,500,2026-09-28,
BAND,Bandwidth Inc. - Class A Common Stock,,,61.01,8.95,8.16,53793463.0,17.67,0.2,261.86,85.03,-22.85,0.8016921263576231,500,2026-09-28,
GLND,Greenland Energy Company - Common Stock,,,4.49,16.31,16.3,126092209.0,220.71,91.06,-45.31,513.76,-80.48,0.8002082286831215,131,2026-09-28,
MGNI,"Magnite, Inc. - Common Stock",,,23.4,4.08,4.16,57493112.0,0.17,22.51,100.86,110.84,-12.82,0.7990635348941197,500,2026-09-28,
MEDS,"DataMeds AI, Inc. - Common Stock",,,3.81,47.02,46.24,75158648.0,225.64,30.03,-24.55,1395.75,-94.78,0.7987834591160177,402,2026-09-28,
BETA,"Beta Technologies, Inc. Class A Common Stock",,,22.88,7.14,6.88,84455796.0,4.24,39.77,62.27,89.1,-42.08,0.7976906063191388,225,2026-09-28,
ARCT,Arcturus Therapeutics Holdings Inc. - Common Stock,,,14.46,9.38,9.64,14520318.0,-10.58,112.02,113.91,226.55,-40.17,0.7973469953502701,500,2026-09-28,
ARQQ,Arqit Quantum Inc. - Ordinary Shares,,,24.64,8.66,7.9,7791350.0,14.82,-9.78,109.17,162.54,-60.26,0.7972869476381611,500,2026-09-28,
FOSL,"Fossil Group, Inc. - Common Stock",,,6.02,6.37,6.54,4023972.0,11.9,40.33,51.26,75.2,-7.38,0.796697207925715,500,2026-09-28,
RVTY,"Revvity, Inc. Common Stock",,,151.02,3.55,3.53,302753993.0,16.43,35.88,80.25,63.88,-0.81,0.7965973513257651,500,2026-09-28,
ZS,"Zscaler, Inc. - Common Stock",,,199.39,5.26,5.55,743594575.0,6.45,44.91,49.74,81.56,-40.83,0.7958538103627975,500,2026-09-28,
AMRX,"Amneal Pharmaceuticals, Inc. - Class A Common Stock",,,20.5,4.43,4.6,49139937.0,13.83,18.57,73.0,78.98,-3.19,0.7953194047354833,500,2026-09-28,
BLLN,"BillionToOne, Inc. - Class A common stock",,,121.72,5.89,5.52,67282330.0,27.92,1.1,75.01,92.85,-19.09,0.7948164413845076,223,2026-09-28,
RDVT,"Red Violet, Inc. - Common Stock ",,,78.61,3.76,3.4,16870587.0,9.18,25.86,124.28,69.2,-2.21,0.7942026752232773,500,2026-09-28,
CTNT,Cheetah Net Supply Chain Service Inc. - Class A Common Stock,,,3.6,56.09,12.57,9526994.0,141.61,133.77,-98.71,14600.0,-99.15,0.7929925287465205,500,2026-09-28,
HPQ,HP Inc. Common Stock,,,31.32,4.89,5.42,539222727.0,6.73,39.68,64.66,78.45,-13.55,0.7927439970081469,500,2026-09-28,
MAN,ManpowerGroup Common Stock,,,57.02,3.79,3.53,46747865.0,-8.34,58.74,105.31,148.74,-10.74,0.7925180316215042,500,2026-09-28,
AVAT,Avalanche Treasury Corporation - Class A Common Stock,,,1.67,21.15,20.75,3928143.0,167.2,130.66,-84.14,805.26,-84.38,0.7924150805997492,415,2026-09-28,
PRGO,Perrigo Company plc Ordinary Shares,,,15.1,4.58,4.36,41652436.0,7.24,53.34,65.92,70.35,-28.62,0.7920415954299431,500,2026-09-28,
AEMD,"Aethlon Medical, Inc. - Common Stock",,,6.38,12.79,15.45,33171607.0,194.01,50.12,-40.65,573.76,-84.63,0.7913275085316055,500,2026-09-28,
OBIO,"Orchestra BioMed Holdings, Inc. - Ordinary Shares",,,5.89,6.92,6.58,2149722.0,15.26,24.0,38.26,82.28,-9.1,0.790954585162565,500,2026-09-28,
DRTS,Alpha Tau Medical Ltd. - Ordinary Shares,,,15.04,4.8,4.37,9460044.0,1.55,34.05,119.24,80.46,-4.75,0.7905738021188189,500,2026-09-28,
ELF,"e.l.f. Beauty, Inc. Common Stock",,,101.8,4.35,4.12,151924042.0,-4.12,45.62,66.75,125.4,-31.1,0.7899866834991514,500,2026-09-28,
PAAI,"Paradium.AI, Inc. Common Stock",,,1.44,38.32,37.72,11271078.0,53.19,61.8,-37.12,328.4,-78.08,0.7890182635396705,500,2026-09-28,
FET,"Forum Energy Technologies, Inc. Common Stock",,,82.99,3.78,3.7,15602730.0,4.02,65.98,34.03,87.96,-5.07,0.7889683067240111,500,2026-09-28,
MASS,908 Devices Inc. - Common Stock,,,11.66,5.05,4.93,3723709.0,5.05,32.35,101.73,72.41,-0.47,0.7867461183933241,500,2026-09-28,
GH,"Guardant Health, Inc. - Common Stock",,,177.33,4.89,4.41,316481887.0,5.23,15.34,109.59,82.63,-3.37,0.78650323197708,500,2026-09-28,
IBEX,IBEX Limited - Common Share,,,44.33,4.69,4.45,7079889.0,19.01,47.13,67.92,57.66,-2.1,0.7854667786081719,500,2026-09-28,
XNCR,"Xencor, Inc. - Common Stock",,,25.6,4.89,4.12,36209901.0,-11.36,64.1,124.17,191.8,-16.37,0.7848199589560906,500,2026-09-28,
LIFE,Ethos Technologies Inc. - Class A Common Stock,,,34.24,7.71,8.61,60836096.0,-13.18,81.16,238.01,181.6,-19.53,0.7846408344981991,167,2026-09-28,
WDAY,"Workday, Inc. - Class A Common Stock",,,188.6,3.77,3.58,538810377.0,-2.57,52.61,51.88,104.03,-24.51,0.7837163753311103,500,2026-09-28,
NNBR,"NN, Inc. - Common Stock",,,3.72,5.55,5.9,6507228.0,4.2,2.76,146.36,106.45,-16.96,0.7835670779658277,500,2026-09-28,
DOCU,"DocuSign, Inc. - Common Stock",,,66.98,4.24,4.07,256228703.0,4.98,48.71,46.53,79.04,-18.75,0.7828647221380627,500,2026-09-28,
SPCE,"Virgin Galactic Holdings, Inc. Common Stock",,,3.14,5.42,5.66,18092532.0,4.67,6.8,38.94,269.29,-64.72,0.7826150440273916,500,2026-09-28,
YEXT,"Yext, Inc. Common Stock",,,6.43,5.77,3.92,8121350.0,-4.88,37.69,62.37,141.35,-28.79,0.7817609522732822,500,2026-09-28,
SAIL,"SailPoint, Inc. - Common Stock",,,20.57,6.61,6.72,103177054.0,0.59,49.93,74.77,79.72,-14.29,0.7814676673616284,407,2026-09-28,
STLN,"Starling Oncology, Inc. - Common Stock",,,6.64,6.1,6.01,8678888.0,4.73,18.57,124.32,77.36,-6.87,0.7811410957937875,500,2026-09-28,
VRNS,"Varonis Systems, Inc. - Common Stock",,,47.925,4.42,3.83,97816330.0,7.02,19.19,125.95,70.65,-25.0,0.7810094068114461,500,2026-09-28,
TWIN,"Twin Disc, Incorporated - Common Stock",,,26.46,3.85,3.37,2086890.0,13.27,12.63,74.94,78.04,-0.79,0.7808181611769285,500,2026-09-28,
SRZN,"Surrozen, Inc. - Common Stock",,,29.64,8.86,10.71,25722482.0,23.45,15.24,2.56,134.39,-21.65,0.779308518539727,500,2026-09-28,
AVAH,Aveanna Healthcare Holdings Inc. - Common Stock,,,12.69,3.76,4.03,43829052.0,-8.18,46.54,101.75,128.06,-13.73,0.7772384173065612,500,2026-09-28,
WGS,GeneDx Holdings Corp. - Class A Common Stock,,,85.93,6.32,7.58,62643902.0,-3.71,24.32,50.52,157.42,-49.71,0.7748812769322675,500,2026-09-28,
ZETA,Zeta Global Holdings Corp. Class A Common Stock,,,28.99,4.69,4.64,195670599.0,-4.07,46.93,99.24,87.38,-11.64,0.7737017327464801,500,2026-09-28,
CTKB,"Cytek Biosciences, Inc. - Common Stock",,,5.74,4.99,4.52,6861545.0,24.24,32.26,32.87,66.19,-7.12,0.7727222249383499,500,2026-09-28,
ARHS,"Arhaus, Inc. - Class A Common Stock",,,9.63,5.03,5.11,10985362.0,9.31,14.37,48.15,84.74,-16.35,0.7725810888298604,500,2026-09-28,
BE,Bloom Energy Corporation Class A Common Stock,,,262.87,6.67,7.17,4433540406.0,20.68,-4.41,97.29,86.05,-25.17,0.7720586231792326,500,2026-09-28,
FLXS,"Flexsteel Industries, Inc. - Common Stock",,,87.53,4.06,3.78,8122609.0,6.56,19.82,92.55,71.06,-3.44,0.7711753788903544,500,2026-09-28,
ACHV,"Achieve Life Sciences, Inc.  - Common Shares",,,7.75,5.28,5.2,12944369.0,-5.26,24.4,192.45,94.59,-10.3,0.7709496143669398,500,2026-09-28,
AIFF,"Firefly Neuroscience, Inc.  - Common Stock",,,1.69,10.79,11.41,15611746.0,56.48,37.4,-22.48,129.03,-46.35,0.769614643510502,500,2026-09-28,
VFF,"Village Farms International, Inc. - Common Shares",,,3.14,3.7,3.59,2072616.0,9.79,67.91,17.16,77.29,-37.07,0.7695816821472468,500,2026-09-28,
MXL,"MaxLinear, Inc - Common Stock",,,90.0,7.34,7.6,222128029.0,41.91,-17.03,429.41,89.32,-29.85,0.7695709122798153,500,2026-09-28,
SOPH,SOPHiA GENETICS SA - Ordinary Shares,,,8.49,5.36,4.84,5688933.0,-4.82,41.97,80.64,97.36,-5.46,0.7693740865541021,500,2026-09-28,
BLSH,Bullish Ordinary Shares,,,35.99,6.44,7.57,55512466.0,7.24,51.92,4.53,101.8,-48.95,0.7682022610575066,283,2026-09-28,
CMRC,"Commerce.com, Inc. - Series 1 Common Stock",,,3.17,6.7,7.13,3531531.0,33.76,4.62,28.34,91.28,-42.83,0.7680728247620127,500,2026-09-28,
PRCH,"Porch Group, Inc. - Common Stock",,,16.83,4.92,4.95,25877550.0,-3.5,15.27,148.96,100.31,-8.38,0.7675161296357945,500,2026-09-28,
IBTA,"Ibotta, Inc. Class A Common Stock",,,40.07,4.34,4.32,8251931.0,10.02,16.52,38.27,82.13,-7.74,0.7668770651531353,500,2026-09-28,
AXTI,AXT Inc - Common Stock,,,73.67,8.56,8.37,584759185.0,10.09,3.09,21.51,166.24,-48.54,0.766626580821546,500,2026-09-28,
HNGE,"Hinge Health, Inc. Class A Common Stock",,,92.45,4.48,4.41,174215790.0,-0.43,13.46,155.03,85.0,-4.36,0.7652830512905475,339,2026-09-28,
GEMI,"Gemini Space Station, Inc. - Class A Common Stock",,,5.2,9.16,9.58,15088998.0,10.4,22.93,26.52,83.16,-80.56,0.7645767172636647,262,2026-09-28,
UMAC,"Unusual Machines, Inc. Common Stock",,,23.96,6.66,6.83,57368124.0,-8.9,24.6,103.4,161.42,-31.4,0.7643600582265626,500,2026-09-28,
TBI,"TrueBlue, Inc. Common Stock",,,9.63,4.77,4.74,3013858.0,-9.66,38.36,190.94,111.71,-12.69,0.7639140617709013,500,2026-09-28,
COHU,"Cohu, Inc. - Common Stock",,,66.07,5.85,5.72,55207011.0,27.82,-3.01,120.38,71.58,-11.43,0.7629357196327707,500,2026-09-28,
STIM,"Neuronetics, Inc. - Common Stock",,,2.555,7.03,7.73,3672772.0,-13.68,87.87,98.06,200.44,-25.73,0.7616817943730733,500,2026-09-28,
TASK,"TaskUs, Inc. - Class A Common Stock",,,8.1,4.79,4.79,4077122.0,-1.34,69.1,25.39,97.09,-30.72,0.7612470209544301,500,2026-09-28,
PLTR,Palantir Technologies Inc. - Class A Common Stock,,,187.48,3.76,3.06,4634889760.0,0.83,62.04,31.05,83.02,-9.66,0.7611014748117731,500,2026-09-28,
PANW,"Palo Alto Networks, Inc. - Common Stock",,,392.09,4.93,4.68,2570185764.0,2.41,18.1,166.69,69.55,-1.7,0.7608446543316505,500,2026-09-28,
HYLN,Hyliion Holdings Corp. Class A Common Stock,,,3.96,6.35,6.84,7258127.0,16.13,-17.33,120.0,121.67,-53.36,0.7601527674420607,500,2026-09-28,
SST,"System1, Inc. Class A Common Stock",,,2.71,20.21,19.53,4872473.0,45.7,11.98,-18.37,278.47,-70.86,0.7598218443859907,500,2026-09-28,
DNA,"Ginkgo Bioworks Holdings, Inc. Class A Common Stock",,,10.46,8.19,7.27,13341993.0,44.08,2.45,76.39,66.77,-40.5,0.7590914512426303,500,2026-09-28,
AMPH,"Amphastar Pharmaceuticals, Inc. - Common Stock",,,27.39,3.83,3.47,12952207.0,25.18,32.25,44.08,57.06,-7.22,0.7586064380972236,500,2026-09-28,
VSXY,Victorias Secret & Co. Common Stock ,,,88.29,4.76,4.29,177177238.0,-1.58,2.13,107.89,133.9,-13.83,0.7585439354249227,500,2026-09-28,
QLYS,"Qualys, Inc. - Common Stock",,,173.83,5.58,5.88,132951237.0,-7.83,35.47,103.0,106.79,-13.75,0.7583071619410298,500,2026-09-28,
MLAB,"Mesa Laboratories, Inc. - Common Stock",,,132.99,3.78,3.63,16784877.0,3.5,33.78,62.5,71.03,-4.09,0.7582123547585208,500,2026-09-28,
MRVI,"Maravai LifeSciences Holdings, Inc. - Class A common stock",,,7.63,4.77,5.02,18805385.0,-8.84,19.41,166.78,131.45,-19.0,0.7580889318255017,500,2026-09-28,
GCT,GigaCloud Technology Inc - Class A Ordinary Shares,,,52.62,5.18,4.9,34320531.0,2.02,62.36,26.52,81.05,-6.49,0.7568194543935112,500,2026-09-28,
RPD,"Rapid7, Inc. - Common Stock",,,11.8,7.41,7.71,24452549.0,-12.59,50.9,123.91,135.59,-41.5,0.7565462093752789,500,2026-09-28,
HOOD,"Robinhood Markets, Inc. - Class A Common Stock",,,116.46,5.23,5.08,2652581347.0,6.1,14.37,76.4,73.0,-24.31,0.7560125628605545,500,2026-09-28,
EMBC,Embecta Corp. - Common Stock,,,5.93,4.98,4.26,6640261.0,19.32,79.52,-30.45,116.98,-58.92,0.7553868691264388,500,2026-09-28,
SPHL,Springview Holdings Ltd - Ordinary shares,,,2.74,8.39,10.03,2103005.0,10.93,3.79,4.58,365.65,-89.09,0.7553790954688258,486,2026-09-28,
UPXI,"Upexi, Inc. - Common Stock",,,1.19,7.35,7.88,5603751.0,3.03,43.37,19.0,91.14,-84.65,0.7545371379479746,500,2026-09-28,
FTRE,Fortrea Holdings Inc. - Common Stock,,,20.06,5.45,5.34,27530122.0,6.36,14.5,121.17,64.54,-6.22,0.7539246394029273,500,2026-09-28,
SILC,Silicom Ltd - Ordinary Shares,,,51.09,6.95,5.75,6980985.0,7.26,21.85,145.74,56.79,-4.16,0.7535029674006208,500,2026-09-28,
AMD,"Advanced Micro Devices, Inc. - Common Stock",,,607.87,3.78,4.31,11984548796.0,27.52,12.67,200.94,50.7,-4.87,0.7534334337580534,500,2026-09-28,
MU,"Micron Technology, Inc. - Common Stock",,,1053.98,3.87,4.29,24987028965.0,12.68,-7.96,195.22,79.12,-16.0,0.7529992675772553,500,2026-09-28,
ANF,Abercrombie & Fitch Company Common Stock,,,134.18,3.98,4.1,206672466.0,-7.94,50.11,50.54,122.76,-13.55,0.7529474472668378,500,2026-09-28,
S,"SentinelOne, Inc. Class A Common Stock",,,22.74,5.2,5.32,197756351.0,0.13,35.92,80.76,70.56,-6.8,0.7524882540814253,500,2026-09-28,
HNST,"The Honest Company, Inc. - Common Stock",,,5.3,4.09,4.06,10773084.0,-7.99,45.21,84.03,96.41,-11.81,0.7488784414663026,500,2026-09-28,
SG,"Sweetgreen, Inc. Class A Common Stock",,,8.24,6.26,5.44,37418461.0,21.35,-3.63,75.32,76.0,-22.48,0.7483253699994147,500,2026-09-28,
ZH,"Zhihu Inc. American Depositary Shares, each representing three (3) Class A Ordinary Shares",,,3.8,5.3,4.52,2079956.0,24.18,21.41,45.59,57.42,-27.89,0.7479909217049071,500,2026-09-28,
PI,"Impinj, Inc. - Common Stock",,,176.88,4.31,4.39,72195328.0,5.24,32.69,79.12,59.39,-28.41,0.7476540642528731,500,2026-09-28,
SNDK,Sandisk Corporation - Common Stock When-Issued,,,1712.89,5.83,6.03,17761460548.0,15.35,-16.46,178.14,91.29,-27.25,0.7467671012784964,407,2026-09-28,
U,Unity Software Inc. Common Stock,,,39.86,4.65,5.06,425856914.0,-8.35,40.8,104.94,93.84,-23.57,0.7465903770996216,500,2026-09-28,
TITN,Titan Machinery Inc. - Common Stock,,,23.47,5.92,4.14,7232583.0,27.42,12.08,45.78,62.34,-12.75,0.7465122854614383,500,2026-09-28,
VEON,VEON Ltd. - American Depositary Shares,,,69.41,3.79,3.84,12607626.0,14.92,33.58,49.37,55.6,-7.45,0.7464701786324631,500,2026-09-28,
TNK,Teekay Tankers Ltd.,,,95.71,3.5,3.75,50287971.0,8.51,45.51,34.71,61.61,-7.22,0.7461681166871335,500,2026-09-28,
DOCS,"Doximity, Inc. Class A Common Stock",,,26.2,3.67,3.73,70120544.0,2.38,27.25,10.6,117.86,-65.76,0.7459741383256329,500,2026-09-28,
DK,"Delek US Holdings, Inc. Common Stock",,,67.47,5.71,6.32,216377382.0,-3.97,31.3,43.57,101.96,-17.99,0.7454280497022657,500,2026-09-28,
SUNE,"SUNation Energy, Inc. - Common Stock",,,2.37,12.89,19.75,32716316.0,7.73,4.87,0.0,766.97,-74.92,0.7451533100130185,500,2026-09-28,
FDMT,"4D Molecular Therapeutics, Inc. - Common Stock",,,14.56,6.51,6.63,13809419.0,-2.35,13.04,56.06,107.22,-14.0,0.743854713627917,500,2026-09-28,
APPS,"Digital Turbine, Inc. - Common Stock",,,11.22,7.25,7.48,31603407.0,-1.92,-13.09,285.57,272.33,-26.86,0.7436383467460146,500,2026-09-28,
SN,"SharkNinja, Inc. Ordinary Shares",,,181.99,4.31,4.03,384261532.0,-5.64,24.33,78.23,94.36,-6.45,0.7424552092967365,500,2026-09-28,
SEPN,"Septerna, Inc. - Common Stock",,,39.74,4.84,4.99,12764527.0,-1.8,14.36,66.49,91.31,-22.23,0.7396953533742274,481,2026-09-28,
CUE,"Cue Biopharma, Inc. - Common Stock",,,27.45,16.15,17.91,12889114.0,-2.52,-9.79,282.85,150.0,-39.67,0.7392989107282195,500,2026-09-28,
ABSI,Absci Corporation - Common Stock,,,9.49,7.43,7.97,36128041.0,0.74,-16.39,241.37,158.69,-21.28,0.7377292769402394,500,2026-09-28,
AYA,Aya Gold & Silver Inc. - Common Shares,,,26.53,5.13,6.45,37166100.0,-9.42,41.34,101.75,93.62,-13.5,0.7366432553210429,500,2026-09-28,
DPRO,Draganfly Inc. - Common Shares,,,5.595,7.52,6.45,11592797.0,28.03,8.85,21.9,72.44,-61.15,0.7364766076240958,500,2026-09-28,
CBRL,"Cracker Barrel Old Country Store, Inc. - Common Stock",,,53.73,5.14,5.02,57688028.0,-2.43,0.1,103.64,114.51,-10.84,0.7359079820003067,500,2026-09-28,
ALAB,"Astera Labs, Inc. - Common Stock",,,351.31,6.49,6.41,1262793625.0,15.53,-22.95,212.36,99.44,-29.66,0.734182222071782,500,2026-09-28,
IMRN,Immuron Limited - American Depositary Shares,,,1.16,9.72,9.57,11715573.0,-0.43,7.41,44.1,110.36,-51.46,0.7339763214645018,500,2026-09-28,
XRX,Xerox Holdings Corporation - Common Stock,,,3.26,5.92,5.89,8845222.0,9.76,3.66,139.38,60.76,-14.72,0.7329369783234398,500,2026-09-28,
FRD,Friedman Industries Inc. - Common Stock,,,39.42,4.08,4.72,2598640.0,-12.09,21.69,121.79,141.71,-19.17,0.7329188478841214,500,2026-09-28,
LFST,"LifeStance Health Group, Inc. - Common Stock",,,11.84,3.58,3.98,74275285.0,-3.74,14.51,87.34,87.29,-12.68,0.7327528568313154,500,2026-09-28,
NBIS,Nebius Group N.V. - Class A Ordinary Shares,,,231.88,6.37,6.46,3406346103.0,6.13,-11.21,129.99,92.61,-22.67,0.7326101553109784,485,2026-09-28,
KOPN,Kopin Corporation - Common Stock,,,4.75,5.18,5.77,15513155.0,-1.45,9.95,160.99,75.56,-28.14,0.7323055311843942,500,2026-09-28,
EFOR,"Everforth, Inc. Common Stock",,,32.83,5.3,4.91,23517901.0,3.76,75.37,-12.59,103.67,-40.24,0.7309664283217127,500,2026-09-28,
DC,Dakota Gold Corp. Common Stock,,,6.18,4.85,5.68,9553819.0,-0.96,45.07,35.53,74.13,-14.76,0.7307779809845842,500,2026-09-28,
HYPD,"Hyperion DeFi, Inc. - Common Stock",,,3.915,7.52,7.43,2074260.0,8.15,23.11,14.47,78.21,-67.07,0.7289719542874232,500,2026-09-28,
JZXN,"Jiuzi Holdings, Inc. - Ordinary Shares",,,1.14,8.55,11.19,3214106.0,0.88,4.59,16.92,248.6,-97.5,0.7288368139149555,500,2026-09-28,
SGMT,Sagimet Biosciences Inc. - Series A Common Stock,,,9.94,6.03,7.14,12081646.0,-7.53,27.6,103.27,83.48,-13.18,0.7276392513679794,500,2026-09-28,
LQDA,Liquidia Corporation - Common Stock,,,73.67,4.44,4.33,83231908.0,5.33,-1.93,110.31,76.42,-21.3,0.7270389285240539,500,2026-09-28,
SPSC,"SPS Commerce, Inc. - Common Stock",,,81.01,4.0,3.99,45065268.0,-3.79,40.42,48.67,77.5,-29.48,0.726228947870285,500,2026-09-28,
CURI,CuriosityStream Inc.  - Class A Common Stock,,,2.9,4.42,4.3,2228201.0,16.7,11.06,7.66,83.8,-41.98,0.7262268945320962,500,2026-09-28,
LIND,Lindblad Expeditions Holdings Inc.  - Common Stock,,,29.64,5.02,4.43,25057081.0,-1.4,4.55,75.7,93.37,-15.31,0.7261482098355702,500,2026-09-28,
DDD,3D Systems Corporation Common Stock,,,3.52,5.88,5.61,7820954.0,2.62,23.08,80.51,60.49,-14.56,0.7258648134425686,500,2026-09-28,
OUST,"Ouster, Inc. - Common Stock",,,40.9,5.54,5.84,79733005.0,11.93,-24.36,131.6,117.56,-35.88,0.7252689327782389,500,2026-09-28,
LTRX,"Lantronix, Inc. - Common Stock",,,7.22,5.88,5.46,7422399.0,19.73,27.79,33.95,52.94,-17.49,0.7251375677570526,500,2026-09-28,
ARM,Arm Holdings plc - American Depositary Shares,,,283.33,5.26,7.25,1570153909.0,11.02,-17.54,96.58,100.23,-37.41,0.7248142554118273,500,2026-09-28,
QRVO,"Qorvo, Inc. - Common Stock",,,116.3,4.36,4.7,167641308.0,20.92,24.33,50.36,48.78,-3.96,0.7231830685081715,500,2026-09-28,
TLYS,"Tilly's, Inc. Common Stock",,,4.47,9.74,6.34,6474785.0,16.41,14.91,9.29,76.06,-28.48,0.7226895388088992,500,2026-09-28,
PARR,"Par Pacific Holdings, Inc.  Common Stock",,,77.97,5.46,5.47,79798386.0,1.21,37.59,18.73,79.31,-11.11,0.7205704106534113,500,2026-09-28,
PPHC,"Public Policy Holding Company, Inc. - Common Stock",,,11.23,7.52,7.86,3638568.0,1.3,55.0,-1.37,91.01,-25.11,0.7199643199116941,168,2026-09-28,
MRVL,"Marvell Technology, Inc. - Common Stock",,,251.9,4.56,5.15,4309259394.0,4.33,-9.28,165.69,80.97,-23.62,0.7190525964707906,500,2026-09-28,
SATL,Satellogic Inc. - Class A Common Stock,,,6.05,7.73,7.4,26887599.0,13.94,7.27,2.02,96.65,-49.58,0.7179325473621024,500,2026-09-28,
TEN,Tsakos Energy Navigation Ltd Common Shares,,,46.31,3.83,4.75,25624145.0,10.03,32.87,24.58,58.33,-13.99,0.7173587406055678,500,2026-09-28,
TRX,TRX Gold Corporation Common Stock,,,1.22,6.71,8.08,4838583.0,0.0,45.24,-7.58,113.24,-56.43,0.7166731331465015,500,2026-09-28,
META,"Meta Platforms, Inc. - Class A Common Stock",,,715.62,3.67,4.37,16051179145.0,25.4,27.3,36.36,48.8,-8.23,0.7161956501002928,500,2026-09-28,
CLRO,"ClearOne, Inc. - Common Stock",,,5.1,9.54,10.41,7258139.0,-14.57,52.24,34.21,506.62,-69.09,0.7156092427276016,500,2026-09-28,
ERO,Ero Copper Corp. Common Shares,,,37.41,4.75,5.17,49391444.0,-6.05,44.16,49.34,78.05,-8.38,0.7154519926721667,500,2026-09-28,
BXC,Bluelinx Holdings Inc. Common Stock,,,74.9,5.49,5.86,12480613.0,-6.06,18.46,44.54,101.89,-20.15,0.7139969496323162,500,2026-09-28,
AMLX,"Amylyx Pharmaceuticals, Inc. - Common Stock",,,29.85,4.82,5.34,51529364.0,-19.71,59.63,120.3,225.99,-27.44,0.713544166626541,500,2026-09-28,
PSIX,"Power Solutions International, Inc. - Common Stock",,,45.54,5.04,5.54,16990733.0,20.57,24.9,-23.64,91.14,-59.41,0.713193905366571,500,2026-09-28,
GRML,Greenland Mines Ltd - Common Stock,,,11.85,21.16,23.61,259843212.0,125.29,-8.49,-19.66,545.74,-67.97,0.7130388188211866,500,2026-09-28,
TARS,"Tarsus Pharmaceuticals, Inc. - Common Stock",,,76.81,4.5,3.58,62866076.0,6.8,25.38,15.94,69.85,-16.08,0.7126289472201691,500,2026-09-28,
GLOO,"Gloo Holdings, Inc. - Common Stock",,,4.66,10.18,10.94,6047875.0,37.87,3.33,-5.67,92.41,-53.31,0.7125856150262724,215,2026-09-28,
ANDG,Andersen Group Inc. Class A Common Stock,,,52.78,3.56,3.84,23369024.0,-6.68,39.15,107.71,67.94,-8.4,0.7123468974882012,195,2026-09-28,
CLGN,CollPlant Biotechnologies Ltd. - Ordinary Shares,,,3.87,21.55,10.59,4102209.0,33.45,5.45,-37.98,263.64,-87.83,0.7123056137231996,500,2026-09-28,
GTE,Gran Tierra Energy Inc. Common Stock,,,9.65,3.95,4.84,5998271.0,-4.55,55.39,6.39,103.89,-16.23,0.7116411256798962,500,2026-09-28,
MX,Magnachip Semiconductor Corporation Common Stock,,,3.79,4.72,5.81,3752393.0,16.98,-17.97,32.06,123.08,-61.56,0.7111261468849008,500,2026-09-28,
PENG,"Penguin Solutions, Inc. - Common Stock",,,54.98,4.75,5.42,74361627.0,4.82,-19.08,229.42,95.01,-38.82,0.710919056896777,500,2026-09-28,
ONCO,"Onconetix, Inc.  - Common Stock",,,1.11,18.3,13.36,5915380.0,75.63,16.35,-94.28,142.32,-99.47,0.7108965310206056,500,2026-09-28,
KMTS,"Kestra Medical Technologies, Ltd. - Common Stock",,,28.13,5.8,5.41,10085189.0,8.99,10.97,44.55,61.58,-6.23,0.7107338757283921,393,2026-09-28,
NVEC,NVE Corporation - Common Stock,,,109.81,3.61,3.77,10932436.0,2.55,12.34,71.11,64.71,-17.95,0.7105205476992685,500,2026-09-28,
VOYG,"Voyager Technologies, Inc. Class A Common Stock",,,33.18,6.3,7.69,80249642.0,-4.46,9.94,45.59,103.5,-36.68,0.710035164685588,326,2026-09-28,
EGHT,8x8 Inc - Common stock,,,2.225,5.91,5.49,3302322.0,10.7,31.66,37.35,51.88,-22.74,0.7089447180170971,500,2026-09-28,
NEWP,New Pacific Metals Corp. Common Shares,,,6.37,6.24,6.48,5521726.0,-14.04,56.51,64.6,107.42,-15.63,0.7071850250507572,500,2026-09-28,
SMWB,Similarweb Ltd. Ordinary Shares,,,7.59,5.46,5.98,4982128.0,-17.41,22.82,201.19,161.06,-22.15,0.7070584897822338,500,2026-09-28,
RDAC,Rising Dragon Acquisition Corp. - Ordinary Shares,,,5.32,12.79,7.76,8473123.0,3.3,-1.66,4.31,368.07,-77.82,0.7070543598128245,456,2026-09-28,
CBLL,"CeriBell, Inc. - Common Stock",,,24.51,3.69,3.67,8704731.0,4.88,22.8,37.93,60.57,-4.36,0.7064159235108481,491,2026-09-28,
URGN,UroGen Pharma Ltd. - Ordinary Shares,,,40.9,4.66,4.86,32401676.0,-10.11,13.39,138.21,95.42,-19.5,0.7059620408232921,500,2026-09-28,
OCC,Optical Cable Corporation - Common Stock,,,14.95,7.85,8.4,3770069.0,8.02,-25.81,63.57,183.49,-46.57,0.7048386918597496,500,2026-09-28,
BRKR,Bruker Corporation - Common Stock,,,63.28,4.94,5.05,134052430.0,6.89,6.07,87.98,57.06,-3.03,0.7034929061166129,500,2026-09-28,
NVAX,"Novavax, Inc. - Common Stock",,,10.8,6.27,5.35,58862428.0,19.34,15.38,27.81,55.1,-9.77,0.703370989736144,500,2026-09-28,
INFQ,"Infleqtion, Inc. Common Stock",,,14.13,6.11,6.3,112117793.0,-1.33,2.24,43.45,98.56,-33.6,0.70321448448323,155,2026-09-28,
ORIC,"Oric Pharmaceuticals, Inc. - Common Stock",,,13.27,5.2,5.37,18750310.0,-3.42,30.67,10.03,100.68,-11.12,0.7026939548961214,500,2026-09-28,
OSCR,"Oscar Health, Inc. Class A Common Stock",,,29.65,5.67,6.38,173365094.0,-1.33,0.68,166.16,71.63,-14.01,0.7025083364089014,500,2026-09-28,
SITM,SiTime Corporation - Common Stock,,,656.65,5.7,6.16,281049791.0,9.46,-7.58,100.69,66.15,-27.19,0.7023613687645957,500,2026-09-28,
ICLR,ICON plc - Ordinary Shares,,,175.57,3.87,3.8,172505897.0,3.45,1.49,71.99,71.4,-13.9,0.702340085174741,500,2026-09-28,
WT,"WisdomTree, Inc. Common Stock",,,24.06,4.36,3.79,70389405.0,-3.91,42.06,73.61,60.06,-7.14,0.7022796687955684,500,2026-09-28,
RXT,"Rackspace Technology, Inc. - Common Stock",,,3.79,7.67,8.18,25562485.0,12.13,-42.36,260.95,133.7,-55.93,0.701492528473898,500,2026-09-28,
CHEF,"The Chefs' Warehouse, Inc. - Common Stock",,,111.76,3.52,3.38,74116414.0,0.44,17.28,87.77,57.67,-5.01,0.7007899594052179,500,2026-09-28,
FSLY,"Fastly, Inc. - Class A Common Stock",,,24.92,10.19,11.6,208316279.0,1.14,38.44,-9.15,99.55,-28.43,0.7006866633227901,500,2026-09-28,
VRA,"Vera Bradley, Inc. - Common Stock",,,4.15,7.57,7.92,3791741.0,24.25,4.27,29.28,59.58,-9.39,0.7000073238305243,500,2026-09-28,
EPRX,Eupraxia Pharmaceuticals Inc. - Common Stock,,,8.21,5.75,4.71,4902226.0,11.55,24.58,22.17,55.77,-11.91,0.6997121482663176,500,2026-09-28,
INTC,Intel Corporation - Common Stock,,,116.03,4.7,5.86,11525734752.0,26.0,-11.91,169.02,55.81,-18.49,0.6988729463476686,500,2026-09-28,
COTY,Coty Inc. Class A Common Stock,,,2.68,4.19,3.96,13811541.0,-2.9,36.73,34.0,69.78,-40.04,0.6985054151326613,500,2026-09-28,
XXI,"Twenty One Capital, Inc. Class A Common Stock",,,6.74,5.74,5.88,16560158.0,6.65,26.93,5.15,70.76,-73.7,0.6982388731282109,500,2026-09-28,
MRX,Marex Group Limited - Ordinary Shares,,,71.29,4.58,4.51,60954387.0,-0.13,21.22,66.78,59.08,-9.88,0.6981111859252648,500,2026-09-28,
APPN,Appian Corporation - Class A Common Stock,,,35.02,5.46,5.59,33500334.0,-15.41,55.78,51.08,126.3,-23.97,0.6977887710929291,500,2026-09-28,
BTCS,BTCS Inc. - Common Stock,,,1.55,8.38,7.99,2937804.0,-2.52,42.2,18.32,76.53,-74.8,0.6970473090330358,500,2026-09-28,
LUXE,"LuxExperience B.V. American Depositary Shares, each representing one Ordinary Share",,,9.42,5.79,6.44,3166017.0,20.77,25.6,20.31,50.37,-17.22,0.6955508061203298,500,2026-09-28,
PLPC,Preformed Line Products Company - Common Stock,,,416.37,4.07,4.45,28363054.0,-1.09,2.93,51.12,81.49,-17.5,0.6937985889898252,500,2026-09-28,
DSX,Diana Shipping inc. common stock,,,2.8,3.74,3.74,4425891.0,4.09,39.83,17.13,60.61,-12.5,0.6920202693276944,500,2026-09-28,
MBX,"MBX Biosciences, Inc. - Common Stock",,,57.54,5.46,5.78,32019992.0,-13.33,6.85,101.89,159.43,-20.79,0.6916531027321946,500,2026-09-28,
UROY,Uranium Royalty Corp. - Common Stock,,,4.0,5.54,6.13,19809414.0,-7.62,41.84,19.76,94.53,-27.54,0.6915033899309924,500,2026-09-28,
KSS,Kohl's Corporation Common Stock,,,18.18,5.22,4.99,71111869.0,0.84,-0.8,48.05,82.0,-25.73,0.6909810440619071,500,2026-09-28,
NSP,"Insperity, Inc. Common Stock",,,46.91,4.27,4.12,21698302.0,-8.39,11.42,82.44,89.97,-15.09,0.6908490158160375,500,2026-09-28,
CVLT,"Commvault Systems, Inc. - Common Stock",,,148.08,3.94,3.94,78894465.0,5.5,2.7,94.64,56.79,-24.79,0.6895374148164692,500,2026-09-28,
PYXS,"Pyxis Oncology, Inc. - Common Stock",,,2.9,8.97,9.07,3199895.0,-12.65,1.4,121.37,169.48,-47.75,0.6891134777757414,500,2026-09-28,
PACB,"Pacific Biosciences of California, Inc. - Common Stock",,,1.71,6.5,5.76,9580593.0,10.32,-1.16,35.71,68.22,-37.36,0.6887526874648622,500,2026-09-28,
CLW,Clearwater Paper Corporation Common Stock,,,19.89,3.72,4.22,2799027.0,-5.69,24.08,40.37,77.24,-15.68,0.6885617582447666,500,2026-09-28,
BLZE,"Backblaze, Inc. - Common Stock",,,13.54,5.68,5.98,23468557.0,-11.15,-9.55,298.24,239.32,-43.56,0.6884001756854454,500,2026-09-28,
TSAT,Telesat Corporation - Class A Common Shares and Class B Variable Voting Shares,,,47.39,5.44,6.22,5829301.0,3.7,3.02,27.94,80.26,-22.99,0.6881921281761508,500,2026-09-28,
VAC,Marriott Vacations Worldwide Corporation Common Stock,,,104.56,3.93,3.46,50792223.0,-5.43,2.28,61.11,94.16,-19.76,0.6857300335271541,500,2026-09-28,
STX,Seagate Technology Holdings PLC - Ordinary Shares (Ireland),,,921.51,5.37,5.03,3230993854.0,8.86,-4.78,142.83,54.52,-19.4,0.685416753741346,500,2026-09-28,
VICR,Vicor Corporation - Common Stock,,,285.1,6.66,6.68,201936902.0,40.0,-22.27,86.32,68.94,-25.49,0.6842477811972018,500,2026-09-28,
PDEX,"Pro-Dex, Inc. - Common Stock",,,71.62,5.89,5.28,5445727.0,10.42,22.64,46.22,45.28,-6.99,0.684212164323886,500,2026-09-28,
SONO,"Sonos, Inc. - Common Stock",,,17.97,4.27,3.44,33023950.0,19.01,32.33,41.5,39.45,-9.33,0.6838525108278493,500,2026-09-28,
RDW,Redwire Corporation Common Stock,,,11.2,5.89,6.59,141036080.0,-0.62,-4.19,37.25,99.82,-57.96,0.6829751501446363,500,2026-09-28,
PTGX,"Protagonist Therapeutics, Inc. - Common Stock",,,142.44,3.62,3.6,99256680.0,-4.72,17.11,43.92,73.38,-11.42,0.6821767669398673,500,2026-09-28,
PBYI,Puma Biotechnology Inc - Common Stock,,,9.82,4.38,3.81,2908201.0,6.28,19.9,61.51,47.42,-1.6,0.6821422915817815,500,2026-09-28,
FORM,"FormFactor, Inc. - Common Stock",,,130.97,4.94,5.27,130371629.0,18.82,-9.16,33.74,69.78,-18.28,0.6821007557454409,500,2026-09-28,
BTGO,"BitGo Holdings, Inc. Class A Common Stock",,,7.26,8.11,8.99,17203432.0,1.4,37.5,-5.35,79.49,-70.37,0.6818081569598033,173,2026-09-28,
AMCX,AMC Global Media Inc. - Class A Common Stock,,,12.03,3.66,3.83,7588250.0,-2.59,19.7,84.51,56.73,-6.96,0.6817864120269104,500,2026-09-28,
WNC,Wabash National Corporation Common Stock,,,12.65,5.61,5.27,9305005.0,-4.31,-7.44,52.75,118.59,-12.58,0.6801311477274923,500,2026-09-28,
CHRN,ChronoScale Holdings Corporation - Common Stock,,,19.815,8.7,8.19,2612094.0,-4.44,-13.32,95.22,122.22,-33.95,0.6791723577653483,500,2026-09-28,
GRPN,"Groupon, Inc. - Common Stock",,,19.74,5.38,5.9,23564537.0,1.39,-16.36,88.54,91.79,-33.98,0.6787768856449168,500,2026-09-28,
W,Wayfair Inc. Class A Common Stock,,,98.63,4.46,4.89,243177278.0,-6.08,3.14,37.94,110.66,-17.79,0.6781519683364848,500,2026-09-28,
OPK,"Opko Health, Inc. - Common Stock",,,1.63,4.57,3.81,4766645.0,8.67,7.95,45.54,53.51,-6.86,0.6775280972820953,500,2026-09-28,
ULCC,"Frontier Group Holdings, Inc. - Common Stock",,,6.08,4.48,4.81,14530314.0,2.88,-18.93,72.24,101.56,-27.66,0.6765132334721583,500,2026-09-28,
BB,BlackBerry Limited Common Stock,,,8.8,5.39,5.74,127668967.0,1.73,-29.49,178.48,122.79,-35.25,0.6761799933339313,500,2026-09-28,
SIG,Signet Jewelers Limited Common Shares,,,103.3,4.04,4.92,112871341.0,26.22,19.37,23.88,44.63,-5.53,0.6750062545445826,500,2026-09-28,
CNH,CNH Industrial N.V. Common Shares,,,13.26,4.39,3.68,335048312.0,16.01,16.42,24.89,48.46,-8.3,0.6733349863917408,500,2026-09-28,
EAT,"Brinker International, Inc. Common Stock",,,202.45,4.2,4.68,305817832.0,-13.19,20.77,51.46,104.06,-20.6,0.6732992879144745,500,2026-09-28,
CRDL,Cardiol Therapeutics Inc. - Class A Common Shares,,,1.69,6.54,7.57,2550265.0,-17.96,64.08,35.2,144.77,-27.78,0.67284710755061,500,2026-09-28,
TGTX,"TG Therapeutics, Inc. - Common Stock",,,56.19,4.31,4.18,104570923.0,0.84,0.84,76.98,62.58,-5.24,0.6726664914508422,500,2026-09-28,
NOW,"ServiceNow, Inc. Common Stock",,,131.45,3.85,4.22,1898877129.0,-5.04,31.49,32.23,67.36,-31.88,0.6725341027374738,500,2026-09-28,
PMTS,CPI Card Group Inc. - Common Stock,,,24.79,4.11,5.1,6435371.0,-14.37,20.52,74.7,103.45,-20.67,0.6723500132079846,500,2026-09-28,
SPT,"Sprout Social, Inc - Class A Common Stock",,,9.47,5.12,5.8,12744982.0,-14.22,23.63,71.25,97.01,-33.73,0.6713952449496565,500,2026-09-28,
NRGV,"Energy Vault Holdings, Inc. Common Stock",,,4.05,7.64,7.68,17684234.0,8.0,-10.0,15.06,96.0,-39.05,0.6713050831601654,500,2026-09-28,
BJRI,"BJ's Restaurants, Inc. - Common Stock",,,60.02,3.62,3.44,25991567.0,-5.78,1.08,72.77,81.95,-19.54,0.6694169536185373,500,2026-09-28,
XMTR,"Xometry, Inc. - Class A Common Stock",,,103.14,5.23,5.38,77224110.0,7.15,9.43,174.02,40.5,-4.44,0.6691258231817444,500,2026-09-28,
DDOG,"Datadog, Inc. - Class A Common Stock",,,268.7,4.89,4.56,866483727.0,10.61,8.1,134.71,39.68,-8.21,0.6685151469508378,500,2026-09-28,
GO,Grocery Outlet Holding Corp. - Common Stock,,,11.1,3.89,3.92,25724463.0,-5.13,14.2,57.0,66.71,-34.67,0.6682464373104413,500,2026-09-28,
ASPN,"Aspen Aerogels, Inc. Common Stock",,,5.17,4.55,5.05,4558958.0,-1.15,-13.55,56.67,99.26,-44.69,0.666073885072303,500,2026-09-28,
FATE,"Fate Therapeutics, Inc. - Common Stock",,,2.38,5.78,6.12,3645584.0,-6.3,-1.65,103.42,80.45,-26.32,0.6657104551021144,500,2026-09-28,
NWL,Newell Brands Inc. - Common Stock,,,5.44,4.61,4.25,39511246.0,-6.42,-9.2,65.07,122.81,-22.83,0.6654727032847789,500,2026-09-28,
FTNT,"Fortinet, Inc. - Common Stock",,,176.33,4.05,3.87,737306996.0,2.05,13.45,125.49,44.71,-2.78,0.6649940387700459,500,2026-09-28,
WAFU,Wah Fu Education Group Limited - Ordinary Shares,,,1.45,7.61,8.51,2957378.0,4.32,-4.61,-7.64,150.82,-52.61,0.6648621723219609,500,2026-09-28,
SLN,Silence Therapeutics Plc - American Depository Share,,,11.2,5.52,5.44,10554617.0,-16.73,3.8,127.18,201.99,-36.28,0.6646120289251488,500,2026-09-28,
TENB,"Tenable Holdings, Inc. - Common Stock",,,34.47,6.52,6.78,166818151.0,-8.37,2.93,108.4,79.71,-21.07,0.6639600534440749,500,2026-09-28,
MSGY,Masonglory Limited - Class A Ordinary Shares,,,3.13,42.97,40.51,23654532.0,54.95,-20.64,-20.64,560.12,-98.24,0.6635065412253978,309,2026-09-28,
MTA,Metalla Royalty & Streaming Ltd. Common Shares,,,9.65,3.59,4.16,2854342.0,-12.51,28.15,54.65,80.97,-16.81,0.663453827136287,500,2026-09-28,
THM,"International Tower Hill Mines, Ltd. Ordinary Shares (Canada)",,,2.57,5.22,6.5,2024748.0,-7.22,27.23,21.8,79.52,-29.59,0.6622906405603131,500,2026-09-28,
SB,"Safe Bulkers, Inc Common Stock ($0.001 par value)",,,8.25,3.67,4.48,14722068.0,-2.02,32.28,38.37,54.13,-11.39,0.6615028980406578,500,2026-09-28,
SEI,"Solaris Energy Infrastructure, Inc. Class A Common Stock",,,69.15,5.72,6.34,181948486.0,31.1,-12.59,20.02,69.45,-19.61,0.661141951311326,500,2026-09-28,
KIDS,OrthoPediatrics Corp. - Common Stock,,,22.58,3.68,3.56,4068884.0,-3.17,12.45,45.49,63.15,-15.56,0.660196722228402,500,2026-09-28,
VBNK,VersaBank - Common Shares,,,22.55,4.12,3.35,3632440.0,10.05,10.31,63.83,43.14,-9.91,0.6600358844193753,500,2026-09-28,
SGP,"SpyGlass Pharma, Inc. - Common Stock",,,25.98,5.77,6.15,4199153.0,-3.53,20.0,14.9,76.14,-19.91,0.65999308535388,161,2026-09-28,
SCZM,Santacruz Silver Mining Ltd. - Common Shares,,,9.02,5.98,7.61,4542053.0,-9.98,38.56,16.69,90.55,-48.88,0.6591867762772811,500,2026-09-28,
XP,XP Inc. - Class A Common Stock,,,20.23,3.88,3.86,153767536.0,14.42,24.03,15.77,45.74,-11.4,0.6590756044343774,500,2026-09-28,
JELD,"JELD-WEN Holding, Inc. Common Stock",,,1.77,8.36,8.43,3135636.0,-18.81,28.26,55.26,139.25,-65.83,0.6586422911127874,500,2026-09-28,
CURR,Currenc Group Inc. - Ordinary Shares,,,3.11,12.74,8.05,2304971.0,-11.9,16.04,23.41,124.78,-38.78,0.6576877676401978,500,2026-09-28,
RUM,RUM Group Inc. - Class A Common Stock,,,7.93,6.9,8.08,49171730.0,-15.91,28.11,68.37,93.69,-25.15,0.6573696442094705,500,2026-09-28,
CXW,"CoreCivic, Inc. Common Stock",,,31.69,5.16,5.77,70137551.0,-6.21,4.62,63.01,75.97,-13.3,0.6572491763839919,500,2026-09-28,
INTA,"Intapp, Inc. - Common Stock",,,35.39,3.8,4.04,22519950.0,-19.02,43.4,43.4,133.19,-26.16,0.6560044363344028,500,2026-09-28,
MANE,"Veradermics, Incorporated Common Stock",,,115.0,5.31,5.19,80319791.0,12.96,-6.94,75.49,51.15,-12.37,0.6557480006071146,163,2026-09-28,
DJCO,Daily Journal Corp. (S.C.) - Common Stock,,,659.08,3.84,3.57,41558900.0,4.47,11.11,34.02,53.74,-4.83,0.6533110931414947,500,2026-09-28,
WAY,Waystar Holding Corp. - Common Stock,,,25.74,4.15,4.31,51992378.0,1.94,28.83,9.35,58.05,-36.21,0.6530308591431249,500,2026-09-28,
LITE,Lumentum Holdings Inc. - Common Stock,,,921.32,6.08,6.35,4074077922.0,-3.64,8.21,31.11,72.61,-15.14,0.6527989511087267,500,2026-09-28,
GCTS,"GCT Semiconductor Holding, Inc. Common Stock",,,2.18,5.55,5.59,2978311.0,14.14,-14.84,94.64,55.49,-44.53,0.6527313552009276,500,2026-09-28,
KYMR,"Kymera Therapeutics, Inc. - Common Stock",,,112.0,4.26,4.5,87825233.0,-6.85,2.45,43.3,87.18,-13.88,0.6512010215882889,500,2026-09-28,
IT,"Gartner, Inc. Common Stock",,,185.73,4.23,4.29,200053963.0,-5.53,39.87,19.5,63.4,-30.14,0.650720296737012,500,2026-09-28,
REPL,"Replimune Group, Inc. - Common Stock",,,12.56,5.54,6.09,26357062.0,-19.49,12.14,73.96,265.32,-23.09,0.6491605424063815,500,2026-09-28,
EOLS,"Evolus, Inc. - Common Stock",,,7.96,4.17,4.69,6362843.0,-10.36,11.64,98.5,70.98,-14.5,0.6488944604393062,500,2026-09-28,
BBCP,"Concrete Pumping Holdings, Inc.  - Common Stock",,,9.9,3.85,3.0,2508258.0,6.4,-15.4,46.68,71.93,-17.69,0.6484445623225044,500,2026-09-28,
FRSH,Freshworks Inc. - Class A Common Stock,,,12.53,3.51,3.63,53507558.0,-8.47,22.72,59.21,62.3,-10.44,0.6480166755200033,500,2026-09-28,
TGB,Trekor Metals Limited Common Shares,,,8.8,4.51,5.39,45262838.0,-9.09,38.36,47.16,61.25,-10.39,0.6478962225529721,500,2026-09-28,
DBI,Designer Brands Inc. Class A Common Stock,,,6.29,6.06,6.11,4881988.0,15.92,5.16,17.5,51.82,-30.3,0.6459789875065641,500,2026-09-28,
VERI,"Veritone, Inc. - Common Stock",,,1.28,9.73,8.44,2965831.0,56.1,-2.29,-30.43,85.43,-86.41,0.6458884463435709,500,2026-09-28,
GKOS,Glaukos Corporation Common Stock,,,158.56,4.07,4.41,137636981.0,-12.84,11.51,53.67,92.62,-17.25,0.6455386896702046,500,2026-09-28,
LXEH,"Lixiang Education Holding Co., Ltd. - American Depositary Shares",,,1.58,12.84,15.86,2365748.0,-3.83,13.67,-18.13,133.64,-95.18,0.644464135429839,500,2026-09-28,
SID,Companhia Siderurgica Nacional S.A. Common Stock,,,1.11,5.96,6.72,9697031.0,4.72,21.98,-8.26,64.29,-49.55,0.6434757306236973,500,2026-09-28,
GLBE,Global-E Online Ltd. - ordinary shares,,,39.28,4.0,3.67,62215922.0,-0.53,10.0,35.78,57.11,-10.71,0.6419004954883246,500,2026-09-28,
PNTG,"The Pennant Group, Inc. - Common Stock",,,40.9,3.56,3.46,15557514.0,8.14,12.55,37.06,44.1,-4.31,0.6417359693112992,500,2026-09-28,
CHYM,"Chime Financial, Inc. - Class A Common Stock",,,26.69,4.56,5.86,252633962.0,-19.99,27.1,57.09,123.87,-24.92,0.6409340539219645,325,2026-09-28,
QCOM,QUALCOMM Incorporated - Common Stock,,,187.48,4.91,5.52,2734969714.0,14.4,-0.12,48.84,44.85,-27.21,0.6408155962694491,500,2026-09-28,
TH,Target Hospitality Corp. - Common Stock,,,19.3,4.55,4.97,46508477.0,1.79,-5.58,100.83,54.55,-11.31,0.640481052243715,500,2026-09-28,
TVTX,"Travere Therapeutics, Inc. - Common Stock",,,61.57,3.82,4.31,98546054.0,-8.81,5.61,125.94,63.41,-10.42,0.6395406553158741,500,2026-09-28,
ARQT,"Arcutis Biotherapeutics, Inc. - Common stock",,,27.33,5.11,5.32,85658216.0,9.89,2.13,28.79,51.86,-13.98,0.6388595625007116,500,2026-09-28,
HITI,High Tide Inc. - Common Shares,,,2.81,4.16,4.28,2305421.0,9.34,23.25,24.34,41.08,-27.76,0.6388149716213684,500,2026-09-28,
PESI,"Perma-Fix Environmental Services, Inc. - Common Stock",,,15.64,4.75,5.66,5411896.0,-18.96,19.12,46.85,146.47,-26.64,0.6387114713854413,500,2026-09-28,
DUOL,"Duolingo, Inc. - Class A Common Stock",,,134.3,4.91,5.48,179847910.0,-5.99,15.75,40.85,61.44,-61.95,0.6383843029989478,500,2026-09-28,
SABR,Sabre Corporation - Common Stock,,,2.1,6.3,6.41,13083937.0,-1.87,-0.94,38.16,68.35,-16.0,0.636223013986141,500,2026-09-28,
AVT,"Avnet, Inc. - Common Stock",,,101.45,3.59,3.95,126635870.0,11.3,16.24,71.18,31.04,-2.99,0.6355825472211953,500,2026-09-28,
DOCN,"DigitalOcean Holdings, Inc. Common Stock",,,136.29,7.11,7.09,365271626.0,12.01,-9.06,67.39,49.25,-27.31,0.6349123892570674,500,2026-09-28,
NABL,"N-able, Inc. Common Stock",,,4.05,5.97,5.5,13192390.0,2.53,9.76,-11.96,79.79,-53.63,0.634566189889227,500,2026-09-28,
CLOV,"Clover Health Investments, Corp.  - Class A Common stock",,,4.33,4.81,5.83,19009548.0,2.36,-18.46,147.43,62.03,-22.54,0.634384817392649,500,2026-09-28,
PAY,"Paymentus Holdings, Inc. Class A Common Stock",,,29.92,4.4,5.29,40555361.0,-15.98,24.61,22.12,125.31,-33.97,0.6337481844726968,500,2026-09-28,
BTG,B2Gold Corp Common shares (Canada),,,5.28,3.61,4.31,135482374.0,-9.11,39.82,25.31,65.27,-15.01,0.6335145316544393,500,2026-09-28,
AUUD,Auddia Inc. - Common Stock,,,1.21,12.01,12.93,2395566.0,21.0,-3.97,-79.62,114.46,-93.58,0.6323921329525802,500,2026-09-28,
AHMA,Ambitions Enterprise Management Co. L.L.C - Class A Ordinary Shares,,,1.39,10.87,12.45,2523794.0,-5.44,-19.19,26.36,429.41,-96.48,0.6320319253330778,235,2026-09-28,
WYHG,Wing Yip Food Holdings Group Limited - American Depositary Shares,,,3.88,8.69,10.24,6677958.0,-22.94,2.11,121.46,968.16,-85.17,0.6320105883938244,459,2026-09-28,
GPRK,Geopark Ltd Common Shares,,,10.68,4.99,4.22,15895299.0,8.43,16.37,11.54,48.22,-18.66,0.631424765096513,500,2026-09-28,
CYRX,"CryoPort, Inc. - Common Stock",,,17.38,3.5,3.35,9509642.0,4.89,6.76,122.25,37.36,-3.34,0.6311505889053937,500,2026-09-28,
NRIX,"Nurix Therapeutics, Inc. - Common stock",,,23.67,4.22,4.43,37053310.0,-11.93,-0.75,60.37,98.24,-16.15,0.6308683948454146,500,2026-09-28,
WK,Workiva Inc. Class A Common Stock,,,68.19,3.83,4.29,67189228.0,-12.13,39.65,17.91,80.54,-29.77,0.6303839259526598,500,2026-09-28,
SHOP,Shopify Inc. - Class A Subordinate Voting Shares,,,144.01,4.69,4.97,1454241645.0,-6.69,26.09,28.75,60.1,-20.96,0.6301482840348436,500,2026-09-28,
KRO,Kronos Worldwide Inc Common Stock,,,8.13,4.26,4.16,3508651.0,-6.66,29.18,28.07,58.93,-10.83,0.6289094163622159,500,2026-09-28,
COIN,"Coinbase Global, Inc. - Class A Common Stock",,,191.79,5.4,6.08,1836278870.0,0.56,26.47,19.02,49.76,-52.31,0.6284102435604414,500,2026-09-28,
SIMO,"Silicon Motion Technology Corporation - American Depositary Shares, each representing four ordinary shares",,,278.07,6.11,6.27,200964362.0,9.01,-16.06,153.68,48.44,-21.51,0.6269582515421508,500,2026-09-28,
OBE,Obsidian Energy Ltd. Common Shares,,,10.67,4.93,6.04,10829905.0,-9.65,29.65,15.48,73.91,-26.87,0.6261760158137583,500,2026-09-28,
ORKA,"Oruka Therapeutics, Inc. - Common Stock",,,84.19,5.59,5.65,86681281.0,-12.79,-8.97,89.28,115.44,-27.12,0.6260328399720908,500,2026-09-28,
QTRX,Quanterix Corporation - Common Stock,,,3.52,7.32,6.15,2583176.0,33.33,-22.47,-1.68,88.45,-59.86,0.6253684589409438,500,2026-09-28,
DFTX,"Definium Therapeutics, Inc.  - Common Shares",,,38.41,5.26,5.61,91531634.0,-12.35,-17.49,114.82,146.9,-22.72,0.6233061484956923,500,2026-09-28,
AUGO,Aura Minerals Inc. - Common Shares,,,77.72,4.78,6.12,96153432.0,-12.79,23.23,13.11,96.37,-28.16,0.6232954980964444,303,2026-09-28,
DGII,Digi International Inc. - Common Stock,,,78.22,3.58,3.17,27503495.0,0.99,6.81,64.78,45.07,-9.93,0.6223049024396647,500,2026-09-28,
QUAD,"Quad Graphics, Inc Class A Common Stock",,,9.41,3.6,3.47,3729515.0,-6.55,12.89,47.76,57.71,-14.75,0.6220726756145375,500,2026-09-28,
ZBIO,"Zenas BioPharma, Inc. - Common Stock",,,27.55,6.2,7.24,20951265.0,-15.54,7.83,51.29,103.04,-38.23,0.6218326083340675,500,2026-09-28,
PRAA,"PRA Group, Inc. - Common Stock",,,20.05,4.27,4.55,9015235.0,3.94,6.93,18.99,53.83,-11.09,0.6214327845687271,500,2026-09-28,
NICE,NICE Ltd - American Depositary Shares each representing one Ordinary Share,,,109.09,4.4,4.97,58986110.0,3.81,18.83,0.68,54.65,-26.93,0.621293049854673,500,2026-09-28,
RVMD,"Revolution Medicines, Inc. - Common Stock",,,201.74,3.67,3.83,409077529.0,-8.78,4.73,118.07,58.59,-10.06,0.6208142065424201,500,2026-09-28,
INOD,Innodata Inc. - Common Stock,,,66.79,5.76,6.25,90711396.0,12.76,-12.85,79.93,46.14,-46.63,0.6206074741754493,500,2026-09-28,
RRGB,"Red Robin Gourmet Burgers, Inc. - Common Stock",,,7.46,6.07,6.21,2242516.0,-20.81,-3.99,181.51,205.87,-31.87,0.620539151927207,500,2026-09-28,
BTBT,"Bit Digital, Inc. - Ordinary Share",,,1.68,7.18,7.03,45814908.0,5.66,-8.2,28.24,59.32,-63.08,0.6190777232803008,500,2026-09-28,
GME,GameStop Corporation Common Stock,,,23.96,3.95,4.34,213947946.0,31.29,8.76,8.42,41.93,-14.73,0.618973730522098,500,2026-09-28,
VSTS,Vestis Corporation Common Stock,,,13.45,4.13,4.28,21956168.0,5.49,-9.31,74.45,49.93,-20.41,0.6179252742174239,500,2026-09-28,
CCC,CCC Intelligent Solutions Holdings Inc. - Common Stock,,,6.62,4.51,4.5,85131257.0,-12.89,35.1,13.94,81.56,-30.64,0.6174237002487819,500,2026-09-28,
MDXG,"MiMedx Group, Inc - Common Stock",,,4.68,4.11,3.82,5462080.0,3.77,19.69,22.83,43.39,-41.28,0.6166528807433359,500,2026-09-28,
RLAY,"Relay Therapeutics, Inc. - Common Stock",,,17.69,4.53,4.91,66020194.0,-8.91,-10.39,84.27,83.05,-16.83,0.6161850509613824,500,2026-09-28,
OOMA,"Ooma, Inc. Common Stock",,,21.18,4.04,3.81,11662488.0,-8.07,8.95,51.29,61.17,-19.13,0.6157395445733501,500,2026-09-28,
IREN,IREN Limited - Ordinary Shares,,,41.72,6.34,6.11,1604946516.0,2.94,-9.13,18.89,70.65,-45.73,0.6157365624646942,500,2026-09-28,
FA,First Advantage Corporation - Common Stock,,,18.61,3.52,3.95,28433072.0,-11.08,2.7,66.91,73.33,-26.0,0.6152184178542295,500,2026-09-28,
CMCO,Columbus McKinnon Corporation - Common Stock,,,16.37,4.31,5.4,7138779.0,-10.98,13.99,17.27,85.9,-32.15,0.6147857886740478,500,2026-09-28,
AI,"C3.ai, Inc. Class A Common Stock",,,10.41,4.53,4.37,56777964.0,0.77,17.36,34.15,43.81,-48.52,0.6145333816228171,500,2026-09-28,
VSAT,"ViaSat, Inc. - Common Stock",,,71.65,5.25,5.43,124223906.0,-1.48,-6.57,53.82,59.27,-22.98,0.6143073468532315,500,2026-09-28,
PPIH,"Perma-Pipe International Holdings, Inc. - Common Stock",,,31.88,3.53,3.55,2894130.0,17.12,16.69,8.66,39.3,-13.18,0.6142588489073019,500,2026-09-28,
STVN,Stevanato Group S.p.A. Ordinary Shares,,,21.41,4.15,4.4,6840716.0,-3.99,23.33,59.99,42.93,-23.23,0.6140024507570009,500,2026-09-28,
AMN,AMN Healthcare Services Inc,,,34.26,3.52,3.19,19926412.0,-2.34,5.81,81.17,45.73,-7.95,0.6127200044596024,500,2026-09-28,
CRWV,"CoreWeave, Inc. - Class A Common Stock",,,85.07,5.31,5.59,2517461246.0,-1.99,-10.93,13.71,94.04,-44.47,0.6123529743581345,377,2026-09-28,
ZTG,Zenta Group Company Limited - Class A Ordinary Shares,,,1.135,30.71,37.41,15202304.0,19.6,-34.01,-18.93,807.41,-90.73,0.6121766077220728,265,2026-09-28,
OLLI,"Ollie's Bargain Outlet Holdings, Inc. - Common Stock",,,85.53,4.65,3.92,163465790.0,19.61,18.25,-4.16,42.38,-36.55,0.6121270820886316,500,2026-09-28,
BLTE,"Belite Bio, Inc - American Depositary Shares",,,165.93,4.42,3.92,37233681.0,5.68,7.29,9.11,52.75,-17.04,0.6120113346795786,500,2026-09-28,
REPX,"Riley Exploration Permian, Inc. Common Stock",,,40.12,3.54,3.91,17443992.0,4.81,22.14,10.5,44.92,-11.45,0.6118125907518187,500,2026-09-28,
RHI,Robert Half Inc. Common Stock,,,36.76,3.82,3.65,73033681.0,-18.26,15.03,53.28,94.84,-20.24,0.6117728226528966,500,2026-09-28,
ROIV,Roivant Sciences Ltd. - Common Shares,,,36.98,3.7,3.56,410999008.0,-1.6,6.48,39.44,52.19,-12.99,0.61176168210768,500,2026-09-28,
PDFS,"PDF Solutions, Inc. - Common Stock",,,49.75,4.69,4.89,27102322.0,7.8,-24.53,48.69,67.27,-30.6,0.6117150547854298,500,2026-09-28,
WEST,Westrock Coffee Company - Common Stock,,,8.25,3.71,3.37,2403523.0,2.36,0.73,111.0,40.36,-19.04,0.6110544955088352,500,2026-09-28,
CADL,"Candel Therapeutics, Inc. - Common Stock",,,11.19,6.3,7.04,13563603.0,-18.62,8.01,132.64,85.92,-20.07,0.6105420326223902,500,2026-09-28,
MARA,"MARA Holdings, Inc. - Common Stock",,,12.11,6.66,6.93,544946382.0,2.02,-13.68,51.0,61.06,-48.36,0.6104220330599649,500,2026-09-28,
NXDR,"Nextdoor Holdings, Inc. Class A Common Stock",,,2.42,4.39,4.64,5956944.0,4.31,6.14,77.94,36.87,-34.95,0.6099094510448088,500,2026-09-28,
MRAM,"Everspin Technologies, Inc. - Common Stock",,,18.13,5.37,5.82,14153858.0,3.84,-19.53,105.32,56.57,-64.8,0.6094476875569166,500,2026-09-28,
GENB,"Generate Biomedicines, Inc. - Common Stock",,,14.91,5.83,6.4,19938474.0,-5.45,-11.83,30.33,90.82,-34.23,0.609119471480151,147,2026-09-28,
PRGS,Progress Software Corporation - Common Stock,,,39.41,4.17,4.47,23049752.0,-12.85,16.46,42.43,70.25,-16.8,0.609058408510444,500,2026-09-28,
CEVA,"CEVA, Inc. - Common Stock",,,34.69,4.71,4.83,19078590.0,22.06,-19.38,90.4,44.44,-32.77,0.6086425411211785,500,2026-09-28,
SMMT,Summit Therapeutics Inc.  - Common Stock,,,15.48,5.59,6.14,102984659.0,8.03,8.1,-6.63,56.01,-47.04,0.6081400338383616,500,2026-09-28,
CLF,Cleveland-Cliffs Inc. Common Stock,,,11.22,4.5,5.32,165628703.0,-5.16,19.62,38.35,49.55,-32.81,0.6080126763937155,500,2026-09-28,
RXRX,"Recursion Pharmaceuticals, Inc. - Class A Common Stock",,,3.7,6.34,6.52,70695824.0,7.56,0.27,25.85,48.04,-48.47,0.6075928133355585,500,2026-09-28,
BHC,Bausch Health Companies Inc. Common Stock,,,5.77,4.21,3.97,14417017.0,-8.41,18.97,14.94,68.59,-27.88,0.606530624013027,500,2026-09-28,
HUCK,"Huckleberry.ai, Inc. - Class B Common Stock",,,3.31,4.57,4.97,5404349.0,-15.35,16.14,6.77,141.3,-80.54,0.6063442404071666,500,2026-09-28,
SANM,Sanmina Corporation - Common Stock,,,220.06,4.68,4.96,121445987.0,8.22,-8.46,68.11,43.16,-23.77,0.6046643840195488,500,2026-09-28,
EPAM,"EPAM Systems, Inc. Common Stock",,,107.55,3.84,4.46,131588339.0,-4.63,34.39,-20.45,73.15,-51.67,0.6039699637255216,500,2026-09-28,
PRE,Prenetics Global Limited - Class A Ordinary Share,,,22.76,5.96,6.54,4613122.0,-13.3,22.5,11.02,87.86,-16.45,0.6036785354147243,500,2026-09-28,
HGTY,"Hagerty, Inc. Class A Common Stock",,,13.53,3.71,3.38,8958624.0,1.58,15.05,30.22,41.98,-4.52,0.6022392425118225,500,2026-09-28,
WWW,"Wolverine World Wide, Inc. Common Stock",,,19.13,3.56,3.34,13823050.0,-3.19,17.79,22.72,50.32,-31.86,0.6021967706716407,500,2026-09-28,
MYGN,"Myriad Genetics, Inc. - Common Stock",,,4.24,6.98,6.53,7950879.0,33.33,-27.52,-0.93,81.64,-50.64,0.6014633001323235,500,2026-09-28,
HIVE,HIVE Digital Technologies Ltd - Common Shares,,,3.04,5.68,5.97,40664093.0,-0.65,-19.15,67.03,66.88,-61.22,0.6010405993979748,500,2026-09-28,
CLS,"Celestica, Inc. Common Stock",,,356.53,5.24,5.42,761913905.0,12.34,3.87,27.23,39.42,-24.79,0.6003322781255748,500,2026-09-28,
FTH,"Faeth Therapeutics, Inc.  - Common Stock",,,27.77,9.18,11.19,15519817.0,-17.69,19.6,0.33,290.94,-34.11,0.5997096140262556,500,2026-09-28,
VSH,"Vishay Intertechnology, Inc. Common Stock",,,32.23,4.3,4.9,107047809.0,1.87,-42.55,90.28,86.01,-53.46,0.5994088094868227,500,2026-09-28,
ENR,"Energizer Holdings, Inc. Common Stock",,,22.29,3.68,3.52,20119308.0,0.81,4.26,35.33,47.62,-9.26,0.5991222559479555,500,2026-09-28,
CLPT,ClearPoint Neuro Inc. - Common Stock,,,15.31,5.51,4.93,8396690.0,-3.95,-21.2,68.8,79.43,-49.14,0.598697227268332,500,2026-09-28,
DIOD,Diodes Incorporated - Common Stock,,,96.37,4.24,4.5,48515606.0,6.06,-7.26,41.3,48.12,-23.51,0.5986725350879909,500,2026-09-28,
AMBA,"Ambarella, Inc. - Ordinary Shares",,,68.68,6.46,6.53,137871510.0,-3.49,2.49,36.08,55.78,-28.97,0.5983094250314017,500,2026-09-28,
SKYQ,Sky Quarry Inc. - Common Stock,,,2.6,10.7,14.9,12699774.0,-3.35,-25.29,7.44,536.36,-86.63,0.5978320201944192,492,2026-09-28,
YARW,"Yarrow Bioscience, Inc. - Common Stock",,,24.0,11.08,11.26,4681335.0,-36.84,31.23,43.89,157.18,-45.79,0.597706404321701,500,2026-09-28,
NVA,Nova Minerals Corp Common Stock,,,5.34,7.03,7.26,3179152.0,-6.81,22.76,-4.64,70.79,-67.2,0.5974132944733702,500,2026-09-28,
CMCL,Caledonia Mining Corporation Plc Common Shares,,,23.3,3.84,4.41,4508351.0,-8.66,20.6,5.85,70.55,-39.17,0.5973198795978807,500,2026-09-28,
FENC,Fennec Pharmaceuticals Inc. - Common Stock,,,10.95,4.7,4.91,2500823.0,-6.97,-0.73,85.28,55.61,-17.36,0.596561872904976,500,2026-09-28,
KEEL,Keel Infrastructure Corp. - Common Stock,,,3.6,6.83,7.34,117417803.0,2.56,-37.72,84.62,79.32,-51.15,0.5963467924146935,500,2026-09-28,
RUSHB,"Rush Enterprises, Inc. - Class B Common Stock",,,55.09,3.82,3.53,12436939.0,7.34,9.67,30.97,36.78,-3.99,0.5962981491223354,500,2026-09-28,
GSM,Ferroglobe PLC - Ordinary Shares,,,3.99,4.45,4.4,5108080.0,-1.12,27.53,-6.51,54.22,-29.47,0.5954641408446855,500,2026-09-28,
ASAN,"Asana, Inc. Class A Common Stock",,,8.64,5.9,7.1,84760575.0,-15.04,23.43,40.03,69.24,-44.19,0.5954102507447225,500,2026-09-28,
SYRE,"Spyre Therapeutics, Inc. - Common Stock",,,85.79,4.47,4.18,114237876.0,-8.36,-4.85,81.34,62.31,-22.13,0.5942375604551574,500,2026-09-28,
OPY,"Oppenheimer Holdings, Inc. Class A Common Stock (DE)",,,119.8,4.14,4.11,14482630.0,-0.17,15.06,37.5,40.11,-4.83,0.5938803014409929,500,2026-09-28,
ADMA,ADMA Biologics Inc - Common Stock,,,10.12,3.83,3.91,27341449.0,6.75,20.91,9.41,38.93,-50.53,0.5926721561803496,500,2026-09-28,
APUS,"Apimeds Pharmaceuticals US, Inc. Common Stock",,,6.39,23.67,17.95,35542980.0,61.77,-30.92,-66.54,505.3,-89.3,0.5920723717135916,348,2026-09-28,
INVX,"Innovex International, Inc. Common Stock",,,28.86,3.68,3.61,25440339.0,-3.28,17.51,14.84,51.78,-14.39,0.5920536035100221,500,2026-09-28,
LBRX,LB Pharmaceuticals Inc - Common Stock,,,37.89,4.81,5.43,14107914.0,-20.88,16.08,58.93,90.22,-24.46,0.5917761890913518,263,2026-09-28,
SNAP,Snap Inc. Class A Common Stock,,,5.22,4.77,5.08,181043553.0,-2.06,18.1,32.82,42.15,-42.83,0.5912548714581569,500,2026-09-28,
ACRS,"Aclaris Therapeutics, Inc. - Common Stock",,,5.43,6.63,7.04,15146440.0,-11.85,8.17,54.26,62.0,-17.73,0.5910376516909333,500,2026-09-28,
MH,"McGraw Hill, Inc. Common Stock",,,12.5,4.09,4.72,7011143.0,-5.66,34.55,-4.29,58.51,-30.56,0.5903930349277046,297,2026-09-28,
IONQ,"IonQ, Inc. Common Stock",,,44.58,6.1,6.08,1006839962.0,4.99,-17.26,62.05,52.33,-47.33,0.5902415375982548,500,2026-09-28,
INO,"Inovio Pharmaceuticals, Inc. - Common Stock",,,1.17,7.08,6.9,3868341.0,-7.14,4.46,-27.33,158.93,-56.99,0.5902228129254967,500,2026-09-28,
GTN,"Gray Media, Inc. Common Stock",,,4.59,3.91,3.94,4633163.0,-2.59,18.72,4.0,54.08,-26.04,0.5895687821738524,500,2026-09-28,
WLTH,Wealthfront Corporation - Common Stock,,,10.0,5.07,5.58,38200296.0,6.27,10.5,13.51,42.23,-32.2,0.5878778254815584,197,2026-09-28,
GDDY,GoDaddy Inc. Class A Common Stock,,,93.71,5.01,5.74,268182111.0,-3.37,9.94,17.18,54.14,-34.23,0.587054521135348,500,2026-09-28,
ENTG,"Entegris, Inc. - Common Stock",,,150.63,3.71,4.21,292082931.0,3.66,-11.86,32.81,55.46,-19.36,0.5868056673420873,500,2026-09-28,
TER,"Teradyne, Inc. - Common Stock",,,401.3,4.26,4.84,902539608.0,7.9,-13.33,35.86,50.42,-17.72,0.586258031455591,500,2026-09-28,
WYFI,"WhiteFiber, Inc. - Ordinary Shares",,,18.83,6.68,6.71,27701321.0,-2.84,-47.76,74.68,115.14,-59.83,0.5862307134820838,287,2026-09-28,
WW,"WW International, Inc.  - Common Stock",,,15.03,8.41,8.82,3884080.0,-8.24,-8.35,5.66,121.15,-60.84,0.5860589954770844,315,2026-09-28,
PACS,"PACS Group, Inc. Common Stock",,,43.06,3.63,3.65,32585129.0,-2.67,7.81,40.76,45.26,-12.99,0.5860562767729244,500,2026-09-28,
WOLF,"Wolfspeed, Inc. Common Stock New",,,27.58,6.66,6.82,62966852.0,2.34,-37.66,78.63,76.08,-65.87,0.5857750292926585,251,2026-09-28,
IOT,Samsara Inc. Class A Common Stock,,,37.93,5.53,5.44,315297348.0,-9.41,18.16,27.5,56.83,-20.1,0.5856096145073664,500,2026-09-28,
IESC,"IES Holdings, Inc. - Common Stock",,,322.09,4.52,4.98,86822534.0,-3.47,-10.9,35.94,65.59,-21.11,0.5852410354976338,500,2026-09-28,
OSUR,"OraSure Technologies, Inc. - Common Stock",,,3.95,4.1,3.91,2121194.0,7.05,-12.22,31.67,51.16,-13.76,0.5852327885893341,500,2026-09-28,
ATEX,Anterix Inc. - Common Stock,,,81.75,5.09,5.17,25356787.0,-13.65,-16.79,113.78,96.97,-27.65,0.5849919942372497,500,2026-09-28,
FIGS,"FIGS, Inc. Class A Common Stock",,,13.62,4.88,5.04,35677816.0,-9.8,22.92,-7.35,78.63,-22.08,0.5844757475388254,500,2026-09-28,
TIC,"TIC Solutions, Inc. Common Stock",,,8.73,4.02,4.61,13010380.0,-11.01,6.85,32.88,67.08,-41.58,0.5843228785840614,405,2026-09-28,
DAVE,Dave Inc.  - Class A Common Stock,,,320.7,5.95,6.23,120674661.0,-14.25,-13.7,83.31,103.84,-30.02,0.583711075905278,500,2026-09-28,
HUT,Hut 8 Corp. - Common Stock,,,92.71,7.71,8.38,416427777.0,6.4,-21.61,95.57,48.46,-34.15,0.5821525441454497,500,2026-09-28,
IRWD,"Ironwood Pharmaceuticals, Inc. - Class A Common Stock",,,4.12,4.45,4.61,8764261.0,-2.83,-4.19,34.64,54.92,-28.72,0.5793641219048394,500,2026-09-28,
FWRD,Forward Air Corporation - Common Stock,,,15.27,5.49,5.19,9250290.0,-13.73,5.82,-5.97,154.58,-51.03,0.5793412990164013,500,2026-09-28,
HELE,Helen of Troy Limited - Common Stock,,,29.16,4.46,4.19,11483509.0,0.83,1.67,110.09,33.22,-4.95,0.5790381604734162,500,2026-09-28,
ONTO,Onto Innovation Inc. Common Stock,,,288.74,4.29,4.9,224745462.0,-1.33,-17.84,41.38,64.52,-25.29,0.5789849035417698,500,2026-09-28,
NX,Quanex Building Products Corporation Common Stock,,,19.38,4.9,4.5,11468737.0,-1.15,6.95,12.14,52.11,-16.61,0.5789350971385121,500,2026-09-28,
CHA,"Chagee Holdings Limited - American Depositary Shares, each representing 1 Class A ordinary share",,,11.45,4.0,3.45,16759613.0,10.63,-4.34,20.15,43.16,-30.8,0.5788874941463723,363,2026-09-28,
SVV,"Savers Value Village, Inc. Common Stock",,,9.35,3.9,4.02,11564996.0,-11.21,-4.98,31.14,82.07,-32.69,0.5782112556303409,500,2026-09-28,
APPF,"AppFolio, Inc. - Class A Common Stock",,,197.91,3.59,3.76,63900482.0,-14.71,26.4,27.13,65.95,-30.1,0.5774660440190709,500,2026-09-28,
GEO,Geo Group Inc (The) REIT,,,30.22,4.37,4.55,73887247.0,-7.3,2.58,80.85,48.72,-8.84,0.5768046988115643,500,2026-09-28,
SLNH,"Soluna Holdings, Inc. - Common Stock",,,1.18,5.99,6.05,8672286.0,-0.84,-15.71,90.32,51.2,-77.04,0.5761541156636231,500,2026-09-28,
ARDT,"Ardent Health, Inc. Common Stock",,,10.47,3.52,3.84,4758843.0,-4.73,5.44,21.89,54.22,-32.36,0.5759251914874695,500,2026-09-28,
IMMX,"Immix Biopharma, Inc. - Common Stock",,,11.47,6.68,7.46,17967800.0,-19.85,9.34,40.74,97.39,-24.04,0.5755668851225053,500,2026-09-28,
MLKN,"MillerKnoll, Inc. - Common Stock",,,20.28,4.15,4.37,15911140.0,-12.97,-0.08,37.68,78.41,-17.27,0.5750783519090874,500,2026-09-28,
BTCT,BTC Digital Ltd. - Ordinary Shares,,,1.12,13.56,18.11,6707520.0,-46.67,64.71,2.75,539.53,-64.1,0.574023289496955,500,2026-09-28,
AUTL,Autolus Therapeutics plc - American Depositary Shares,,,1.86,4.83,5.15,3259460.0,-21.19,12.73,53.72,86.96,-27.91,0.5739640578243516,500,2026-09-28,
TSEM,Tower Semiconductor Ltd. - Ordinary Shares,,,226.04,4.81,5.52,428071652.0,2.82,-11.56,31.48,52.47,-29.35,0.5726876333501254,500,2026-09-28,
HBM,Hudbay Minerals Inc. Ordinary Shares (Canada),,,26.87,4.03,4.96,103469702.0,-11.47,13.5,38.01,56.45,-16.38,0.5725981822853452,500,2026-09-28,
UCTT,"Ultra Clean Holdings, Inc. - Common Stock",,,78.07,5.06,4.99,58228901.0,4.44,-40.27,32.61,84.35,-45.87,0.5722889696404329,500,2026-09-28,
WBTN,WEBTOON Entertainment Inc. - Common stock,,,10.95,4.68,4.56,4177390.0,9.94,-9.05,20.07,45.35,-45.39,0.5721581528411148,500,2026-09-28,
HIMS,"Hims & Hers Health, Inc. Class A Common Stock",,,28.78,5.01,5.31,268867929.0,-9.1,-13.81,48.5,78.51,-55.93,0.5715689999459415,500,2026-09-28,
WDC,Western Digital Corporation - Common Stock,,,453.23,5.15,5.49,2945895631.0,-1.87,-30.45,64.7,75.39,-43.32,0.5709979281621304,500,2026-09-28,
CXT,"Crane NXT, Co. Common Stock",,,47.5,3.51,4.09,27776448.0,-4.1,-2.99,16.37,61.78,-30.14,0.5704518455709271,500,2026-09-28,
ACMR,"ACM Research, Inc. - Class A Common Stock",,,75.95,5.55,6.31,78961419.0,-5.64,-36.11,89.54,90.26,-40.29,0.5703786692063466,500,2026-09-28,
CRCL,"Circle Internet Group, Inc. Class A Common Stock",,,85.8,6.69,7.43,1406758436.0,-8.96,12.95,-8.39,78.56,-46.2,0.5700848250791405,330,2026-09-28,
ATEC,"Alphatec Holdings, Inc. - Common Stock",,,10.05,4.53,5.01,23620042.0,5.02,5.79,-8.05,51.72,-56.85,0.5696569836614925,500,2026-09-28,
AMBQ,"Ambiq Micro, Inc. Common Stock",,,68.3,5.37,5.87,36930435.0,13.66,-19.69,187.34,33.2,-25.44,0.5681028101271157,293,2026-09-28,
WIX,Wix.com Ltd. - Ordinary Shares,,,69.6,6.76,7.26,114655817.0,-18.84,50.91,-20.13,141.04,-61.57,0.5677394294326565,500,2026-09-28,
WOR,"Worthington Enterprises, Inc. Common Shares",,,60.87,4.55,4.99,30550807.0,5.71,13.62,20.88,32.03,-9.88,0.5676364453515093,500,2026-09-28,
NVCT,"Nuvectis Pharma, Inc. - Common Stock",,,20.81,7.09,7.65,4609837.0,-17.39,-27.06,178.21,217.52,-28.92,0.5665287699869384,500,2026-09-28,
ELE,Elemental Royalty Corporation - Common Stock,,,19.69,4.23,5.57,9816299.0,-11.94,20.72,13.51,62.3,-26.7,0.5665195353705343,500,2026-09-28,
FAC,Factorial Energy Inc. - Class A Common Stock,,,6.38,7.68,7.19,2524826.0,21.29,-35.56,-37.7,173.54,-74.81,0.5664682348446402,318,2026-09-28,
RGTI,"Rigetti Computing, Inc.  - Common stock",,,15.95,5.25,5.8,262792756.0,-2.98,-17.95,19.74,77.03,-72.57,0.5664199995720349,500,2026-09-28,
DGXX,Digi Power X Inc. - Common Subordinate Voting Shares,,,4.22,6.53,6.61,9331211.0,4.71,-21.71,104.85,45.41,-54.13,0.5664158723184052,500,2026-09-28,
FDS,FactSet Research Systems Inc. Common Stock,,,267.67,3.92,4.42,240068990.0,-11.76,15.01,36.13,54.69,-16.48,0.5662518409616225,500,2026-09-28,
ASTL,Algoma Steel Group Inc. - Common Shares,,,4.35,4.53,4.03,3251387.0,1.4,8.48,9.85,44.65,-26.27,0.5660258033718044,500,2026-09-28,
EGO,Eldorado Gold Corporation Ordinary Shares,,,39.44,3.63,5.34,136023597.0,-17.75,26.95,17.14,78.55,-22.48,0.5658405788292877,500,2026-09-28,
KE,"Kimball Electronics, Inc. - Common Stock",,,27.53,3.75,3.87,4867945.0,14.28,10.56,13.81,29.81,-13.97,0.5651815174878659,500,2026-09-28,
TLSI,"TriSalus Life Sciences, Inc. - Common Stock",,,4.39,7.5,8.13,2176684.0,-10.95,-7.38,14.03,95.7,-44.78,0.5651154332247036,500,2026-09-28,
AQST,"Aquestive Therapeutics, Inc. - Common Stock",,,4.75,5.08,5.44,11262854.0,-7.95,14.18,18.16,54.07,-37.09,0.5650442531408298,500,2026-09-28,
HIMX,"Himax Technologies, Inc. - American depositary shares, each of which represents two ordinary shares.",,,13.96,3.62,4.79,13438552.0,-0.78,-2.5,75.6,38.28,-43.38,0.5648560008436715,500,2026-09-28,
BIAF,"bioAffinity Technologies, Inc. - Common Stock",,,7.41,26.25,24.85,90054459.0,46.44,-38.56,-87.65,346.27,-93.22,0.5646669780746536,500,2026-09-28,
SHAZ,"SharonAI Holdings, Inc. - Class A Common Stock",,,52.91,7.83,8.82,83471154.0,-10.64,-34.68,130.24,104.45,-45.72,0.5633924812554759,154,2026-09-28,
VEEA,Veea Inc. - Common Stock,,,2.86,24.92,42.92,70772677.0,43.0,-45.0,-71.57,562.69,-84.69,0.5630541172770049,500,2026-09-28,
TDW,Tidewater Inc. Common Stock,,,83.27,3.86,3.59,55522163.0,-10.5,25.03,1.06,61.98,-18.03,0.5630262030854501,500,2026-09-28,
AEHL,Antelope Enterprise Holdings Limited - Class A Ordinary Shares,,,8.23,30.17,30.25,31940798.0,61.69,-49.57,-55.66,463.42,-98.03,0.5629312653366203,500,2026-09-28,
PAYP,PayPay Corporation - American Depository Shares,,,16.0,4.46,4.61,13815820.0,5.26,9.89,-30.56,57.25,-35.72,0.5627813484341452,138,2026-09-28,
KLAC,KLA Corporation  - Common Stock,,,189.17,3.79,3.99,1719130328.0,2.94,-31.97,31.39,73.36,-38.39,0.561914602662254,500,2026-09-28,
BHVN,Biohaven Ltd. Common Shares ,,,13.27,7.34,7.87,44383801.0,-17.68,-11.24,58.54,117.66,-28.53,0.5618912164845942,500,2026-09-28,
VPG,"Vishay Precision Group, Inc. Common Stock",,,70.88,4.71,5.02,21634000.0,7.04,-50.12,70.59,62.98,-53.3,0.5603365119631036,500,2026-09-28,
DJT,Trump Media & Technology Group Corp. - Common Stock,,,9.12,3.97,3.65,27487033.0,-6.65,21.76,7.67,51.58,-49.25,0.5602941159819542,500,2026-09-28,
PSKY,Paramount Skydance Corporation - Class B Common Stock,,,10.28,5.15,5.47,232628074.0,-4.37,5.17,18.06,51.48,-47.88,0.5599016590034577,500,2026-09-28,
FLY,Firefly Aerospace Inc. - Common Stock,,,24.11,6.49,6.77,63839989.0,8.8,-17.01,1.71,59.23,-61.22,0.5593268811468548,287,2026-09-28,
INBX,"Inhibrx Biosciences, Inc. - Common Stock",,,101.71,7.35,7.0,40112816.0,-17.93,6.5,74.19,69.03,-34.5,0.5592622351500568,500,2026-09-28,
ACHC,"Acadia Healthcare Company, Inc. - Common Stock",,,27.91,4.41,4.7,41772533.0,-7.64,0.79,21.82,59.74,-22.1,0.5589750309208728,500,2026-09-28,
FIVE,"Five Below, Inc. - Common Stock",,,228.0,4.54,4.22,311914514.0,-7.68,27.92,2.83,52.44,-13.6,0.5588315995870287,500,2026-09-28,
CMPS,COMPASS Pathways Plc - American Depository Shares,,,13.23,5.83,6.88,39869413.0,-9.63,-12.21,146.37,56.35,-16.64,0.5583864477126705,500,2026-09-28,
VZLA,Vizsla Silver Corp. Common Shares,,,3.82,4.56,5.73,18796105.0,-8.17,16.82,21.27,49.65,-46.87,0.5577870467453103,500,2026-09-28,
AGIO,"Agios Pharmaceuticals, Inc. - Common Stock",,,33.42,4.05,4.3,31782738.0,-2.51,-12.15,13.56,66.75,-27.35,0.5576258194047219,500,2026-09-28,
CNXC,Concentrix Corporation - Common Stock,,,25.45,7.39,7.82,54739772.0,-9.53,2.55,-0.73,79.94,-48.17,0.5570868775117213,500,2026-09-28,
M,Macy's Inc Common Stock,,,23.01,3.95,4.14,150785754.0,3.1,-5.12,30.35,42.74,-12.72,0.556808690401564,500,2026-09-28,
JACK,Jack In The Box Inc. - Common Stock,,,13.7,5.5,4.89,8073547.0,-13.84,-17.47,41.24,115.42,-42.58,0.5565898585580895,500,2026-09-28,
NVCR,NovoCure Limited - Ordinary Shares,,,15.83,4.36,4.36,17421327.0,-12.01,2.26,44.3,59.72,-26.2,0.5559250929569011,500,2026-09-28,
WS,"Worthington Steel, Inc. Common Shares",,,36.87,3.96,3.68,10548486.0,7.96,5.38,32.35,25.67,-23.99,0.5555417166571162,500,2026-09-28,
IQ,"iQIYI, Inc. - American Depositary Shares",,,1.03,6.33,5.81,9554161.0,11.47,1.98,-14.17,46.32,-61.85,0.5533188385445559,500,2026-09-28,
GRDN,"Guardian Pharmacy Services, Inc. Class A Common Stock",,,40.74,4.63,4.8,31978988.0,9.13,0.74,19.26,34.62,-15.7,0.5532261883698946,500,2026-09-28,
FTFT,Future FinTech Group Inc. - Common Stock,,,4.19,42.49,44.63,80136544.0,80.6,-64.61,-78.18,698.36,-97.29,0.5528114302720915,500,2026-09-28,
GCO,Genesco Inc. Common Stock,,,34.89,4.08,3.44,7917209.0,5.79,0.26,24.74,36.04,-19.98,0.5526974651977717,500,2026-09-28,
ABTC,American Bitcoin Corp. - Class A Common Stock,,,8.84,8.37,8.11,15853206.0,0.91,-17.58,-31.47,124.57,-92.14,0.5522454079579479,500,2026-09-28,
MAGN,Magnera Corporation Common Stock,,,11.91,3.51,3.21,4522050.0,-3.41,0.51,33.97,44.59,-23.26,0.5501193316112407,500,2026-09-28,
CLSK,"CleanSpark, Inc. - Common Stock",,,13.34,6.47,6.63,227970658.0,3.01,-13.21,54.04,41.74,-43.5,0.5496326419420474,500,2026-09-28,
LRCX,Lam Research Corporation - Common Stock,,,314.47,3.85,4.43,2752066838.0,-1.19,-23.39,49.01,58.12,-28.21,0.5478565366324923,500,2026-09-28,
RIOT,"Riot Platforms, Inc. - Common Stock",,,21.62,6.34,6.46,353280882.0,3.54,-22.09,68.91,46.0,-28.69,0.5474317281399123,500,2026-09-28,
VECO,Veeco Instruments Inc. - Common Stock,,,49.07,4.64,4.71,28166030.0,4.52,-29.37,39.13,58.2,-43.36,0.5473952212743268,500,2026-09-28,
EBS,Emergent BioSolutions Inc. Common Stock,,,6.86,5.42,5.11,7483391.0,15.49,-18.91,-13.49,61.7,-51.21,0.5470570024856046,500,2026-09-28,
VIAV,Viavi Solutions Inc. - Common Stock,,,40.87,5.62,5.48,196503439.0,6.29,-13.79,17.98,48.55,-32.37,0.5467852001729918,500,2026-09-28,
QURE,uniQure N.V. - Ordinary Shares,,,39.11,5.12,5.32,61440984.0,-21.09,-17.47,164.79,115.5,-45.3,0.5463119933304719,500,2026-09-28,
LB,LandBridge Company LLC Class A Shares Representing Limited Liability Company Interests,,,80.72,3.58,3.81,18728127.0,-9.53,15.72,12.41,53.87,-11.84,0.5457859499015187,500,2026-09-28,
ICHR,Ichor Holdings - Ordinary Shares,,,59.42,4.59,4.79,37999039.0,0.56,-43.66,31.37,81.9,-47.68,0.5439808191765652,500,2026-09-28,
ZIP,"ZipRecruiter, Inc. Class A Common Stock",,,3.48,6.14,6.1,3252631.0,-18.88,-10.08,102.33,84.31,-37.97,0.5435134852332719,500,2026-09-28,
JANX,"Janux Therapeutics, Inc. - Common Stock",,,16.58,4.5,4.93,18113012.0,-11.71,8.19,25.8,56.41,-53.08,0.542696308390614,500,2026-09-28,
STTK,"Shattuck Labs, Inc. - Common Stock",,,6.43,5.48,5.46,7819326.0,-15.95,-6.13,6.81,144.74,-22.81,0.5421167001285168,500,2026-09-28,
BILL,"BILL Holdings, Inc. Common Stock",,,41.6,3.53,4.3,87093176.0,-14.88,15.78,12.43,67.46,-27.29,0.5419348282679879,500,2026-09-28,
TNGX,"Tango Therapeutics, Inc. - Common Stock",,,24.3,6.19,6.7,68569270.0,-3.88,-25.37,26.17,77.01,-29.34,0.5409459154544048,500,2026-09-28,
TSSI,"TSS, Inc. - Common Stock",,,9.72,5.64,5.7,8872809.0,15.3,-19.0,-16.92,62.09,-55.35,0.540785784583666,500,2026-09-28,
INLF,INLIF LIMITED - Class A Ordinary shares,,,5.23,11.43,11.19,14393619.0,28.19,-60.38,-99.49,873.82,-99.88,0.5407114600710863,435,2026-09-28,
LMRI,"Lumexa Imaging Holdings, Inc. - Common Stock",,,10.145,4.63,5.06,4148728.0,-13.51,-11.63,30.23,86.78,-47.84,0.5403702623334132,199,2026-09-28,
ACHR,Archer Aviation Inc. Class A Common Stock,,,5.2,4.61,5.45,131458274.0,-12.31,11.11,2.16,69.53,-64.43,0.5403587874600755,500,2026-09-28,
SVCO,"Silvaco Group, Inc. - Common Stock",,,8.15,5.75,5.58,2765203.0,12.57,-34.27,18.12,59.71,-43.36,0.54023974453097,500,2026-09-28,
NCNO,"nCino, Inc. - Common Stock",,,18.6,3.93,4.61,49052166.0,-20.24,17.72,32.76,70.25,-34.33,0.5394598434589615,500,2026-09-28,
FPS,"Forgent Power Solutions, Inc. Class A Common Stock",,,36.59,6.15,7.44,361754093.0,15.72,-33.46,19.42,55.84,-44.56,0.5390037458704511,162,2026-09-28,
IBRX,"ImmunityBio, Inc. - Common Stock",,,8.52,6.03,6.93,86194780.0,1.43,-2.85,15.45,43.61,-31.46,0.5389868938320935,500,2026-09-28,
PVLA,"Palvella Therapeutics, Inc. - Common Stock",,,139.83,4.15,4.51,31954177.0,-6.98,-9.69,24.44,61.38,-13.35,0.5389218758779606,500,2026-09-28,
IE,Ivanhoe Electric Inc. Common Stock,,,10.64,6.73,6.49,23597131.0,-8.98,13.55,-2.12,59.26,-50.63,0.5384941502204128,500,2026-09-28,
AVO,"Mission Produce, Inc. - Common Stock",,,13.1,3.61,4.1,11310604.0,4.63,8.62,-6.03,41.21,-15.65,0.5382675369375726,500,2026-09-28,
WTI,"W&T Offshore, Inc. Common Stock",,,3.58,4.93,6.05,14516808.0,-2.19,12.17,6.43,42.29,-29.19,0.5366741233928151,500,2026-09-28,
PNRG,PrimeEnergy Resources Corporation - Common Stock,,,206.78,3.54,3.51,21824376.0,-1.76,21.25,-13.99,45.45,-25.86,0.5366030616542544,500,2026-09-28,
CAL,"Caleres, Inc. Common Stock",,,12.53,5.29,5.52,7600763.0,0.51,-1.22,21.35,41.0,-16.03,0.5363139816048517,500,2026-09-28,
WTTR,"Select Water Solutions, Inc. Class A common stock",,,20.18,3.97,4.28,35941695.0,3.28,3.15,30.25,30.2,-10.21,0.5361168207153926,500,2026-09-28,
DXC,DXC Technology Company Common Stock ,,,10.35,3.92,4.39,29344519.0,-5.91,16.82,-12.36,54.22,-33.99,0.5359216427627622,500,2026-09-28,
DAIC,"CID HoldCo, Inc. - Common Stock",,,3.26,22.26,26.49,36968038.0,-43.4,94.05,-25.06,1832.43,-96.01,0.5357625566053833,319,2026-09-28,
JHX,James Hardie Industries plc. Ordinary Shares,,,25.39,3.72,4.18,391557123.0,-14.71,-3.9,40.9,69.8,-19.22,0.5354759805046558,500,2026-09-28,
NAVI,Navient Corporation - Common Stock,,,8.86,3.79,4.02,14507250.0,-3.2,5.65,14.02,43.81,-30.44,0.535117142473633,500,2026-09-28,
HQ,Horizon Quantum Holdings Ltd. - Class A Ordinary Shares,,,14.27,14.63,13.77,6844244.0,-13.36,-39.28,46.96,361.54,-68.29,0.5348453582836256,132,2026-09-28,
SWIM,"Latham Group, Inc. - Common Stock",,,6.21,5.01,4.88,5742688.0,-11.03,-2.82,17.39,66.99,-30.74,0.5345942448312757,500,2026-09-28,
PGY,Pagaya Technologies Ltd. - Class A Ordinary Shares,,,17.0,5.57,7.32,49685419.0,-26.91,2.22,52.19,94.9,-52.14,0.5345157880513194,500,2026-09-28,
DXYZ,Destiny Tech100 Inc. Common Stock,,,29.86,4.34,4.36,26837049.0,-15.65,13.97,6.53,73.05,-59.02,0.5340443427312611,500,2026-09-28,
AIRJ,AirJoule Technologies Corporation - Class A Common Stock,,,4.04,4.39,4.82,3797714.0,-15.66,-12.17,37.41,92.2,-40.15,0.5338475280514585,500,2026-09-28,
VGNT,Versigent PLC Ordinary Shares,,,45.4,3.77,3.78,34999860.0,-6.26,15.54,50.74,31.08,-10.55,0.5334055960209134,127,2026-09-28,
TRNS,"Transcat, Inc. - Common Stock",,,85.95,3.57,3.92,8930796.0,-4.36,-5.84,20.51,51.75,-14.05,0.5333575785068182,500,2026-09-28,
EWTX,"Edgewise Therapeutics, Inc. - Common Stock",,,39.79,5.14,5.42,67313057.0,-9.96,-2.76,29.02,57.3,-17.98,0.5325943058652859,500,2026-09-28,
YPF,YPF Sociedad Anonima American Depositary Shares,,,51.37,3.54,3.89,73996686.0,1.76,13.52,13.73,31.46,-11.23,0.5325727132771761,500,2026-09-28,
FROG,JFrog Ltd. - Ordinary shares,,,88.81,5.83,5.5,166317196.0,-14.63,-1.42,104.94,53.83,-16.03,0.5325722685944004,500,2026-09-28,
MNTN,"MNTN, Inc. Class A Common Stock",,,10.19,4.78,5.3,8990667.0,-19.13,12.85,20.02,77.17,-46.25,0.5322835089808624,339,2026-09-28,
IART,Integra LifeSciences Holdings Corporation - Common Stock,,,16.27,4.01,4.11,14238197.0,-3.44,-13.18,76.85,43.19,-20.6,0.531998033658673,500,2026-09-28,
TWFG,"TWFG, Inc. - Common Stock",,,24.16,4.99,4.76,4968504.0,-17.43,0.21,37.82,74.86,-22.81,0.5319130900827624,500,2026-09-28,
HP,"Helmerich & Payne, Inc. Common Stock",,,37.47,3.94,3.96,54562444.0,-11.67,12.99,4.9,59.34,-22.21,0.531778433327947,500,2026-09-28,
ABVX,Abivax SA - American Depositary Shares,,,96.85,4.35,5.23,144075467.0,-15.27,0.73,-5.48,111.98,-34.93,0.5316492075314756,500,2026-09-28,
ZYME,Zymeworks Inc. - Common Stock,,,27.12,4.11,4.09,19659346.0,-6.51,12.53,12.16,45.63,-13.47,0.5311818862531156,500,2026-09-28,
ASO,"Academy Sports and Outdoors, Inc. - Common Stock",,,48.61,4.07,5.17,107368036.0,14.37,3.78,-8.61,35.36,-21.46,0.5310612431815211,500,2026-09-28,
EVC,Entravision Communications Corporation Common Stock,,,7.28,4.43,4.7,9201854.0,-9.45,-45.66,144.69,84.2,-46.69,0.5309582568024066,500,2026-09-28,
BULL,Webull Corporation - Class A Ordinary Shares,,,7.05,5.21,6.41,122097935.0,-26.33,4.44,46.27,89.76,-56.05,0.530832201913491,500,2026-09-28,
PMAX,Powell Max Limited - Class A Ordinary Shares,,,1.26,27.39,26.67,6018708.0,11.5,-43.5,-62.83,282.67,-97.58,0.5304227285919789,500,2026-09-28,
SHMD,SCHMID Group N.V. - Class A Ordinary Shares,,,4.375,9.8,8.94,5467403.0,28.68,-28.75,-26.47,73.04,-58.92,0.5297393408125941,500,2026-09-28,
LTH,"Life Time Group Holdings, Inc. Common Stock",,,39.59,3.59,3.88,138890075.0,-10.73,-4.14,52.62,52.22,-16.19,0.5293895383365625,500,2026-09-28,
JDZG,JIADE LIMITED - Class A Ordinary Shares,,,4.48,16.21,12.39,3141773.0,25.49,-91.04,-74.25,298.08,-99.56,0.5288917784190597,500,2026-09-28,
KOS,Kosmos Energy Ltd. Common Shares (DE),,,2.58,4.96,6.28,35443688.0,-10.1,24.04,-11.34,57.5,-22.75,0.5286340793059373,500,2026-09-28,
NGVC,"Natural Grocers by Vitamin Cottage, Inc. Common Stock",,,30.7,3.74,3.53,4458355.0,12.7,-1.89,19.48,25.37,-23.75,0.5284629804464317,500,2026-09-28,
CRML,Critical Metals Corp. - Ordinary Shares,,,7.65,7.36,9.48,80522190.0,-4.85,-25.51,8.66,88.47,-76.21,0.5284381297585771,500,2026-09-28,
FLYW,Flywire Corporation - Voting Common Stock,,,17.3,3.55,2.98,24906151.0,-7.49,-1.7,52.29,43.6,-12.32,0.5274736662719783,500,2026-09-28,
NESR,National Energy Services Reunited Corp - Ordinary Shares,,,29.81,3.99,4.71,55334040.0,-14.9,4.63,38.59,57.8,-19.3,0.5270025327442942,500,2026-09-28,
HPK,"HighPeak Energy, Inc. - Common Stock",,,7.59,5.61,6.65,4294670.0,-5.12,13.28,6.9,43.54,-16.86,0.5265130760875152,500,2026-09-28,
MPWR,"Monolithic Power Systems, Inc. - Common Stock",,,1351.2,3.62,4.08,930027599.0,3.06,3.08,28.77,27.39,-21.05,0.5260489645993612,500,2026-09-28,
MNTS,Momentus Inc. - Class A Common Stock,,,4.03,4.98,5.31,2404764.0,-5.62,-44.79,3.87,306.59,-88.31,0.5257434713188922,500,2026-09-28,
PTEN,"Patterson-UTI Energy, Inc. - Common Stock",,,10.85,3.9,4.35,102150878.0,-10.8,14.52,-2.86,58.79,-18.97,0.5250614441972506,500,2026-09-28,
INSM,Insmed Incorporated - Common Stock,,,117.67,4.06,4.47,260992945.0,-3.06,12.34,-19.02,52.34,-44.69,0.5246910479654641,500,2026-09-28,
FUBO,FuboTV Inc. Class A Common Stock,,,9.45,6.08,6.55,13284704.0,-6.44,-0.11,1.83,57.55,-82.06,0.5244180667434267,500,2026-09-28,
BNED,"Barnes & Noble Education, Inc Common Stock",,,11.18,4.27,4.4,3256585.0,-8.59,-17.03,29.02,68.19,-23.72,0.5242714876906052,500,2026-09-28,
AIRO,"AIRO Group Holdings, Inc. - Common Stock",,,6.97,5.11,5.46,2957609.0,-13.2,1.6,-18.76,106.3,-68.98,0.5242354119811246,324,2026-09-28,
IAUX,i-80 Gold Corp. Common Shares,,,1.65,4.2,5.17,14143591.0,-14.06,14.58,15.38,57.09,-26.34,0.5233603364435464,500,2026-09-28,
DAR,Darling Ingredients Inc. Common Stock,,,60.59,3.84,3.72,156376022.0,-1.3,14.0,2.21,37.51,-13.42,0.5230500755077568,500,2026-09-28,
AGCO,AGCO Corporation Common Stock,,,117.61,3.88,3.49,153575187.0,6.05,-1.1,4.17,37.62,-17.57,0.5229208027335231,500,2026-09-28,
DCO,Ducommun Incorporated Common Stock,,,169.04,3.84,4.09,42702778.0,-8.1,-8.34,39.96,51.95,-19.65,0.5227356529010554,500,2026-09-28,
CDTG,CDT Environmental Technology Investment Holdings Limited - ordinary shares,,,1.2,14.13,11.69,7883142.0,6.19,-39.7,-86.05,1061.64,-93.76,0.5227014510010721,500,2026-09-28,
VIR,"Vir Biotechnology, Inc. - Common Stock",,,10.51,4.85,4.98,24388882.0,-7.07,1.25,25.12,46.32,-11.98,0.5219485279600976,500,2026-09-28,
VOR,Vor Biopharma Inc. - Common Stock,,,18.31,6.04,7.32,27621006.0,-22.18,-1.56,26.45,106.68,-63.34,0.5216942526876079,500,2026-09-28,
QUBT,Quantum Computing Inc. - Common Stock,,,8.57,4.14,4.69,59261651.0,-0.92,-13.61,28.68,45.78,-66.83,0.5199434524628175,500,2026-09-28,
FCEL,"FuelCell Energy, Inc. - Common Stock",,,16.14,7.39,7.3,112205507.0,-16.46,-45.84,147.17,151.53,-57.39,0.5186471096263012,500,2026-09-28,
ATLC,Atlanticus Holdings Corporation - Common Stock,,,87.1,3.64,3.66,11493181.0,-6.37,-16.47,65.28,49.8,-23.82,0.5177393311423302,500,2026-09-28,
MNPR,Monopar Therapeutics Inc. - Common Stock,,,83.72,5.01,5.88,15050888.0,-26.52,-11.46,54.75,126.95,-32.93,0.517509984636355,500,2026-09-28,
RMBS,"Rambus, Inc. - Common Stock",,,102.12,4.55,5.35,251327095.0,12.08,-17.58,13.81,41.28,-41.34,0.5172236013559703,500,2026-09-28,
COHR,Coherent Corp. Common Stock,,,282.45,5.74,6.75,1850432406.0,-4.38,-27.8,16.01,77.35,-35.81,0.5167707481838543,500,2026-09-28,
CIFR,Cipher Digital Inc. - Common Stock,,,16.74,8.08,8.69,577751709.0,-0.18,-32.58,21.79,66.4,-44.46,0.5161296246964278,500,2026-09-28,
TANH,Tantech Holdings Ltd. - Class A Common Shares,,,17.5,27.07,18.87,2960473.0,-6.17,-15.66,-51.39,197.41,-82.14,0.5158921447442858,500,2026-09-28,
SLS,"SELLAS Life Sciences Group, Inc.  - Common Stock",,,11.59,7.28,7.46,80055439.0,-23.8,-24.98,165.22,128.16,-27.02,0.5144518538968802,500,2026-09-28,
ANGI,Angi Inc. - Class A Common Stock,,,5.56,6.39,5.62,4455887.0,19.06,-5.76,-14.2,38.64,-67.24,0.51405250205045,500,2026-09-28,
LAD,"Lithia Motors, Inc. Common Stock",,,303.07,3.5,4.08,96727090.0,-18.32,4.21,21.47,72.63,-30.91,0.5136253290017988,500,2026-09-28,
GRRR,Gorilla Technology Group Inc. - Ordinary shares,,,13.71,4.98,4.91,8371407.0,-12.45,-27.0,44.7,87.77,-41.63,0.513426277381447,500,2026-09-28,
OPTU,"Optimum Communications, Inc. Class A common stock",,,1.01,8.01,8.01,2141907.0,-0.98,-33.55,-27.86,205.32,-63.14,0.5126165145384146,500,2026-09-28,
NUVB,Nuvation Bio Inc. Class A Common Stock,,,5.6,4.62,5.38,29118207.0,-19.89,-0.18,31.76,78.98,-42.56,0.5125156697342085,500,2026-09-28,
STI,"Solidion Technology, Inc. - Common Stock",,,6.68,7.14,8.02,2748874.0,-13.58,-30.49,11.33,931.39,-85.48,0.5118173387438513,500,2026-09-28,
GWRE,"Guidewire Software, Inc. Common Stock",,,145.18,4.49,4.44,264265308.0,-27.8,20.11,0.35,102.83,-43.26,0.5109367492077492,500,2026-09-28,
AVAV,"AeroVironment, Inc. - Common Stock",,,147.23,5.7,6.57,344057737.0,-3.32,5.92,-20.17,53.72,-64.77,0.5105276276841321,500,2026-09-28,
TDIC,Dreamland Limited - Class A Ordinary Shares,,,2.73,11.19,10.86,6851448.0,7.91,-53.73,-82.53,434.65,-99.72,0.5096087376928943,298,2026-09-28,
STAK,STAK Inc. - Class A Ordinary Shares,,,1.19,12.31,13.76,3830370.0,-9.85,-72.71,17.82,1277.73,-90.08,0.5094147866980946,399,2026-09-28,
AEO,"American Eagle Outfitters, Inc. Common Stock",,,17.31,4.09,4.54,126202641.0,3.71,2.17,8.86,32.6,-38.02,0.5094065192908824,500,2026-09-28,
SEZL,Sezzle Inc. - Common Stock,,,108.3,4.49,4.84,57568926.0,-13.91,-36.56,75.87,101.8,-44.66,0.509274975524403,500,2026-09-28,
RKLB,Rocket Lab Corporation - Common Stock,,,72.19,4.87,5.22,1325812269.0,6.9,-26.34,18.48,49.19,-52.19,0.5091596803709724,500,2026-09-28,
BTDR,Bitdeer Technologies Group - Ordinary Shares,,,11.03,6.98,7.64,119151479.0,-2.65,-30.45,31.78,61.82,-60.32,0.5091487060627957,500,2026-09-28,
NVTS,Navitas Semiconductor Corporation - Common Stock,,,11.73,4.96,5.72,128070047.0,-6.24,-33.88,41.67,71.28,-65.67,0.508226148150245,500,2026-09-28,
SGRY,"Surgery Partners, Inc. - Common Stock",,,14.69,5.64,5.46,37402197.0,5.46,-11.29,27.85,33.23,-37.33,0.5081759467055269,500,2026-09-28,
KLIC,"Kulicke and Soffa Industries, Inc. - Common Stock",,,91.68,3.78,4.09,61118077.0,8.56,-28.81,42.36,41.46,-32.31,0.5077339690551094,500,2026-09-28,
AGL,"agilon health, inc. Common Stock",,,79.53,6.68,7.51,19679563.0,-15.56,-30.93,703.33,78.46,-40.22,0.5076331837108057,500,2026-09-28,
VCYT,"Veracyte, Inc. - Common Stock",,,45.23,5.59,5.64,62168586.0,-0.04,-24.85,50.72,45.51,-25.74,0.5071860277478751,500,2026-09-28,
GTM,ZoomInfo Technologies Inc. - Common Stock,,,3.59,5.21,5.66,21026568.0,-12.01,22.95,-37.24,71.85,-70.84,0.50712023906075,500,2026-09-28,
CLYM,"Climb Bio, Inc. - Common Stock",,,11.74,8.07,8.13,26238862.0,-22.05,-12.13,67.24,88.77,-35.95,0.5070518954257444,500,2026-09-28,
EFXT,Enerflex Ltd Common Shares,,,23.63,3.76,3.32,11606579.0,13.61,-4.58,9.93,25.1,-18.73,0.5052162008224329,500,2026-09-28,
SUNB,"Sunbelt Rentals Holdings, Inc. Common Stock",,,74.89,4.06,3.92,602116079.0,2.08,4.22,16.4,26.85,-12.35,0.5051807809475819,146,2026-09-28,
RDWR,Radware Ltd. - Ordinary Shares,,,29.46,3.78,4.15,9418602.0,-0.37,-1.47,14.45,36.93,-10.16,0.5051490210033851,500,2026-09-28,
FNKO,"Funko, Inc. - Class A Common Stock",,,5.46,5.01,4.41,6464908.0,-18.99,-7.14,86.35,62.97,-25.71,0.5051243620913426,500,2026-09-28,
MEI,"Methode Electronics, Inc. Common Stock",,,14.06,7.02,5.87,11674204.0,-20.92,-27.36,154.6,105.24,-30.79,0.5046488607546391,500,2026-09-28,
DUOT,"Duos Technologies Group, Inc. - Common Stock",,,8.99,4.72,4.66,5832478.0,-12.72,-23.23,28.61,87.95,-41.16,0.5045315392902481,500,2026-09-28,
DSP,Viant Technology Inc. - common stock,,,12.24,5.58,7.49,6138259.0,-3.47,-6.64,13.86,45.53,-17.3,0.504004930535239,500,2026-09-28,
RYAN,"Ryan Specialty Holdings, Inc. Class A Common Stock",,,38.12,4.05,4.37,86191219.0,-12.37,-2.28,20.97,57.19,-34.77,0.5039596590397781,500,2026-09-28,
ALGM,"Allegro MicroSystems, Inc. - Common Stock",,,36.94,4.1,4.21,83171416.0,-1.73,-44.34,22.64,73.99,-48.53,0.5035200882228065,500,2026-09-28,
MLYS,"Mineralys Therapeutics, Inc. - Common Stock",,,25.63,6.03,5.88,41058667.0,-1.46,-4.65,8.23,43.45,-46.21,0.5032517753212327,500,2026-09-28,
VKTX,"Viking Therapeutics, Inc. - Common Stock",,,33.03,6.15,9.52,259965044.0,-2.45,-16.46,1.57,58.69,-23.45,0.502815384029194,500,2026-09-28,
ANRO,"Alto Neuroscience, Inc. Common Stock",,,26.66,6.15,7.29,18179242.0,-26.56,-5.02,30.05,109.39,-28.87,0.5028034555945707,500,2026-09-28,
IA,"Innovative Solutions and Support, Inc. - Common Stock",,,18.9,4.32,4.18,5139484.0,-10.72,4.65,-12.09,64.28,-38.91,0.5026042631453853,500,2026-09-28,
HSLV,Highlander Silver Corp. Common Shares,,,5.12,5.29,6.4,3805544.0,-10.65,7.34,-4.3,57.22,-26.54,0.5023138547664603,139,2026-09-28,
SI,"Shoulder Innovations, Inc. Common Stock",,,17.95,5.64,5.7,2211382.0,-15.61,-14.89,29.51,81.58,-27.02,0.5014029258738458,292,2026-09-28,
IMPP,Imperial Petroleum Inc. - Common Shares,,,4.99,4.42,4.79,3088381.0,-1.38,4.61,9.91,34.82,-24.05,0.501168089706909,500,2026-09-28,
RZLT,"Rezolute, Inc. - Common Stock (NV)",,,4.18,6.08,6.55,6115293.0,-16.06,-18.04,39.8,83.25,-63.52,0.5005761274423222,500,2026-09-28,
PEGA,Pegasystems Inc. - Common Stock,,,33.23,4.0,4.41,86029251.0,-7.41,9.52,-17.21,55.62,-50.97,0.5001623011963512,500,2026-09-28,
SRPT,"Sarepta Therapeutics, Inc. - Common Stock",,,18.8,6.41,6.81,63477009.0,-12.92,10.46,-5.86,60.9,-25.75,0.49946869524446724,500,2026-09-28,
OFRM,"Once Upon a Farm, PBC Common Stock",,,16.44,4.19,4.24,5671501.0,-3.18,-19.73,7.73,59.61,-39.11,0.49924190339912666,161,2026-09-28,
ASYS,"Amtech Systems, Inc. - Common Stock",,,15.85,4.47,4.53,4295437.0,0.13,-23.02,38.43,44.68,-38.35,0.49837768687966383,500,2026-09-28,
BKKT,"Bakkt, Inc. Class A Common Stock",,,8.0,7.5,8.97,10899575.0,-4.99,-3.38,9.29,45.9,-83.93,0.49837130163819393,500,2026-09-28,
CRESY,"Cresud S.A.C.I.F. y A. - American Depositary Shares, each representing ten shares of Common Stock",,,11.93,4.18,4.02,3752949.0,6.33,6.71,-1.32,25.63,-16.05,0.4980709288293576,500,2026-09-28,
OFIX,Orthofix Medical Inc.  - Common Stock,,,9.84,4.2,4.03,3584711.0,2.18,1.65,-14.43,42.15,-42.08,0.4973360529002756,500,2026-09-28,
ITRG,Integra Resources Corp. Common Shares,,,2.59,3.98,5.24,5167233.0,-11.9,16.67,1.17,49.75,-46.82,0.49731935022978935,500,2026-09-28,
QNST,"QuinStreet, Inc. - Common Stock",,,14.21,4.65,5.39,18736805.0,-24.81,-2.34,20.02,102.27,-36.25,0.4967527278067217,500,2026-09-28,
GPRE,"Green Plains, Inc. - Common Stock",,,14.8,4.16,3.66,24069125.0,5.41,-2.89,-12.37,40.16,-24.68,0.49670802226403526,500,2026-09-28,
PATH,"UiPath, Inc. Class A Common Stock",,,12.19,5.64,5.87,844634792.0,-33.5,14.14,14.03,90.78,-38.56,0.4959202414362214,500,2026-09-28,
SDRL,Seadrill Limited Common Shares,,,45.58,3.61,3.89,27153805.0,-5.79,17.84,0.37,36.89,-17.83,0.49515951489017285,500,2026-09-28,
QBTS,D-Wave Quantum Inc. - Common Stock,,,16.78,5.1,5.96,271193424.0,-6.26,-29.58,20.72,72.22,-64.11,0.4947052175500948,500,2026-09-28,
XPRO,Expro Ltd Ordinary Shares,,,16.32,4.23,4.0,14035094.0,-9.68,14.61,-8.88,51.06,-15.13,0.4946652143795685,500,2026-09-28,
DSGX,The Descartes Systems Group Inc. - Common Stock,,,78.85,3.94,3.89,64957563.0,-2.24,13.42,13.26,25.86,-19.83,0.49406364760419064,500,2026-09-28,
ARIS,Aris Mining Corporation Common Shares,,,17.5,3.93,5.57,29474473.0,-17.69,16.9,2.1,62.49,-24.86,0.4938167321463033,500,2026-09-28,
GENI,Genius Sports Limited Ordinary Shares,,,6.15,6.52,7.17,44467711.0,-22.74,-3.0,42.03,76.21,-54.53,0.4935090421135986,500,2026-09-28,
GOLD,"Gold.com, Inc. Common Stock",,,42.85,4.87,4.93,34455909.0,-4.41,6.92,12.07,35.34,-33.54,0.49270640957568973,500,2026-09-28,
PCVX,"Vaxcyte, Inc. - Common Stock",,,58.27,3.82,3.84,83619786.0,-4.72,0.95,9.61,41.24,-10.35,0.49242991711192446,500,2026-09-28,
ROCK,"Gibraltar Industries, Inc. - Common Stock",,,40.55,4.43,4.53,15810805.0,-11.56,-9.2,0.4,71.57,-45.99,0.492401549150178,500,2026-09-28,
AMPG,"Amplitech Group, Inc. - Common Stock",,,3.15,4.27,4.69,2532851.0,-15.78,-55.19,75.0,141.29,-68.84,0.49230118524784494,500,2026-09-28,
RELY,"Remitly Global, Inc. - Common stock",,,21.89,4.73,4.73,100393539.0,-15.76,-3.95,45.84,55.25,-20.34,0.4910106946549635,500,2026-09-28,
MITK,"Mitek Systems, Inc. - Common Stock",,,17.22,3.97,4.31,10965396.0,-10.36,-12.1,31.45,54.1,-18.19,0.49004752923261374,500,2026-09-28,
CRDO,Credo Technology Group Holding Ltd - Ordinary Shares,,,192.67,6.19,5.63,1769484982.0,-19.8,-21.58,102.3,80.18,-37.58,0.489663324698429,500,2026-09-28,
CCSI,"Consensus Cloud Solutions, Inc. - Common Stock",,,34.44,4.35,3.85,5752462.0,-13.58,-9.98,40.97,56.23,-16.81,0.48945696964201213,500,2026-09-28,
MSS,Maison Solutions Inc. - Class A Common Stock,,,1.66,11.57,15.64,10520842.0,6.07,-49.31,-77.41,151.61,-99.16,0.48912496014358603,500,2026-09-28,
REI,"Ring Energy, Inc. Common Stock",,,1.31,3.98,4.63,6063549.0,-10.88,19.09,-17.09,53.4,-34.5,0.48819955105428614,500,2026-09-28,
VG,"Venture Global, Inc. Class A common stock",,,12.89,4.36,5.57,218784270.0,-10.75,15.91,-26.17,58.87,-26.55,0.48646870272121706,421,2026-09-28,
EXPE,"Expedia Group, Inc. - Common Stock",,,264.23,4.38,4.57,672716071.0,-17.15,-0.25,17.43,66.09,-22.63,0.48619688040584397,500,2026-09-28,
WLY,"John Wiley & Sons, Inc. Common Stock",,,47.61,4.3,3.31,31120353.0,-11.9,1.65,28.61,45.01,-17.13,0.48595493926364985,500,2026-09-28,
PAHC,Phibro Animal Health Corporation - Class A Common Stock,,,35.7,3.73,3.55,9321147.0,-1.48,12.58,-33.25,44.96,-40.14,0.4855767465512572,500,2026-09-28,
KURA,"Kura Oncology, Inc. - Common Stock",,,10.61,4.17,4.86,21350971.0,-19.5,-3.28,37.08,65.67,-23.67,0.4851704345798462,500,2026-09-28,
EQX,Equinox Gold Corp. Common Shares,,,11.23,3.59,5.29,157393121.0,-16.51,15.65,-10.44,66.27,-40.52,0.48479315938310386,500,2026-09-28,
ARCB,ArcBest Corporation - Common Stock,,,127.07,3.68,3.62,32287677.0,-8.66,-12.77,37.68,48.11,-28.02,0.4846779106329437,500,2026-09-28,
THRM,Gentherm Inc - Common Stock,,,33.61,3.66,4.42,14562580.0,-16.77,-1.09,21.47,61.87,-30.49,0.4828010527251183,500,2026-09-28,
CTRN,"Citi Trends, Inc. - Common Stock",,,50.82,4.94,6.27,11223552.0,-25.99,-9.1,20.06,116.12,-34.77,0.48273928138089395,500,2026-09-28,
AGYS,"Agilysys, Inc. - Common Stock",,,97.1,3.63,4.09,22377812.0,-19.42,-6.09,37.98,66.88,-33.15,0.48252680524478775,500,2026-09-28,
POET,POET Technologies Inc. - Common Shares,,,7.41,4.9,5.65,63274384.0,-9.52,-24.77,42.77,59.24,-64.39,0.4821470232007975,500,2026-09-28,
HPP,"Hudson Pacific Properties, Inc. Common Stock",,,11.5,5.08,5.07,7824573.0,-15.25,-25.42,105.36,65.07,-42.76,0.48176230645493595,500,2026-09-28,
TMDX,"TransMedics Group, Inc. - Common Stock",,,82.73,4.99,5.06,64572537.0,-9.83,22.95,-16.48,47.2,-46.97,0.4810784916975686,500,2026-09-28,
ZVRA,"Zevra Therapeutics, Inc.  - Common Stock",,,11.3,3.68,3.67,10652082.0,-4.64,-19.34,23.36,50.2,-24.84,0.4807335701823107,500,2026-09-28,
EQPT,EquipmentShare.com Inc - Class A Common Stock,,,18.21,5.96,6.24,60712613.0,-0.49,-9.99,-9.18,48.61,-48.7,0.4805780695588962,171,2026-09-28,
BH,Biglari Holdings Inc. Class B Common Stock,,,342.06,4.74,4.31,58890155.0,-9.78,-21.78,11.86,72.16,-29.27,0.480168394486305,500,2026-09-28,
LOVE,The Lovesac Company - Common Stock,,,15.42,5.34,5.43,4948191.0,-4.04,-8.0,13.97,41.72,-19.88,0.479844331045262,500,2026-09-28,
RLGT,"Radiant Logistics, Inc. Common Stock",,,8.75,3.78,4.78,3770370.0,0.46,-6.72,27.74,26.71,-14.22,0.47957385364133376,500,2026-09-28,
CARS,Cars.com Inc. Common Stock ,,,10.42,3.63,4.05,6737748.0,-11.47,-6.46,30.9,48.06,-23.89,0.4794148800582366,500,2026-09-28,
GORO,Goldgroup Mining Inc. Common Shares,,,3.36,6.57,6.25,5706705.0,-11.35,-25.66,-9.68,126.74,-48.78,0.47800737757371103,500,2026-09-28,
VOXR,Vox Royalty Corp. - common stock,,,5.11,3.73,4.66,2236497.0,-11.28,7.47,6.24,45.99,-23.49,0.47769304584116884,500,2026-09-28,
RBLX,Roblox Corporation Class A Common Stock,,,41.86,5.14,6.39,531262802.0,9.72,-22.97,-19.98,53.36,-70.52,0.4776177953000148,500,2026-09-28,
MTSI,"MACOM Technology Solutions Holdings, Inc. - Common Stock",,,278.56,4.29,5.07,354800809.0,0.51,-25.24,23.56,45.16,-33.5,0.47697106673099887,500,2026-09-28,
MOVE,"Corvex, Inc. - Common Stock",,,11.24,12.79,9.25,7058405.0,0.72,-45.28,-16.77,92.49,-57.93,0.4768683168074914,500,2026-09-28,
ATI,ATI Inc. Common Stock,,,180.67,3.97,4.44,403844769.0,-15.78,-8.62,28.65,61.5,-25.82,0.4766707403776596,500,2026-09-28,
LZ,"LegalZoom.com, Inc. - Common Stock",,,5.45,4.35,4.66,16534246.0,-9.92,-10.8,-0.55,62.64,-56.05,0.47648926828509197,500,2026-09-28,
MGNX,"MacroGenics, Inc. - Common Stock",,,4.06,5.53,5.0,2241106.0,-0.49,-16.46,38.57,33.63,-20.08,0.47638345013138345,500,2026-09-28,
XZO,"Exzeo Group, Inc. Common Stock",,,15.09,4.17,4.85,5373825.0,-8.82,-11.44,9.91,55.5,-38.66,0.4755974270396078,224,2026-09-28,
SCYX,"SCYNEXIS, Inc. - Common Stock",,,4.62,7.94,8.93,2049995.0,-16.3,19.38,-28.97,72.52,-49.34,0.47537838104125374,500,2026-09-28,
TTMI,"TTM Technologies, Inc. - Common Stock",,,124.19,5.35,5.87,216568053.0,-0.43,-33.52,30.08,51.16,-44.52,0.47521164939016247,500,2026-09-28,
JLHL,Julong Holding Limited - Class A Ordinary Shares,,,5.92,5.84,4.46,4199194.0,-9.89,-63.25,-1.33,482.68,-89.78,0.47499519270474444,316,2026-09-28,
OGG,Osisko Gold Group Inc. Common Shares,,,2.78,4.37,4.67,3382205.0,-12.3,14.4,-5.12,49.08,-42.02,0.474798982677574,500,2026-09-28,
FCUV,Focus Universal Inc. - Common Stock,,,4.98,15.36,7.65,3109677.0,-52.25,31.4,-67.49,1184.92,-97.63,0.4745475575111897,500,2026-09-28,
OEC,Orion S.A. Common Shares,,,5.87,4.8,4.16,2404813.0,-6.38,-13.61,-2.5,58.16,-31.81,0.47453610744545294,500,2026-09-28,
GLW,Corning Incorporated Common Stock,,,151.59,4.12,5.09,1334027612.0,-0.61,-40.6,11.18,63.72,-44.12,0.474352319028013,500,2026-09-28,
SHLS,"Shoals Technologies Group, Inc. - Class A Common Stock",,,7.42,5.76,6.35,30924642.0,0.0,-20.13,12.08,45.64,-43.7,0.47426683723161434,500,2026-09-28,
KROS,"Keros Therapeutics, Inc. - common stock",,,11.28,3.97,4.35,2081711.0,0.45,3.2,6.31,25.75,-49.98,0.47412953883288167,500,2026-09-28,
AIP,"Arteris, Inc.  - Common Stock",,,23.12,4.93,5.52,16108974.0,-2.08,-51.18,40.04,57.44,-54.0,0.4736593648109764,500,2026-09-28,
